http_url | s3_url | filename | format | size | modified_date | fixity
---------------------------------------------------------------------
https://data.archive.sigma2.no/dataset/5686d8fa-2003-4837-8e66-8e887fabe21e/download/RESECT/.DS_Store | s3://archive-ro/5686d8fa-2003-4837-8e66-8e887fabe21e/RESECT/.DS_Store | RESECT/.DS_Store |  data | 6148 | 2017-05-24 | 1486482f7af7cf6a85d768a0ca768693
https://data.archive.sigma2.no/dataset/5686d8fa-2003-4837-8e66-8e887fabe21e/download/RESECT/MINC/.DS_Store | s3://archive-ro/5686d8fa-2003-4837-8e66-8e887fabe21e/RESECT/MINC/.DS_Store | RESECT/MINC/.DS_Store |  data | 10244 | 2017-05-24 | 8a49618fa78cc1b81832d0b4e77f6ac3
https://data.archive.sigma2.no/dataset/5686d8fa-2003-4837-8e66-8e887fabe21e/download/RESECT/MINC/Case1/.DS_Store | s3://archive-ro/5686d8fa-2003-4837-8e66-8e887fabe21e/RESECT/MINC/Case1/.DS_Store | RESECT/MINC/Case1/.DS_Store |  data | 6148 | 2017-05-24 | 67d0c14cac7d09eaadd89e1844bf4ef5
https://data.archive.sigma2.no/dataset/5686d8fa-2003-4837-8e66-8e887fabe21e/download/RESECT/MINC/Case1/landmarks/Case1-beforeUS-afterUS.tag | s3://archive-ro/5686d8fa-2003-4837-8e66-8e887fabe21e/RESECT/MINC/Case1/landmarks/Case1-beforeUS-afterUS.tag | RESECT/MINC/Case1/landmarks/Case1-beforeUS-afterUS.tag |  ASCII text | 937 | 2017-05-24 | d834422e864d708efe22c0817a9d8267
https://data.archive.sigma2.no/dataset/5686d8fa-2003-4837-8e66-8e887fabe21e/download/RESECT/MINC/Case5/MRI/Case5-T1.mnc.gz | s3://archive-ro/5686d8fa-2003-4837-8e66-8e887fabe21e/RESECT/MINC/Case5/MRI/Case5-T1.mnc.gz | RESECT/MINC/Case5/MRI/Case5-T1.mnc.gz |  gzip compressed data | 14469860 | 2017-05-24 | 608b599c57b5f6c018ed69891dbb9f56
https://data.archive.sigma2.no/dataset/5686d8fa-2003-4837-8e66-8e887fabe21e/download/RESECT/MINC/Case5/US/Case5-US-after.mnc.gz | s3://archive-ro/5686d8fa-2003-4837-8e66-8e887fabe21e/RESECT/MINC/Case5/US/Case5-US-after.mnc.gz | RESECT/MINC/Case5/US/Case5-US-after.mnc.gz |  gzip compressed data | 5413845 | 2017-05-24 | 35e156d4920080f8b652b9dd77a82510
https://data.archive.sigma2.no/dataset/5686d8fa-2003-4837-8e66-8e887fabe21e/download/RESECT/MINC/Case5/US/Case5-US-before.mnc.gz | s3://archive-ro/5686d8fa-2003-4837-8e66-8e887fabe21e/RESECT/MINC/Case5/US/Case5-US-before.mnc.gz | RESECT/MINC/Case5/US/Case5-US-before.mnc.gz |  gzip compressed data | 7187558 | 2017-05-24 | ed398e241cede65a6b79bc4f0e78f955
https://data.archive.sigma2.no/dataset/5686d8fa-2003-4837-8e66-8e887fabe21e/download/RESECT/MINC/Case5/US/Case5-US-during.mnc.gz | s3://archive-ro/5686d8fa-2003-4837-8e66-8e887fabe21e/RESECT/MINC/Case5/US/Case5-US-during.mnc.gz | RESECT/MINC/Case5/US/Case5-US-during.mnc.gz |  gzip compressed data | 6567168 | 2017-05-24 | c74295e7df6db153884de1fdcf64d73a
https://data.archive.sigma2.no/dataset/5686d8fa-2003-4837-8e66-8e887fabe21e/download/RESECT/MINC/Case6/.DS_Store | s3://archive-ro/5686d8fa-2003-4837-8e66-8e887fabe21e/RESECT/MINC/Case6/.DS_Store | RESECT/MINC/Case6/.DS_Store |  data | 6148 | 2017-05-24 | b5a7846767e5c852c38acaa67c7fea63
https://data.archive.sigma2.no/dataset/5686d8fa-2003-4837-8e66-8e887fabe21e/download/RESECT/MINC/Case6/landmarks/Case6-beforeUS-afterUS.tag | s3://archive-ro/5686d8fa-2003-4837-8e66-8e887fabe21e/RESECT/MINC/Case6/landmarks/Case6-beforeUS-afterUS.tag | RESECT/MINC/Case6/landmarks/Case6-beforeUS-afterUS.tag |  ASCII text | 812 | 2017-05-24 | 74b28a06f1b8554097e30a1b4f6a9667
https://data.archive.sigma2.no/dataset/5686d8fa-2003-4837-8e66-8e887fabe21e/download/RESECT/MINC/Case8/US/Case8-US-before.mnc.gz | s3://archive-ro/5686d8fa-2003-4837-8e66-8e887fabe21e/RESECT/MINC/Case8/US/Case8-US-before.mnc.gz | RESECT/MINC/Case8/US/Case8-US-before.mnc.gz |  gzip compressed data | 7394266 | 2017-05-24 | 8754f88edc31c7430bfe4ecdee6ecf69
https://data.archive.sigma2.no/dataset/5686d8fa-2003-4837-8e66-8e887fabe21e/download/RESECT/MINC/Case8/US/Case8-US-during.mnc.gz | s3://archive-ro/5686d8fa-2003-4837-8e66-8e887fabe21e/RESECT/MINC/Case8/US/Case8-US-during.mnc.gz | RESECT/MINC/Case8/US/Case8-US-during.mnc.gz |  gzip compressed data | 7476537 | 2017-05-24 | f7d802114806f9a7050d97f3154b30a7
https://data.archive.sigma2.no/dataset/5686d8fa-2003-4837-8e66-8e887fabe21e/download/RESECT/NIFTI/.DS_Store | s3://archive-ro/5686d8fa-2003-4837-8e66-8e887fabe21e/RESECT/NIFTI/.DS_Store | RESECT/NIFTI/.DS_Store |  data | 10244 | 2017-05-24 | 10f8b6534919fc594fad92b79e192e7a
https://data.archive.sigma2.no/dataset/5686d8fa-2003-4837-8e66-8e887fabe21e/download/RESECT/NIFTI/Case1/.DS_Store | s3://archive-ro/5686d8fa-2003-4837-8e66-8e887fabe21e/RESECT/NIFTI/Case1/.DS_Store | RESECT/NIFTI/Case1/.DS_Store |  data | 6148 | 2017-05-24 | 6b0329f621648e301e0d4a074fa92ed6
https://data.archive.sigma2.no/dataset/5686d8fa-2003-4837-8e66-8e887fabe21e/download/RESECT/NIFTI/Case1/Landmarks/Case1-beforeUS-afterUS.tag | s3://archive-ro/5686d8fa-2003-4837-8e66-8e887fabe21e/RESECT/NIFTI/Case1/Landmarks/Case1-beforeUS-afterUS.tag | RESECT/NIFTI/Case1/Landmarks/Case1-beforeUS-afterUS.tag |  ASCII text | 937 | 2017-05-24 | d834422e864d708efe22c0817a9d8267
https://data.archive.sigma2.no/dataset/5686d8fa-2003-4837-8e66-8e887fabe21e/download/RESECT/NIFTI/Case12/US/Case12-US-before.nii.gz | s3://archive-ro/5686d8fa-2003-4837-8e66-8e887fabe21e/RESECT/NIFTI/Case12/US/Case12-US-before.nii.gz | RESECT/NIFTI/Case12/US/Case12-US-before.nii.gz |  gzip compressed data | 29160981 | 2017-05-24 | 290d83e3138347f667d26095bd52985b
https://data.archive.sigma2.no/dataset/5686d8fa-2003-4837-8e66-8e887fabe21e/download/RESECT/NIFTI/Case12/US/Case12-US-during.nii.gz | s3://archive-ro/5686d8fa-2003-4837-8e66-8e887fabe21e/RESECT/NIFTI/Case12/US/Case12-US-during.nii.gz | RESECT/NIFTI/Case12/US/Case12-US-during.nii.gz |  gzip compressed data | 23973313 | 2017-05-24 | ab14d3689743e58d1bcbca75a5c1eb4d
https://data.archive.sigma2.no/dataset/5686d8fa-2003-4837-8e66-8e887fabe21e/download/RESECT/NIFTI/Case13/.DS_Store | s3://archive-ro/5686d8fa-2003-4837-8e66-8e887fabe21e/RESECT/NIFTI/Case13/.DS_Store | RESECT/NIFTI/Case13/.DS_Store |  data | 6148 | 2017-05-24 | a651e9a082c3e6fe5cd8e380239047d0
https://data.archive.sigma2.no/dataset/5686d8fa-2003-4837-8e66-8e887fabe21e/download/RESECT/NIFTI/Case13/Landmarks/Case13-MRI-beforeUS.tag | s3://archive-ro/5686d8fa-2003-4837-8e66-8e887fabe21e/RESECT/NIFTI/Case13/Landmarks/Case13-MRI-beforeUS.tag | RESECT/NIFTI/Case13/Landmarks/Case13-MRI-beforeUS.tag |  ASCII text | 1031 | 2017-05-24 | 03f05e62e4d007ab3f50a4ca11938fd2
https://data.archive.sigma2.no/dataset/5686d8fa-2003-4837-8e66-8e887fabe21e/download/RESECT/NIFTI/Case13/MRI/Case13-FLAIR.nii.gz | s3://archive-ro/5686d8fa-2003-4837-8e66-8e887fabe21e/RESECT/NIFTI/Case13/MRI/Case13-FLAIR.nii.gz | RESECT/NIFTI/Case13/MRI/Case13-FLAIR.nii.gz |  gzip compressed data | 8223038 | 2017-05-24 | 2b95a6dbf2c73b40c3a7f037d28853d3
https://data.archive.sigma2.no/dataset/5686d8fa-2003-4837-8e66-8e887fabe21e/download/RESECT/NIFTI/Case13/MRI/Case13-T1.nii.gz | s3://archive-ro/5686d8fa-2003-4837-8e66-8e887fabe21e/RESECT/NIFTI/Case13/MRI/Case13-T1.nii.gz | RESECT/NIFTI/Case13/MRI/Case13-T1.nii.gz |  gzip compressed data | 11065874 | 2017-05-24 | 4620881052dad3ba8924d735bd72f774
https://data.archive.sigma2.no/dataset/5686d8fa-2003-4837-8e66-8e887fabe21e/download/RESECT/NIFTI/Case13/US/Case13-US-after.nii.gz | s3://archive-ro/5686d8fa-2003-4837-8e66-8e887fabe21e/RESECT/NIFTI/Case13/US/Case13-US-after.nii.gz | RESECT/NIFTI/Case13/US/Case13-US-after.nii.gz |  gzip compressed data | 31387262 | 2017-05-24 | 3861591c0d16ecf0c370c0837f8ebcf0
https://data.archive.sigma2.no/dataset/5686d8fa-2003-4837-8e66-8e887fabe21e/download/RESECT/NIFTI/Case13/US/Case13-US-before.nii.gz | s3://archive-ro/5686d8fa-2003-4837-8e66-8e887fabe21e/RESECT/NIFTI/Case13/US/Case13-US-before.nii.gz | RESECT/NIFTI/Case13/US/Case13-US-before.nii.gz |  gzip compressed data | 29413092 | 2017-05-24 | c7c57ceca546f5ca3df457d7c029b95f
https://data.archive.sigma2.no/dataset/5686d8fa-2003-4837-8e66-8e887fabe21e/download/RESECT/NIFTI/Case13/US/Case13-US-during.nii.gz | s3://archive-ro/5686d8fa-2003-4837-8e66-8e887fabe21e/RESECT/NIFTI/Case13/US/Case13-US-during.nii.gz | RESECT/NIFTI/Case13/US/Case13-US-during.nii.gz |  gzip compressed data | 26487426 | 2017-05-24 | cb51c231c2ee81dea55cdd7d7e84bf7e
https://data.archive.sigma2.no/dataset/5686d8fa-2003-4837-8e66-8e887fabe21e/download/RESECT/NIFTI/Case14/.DS_Store | s3://archive-ro/5686d8fa-2003-4837-8e66-8e887fabe21e/RESECT/NIFTI/Case14/.DS_Store | RESECT/NIFTI/Case14/.DS_Store |  data | 6148 | 2017-05-24 | 28f56aad80528ee5779e9daf152436b5
https://data.archive.sigma2.no/dataset/5686d8fa-2003-4837-8e66-8e887fabe21e/download/RESECT/NIFTI/Case14/Landmarks/Case14-beforeUS-afterUS.tag | s3://archive-ro/5686d8fa-2003-4837-8e66-8e887fabe21e/RESECT/NIFTI/Case14/Landmarks/Case14-beforeUS-afterUS.tag | RESECT/NIFTI/Case14/Landmarks/Case14-beforeUS-afterUS.tag |  ASCII text | 1224 | 2017-05-24 | 9943c4bdfb75e5712882533f74c0eab4
https://data.archive.sigma2.no/dataset/5686d8fa-2003-4837-8e66-8e887fabe21e/download/RESECT/NIFTI/Case16/MRI/Case16-FLAIR.nii.gz | s3://archive-ro/5686d8fa-2003-4837-8e66-8e887fabe21e/RESECT/NIFTI/Case16/MRI/Case16-FLAIR.nii.gz | RESECT/NIFTI/Case16/MRI/Case16-FLAIR.nii.gz |  gzip compressed data | 7235670 | 2017-05-24 | 123eddf19bb5f338acd7cd25699f3534
https://data.archive.sigma2.no/dataset/5686d8fa-2003-4837-8e66-8e887fabe21e/download/RESECT/NIFTI/Case16/MRI/Case16-T1.nii.gz | s3://archive-ro/5686d8fa-2003-4837-8e66-8e887fabe21e/RESECT/NIFTI/Case16/MRI/Case16-T1.nii.gz | RESECT/NIFTI/Case16/MRI/Case16-T1.nii.gz |  gzip compressed data | 9671859 | 2017-05-24 | 5a5e3b1c043d6929aeaa9db6d54b7ab6
https://data.archive.sigma2.no/dataset/5686d8fa-2003-4837-8e66-8e887fabe21e/download/RESECT/NIFTI/Case16/US/Case16-US-after.nii.gz | s3://archive-ro/5686d8fa-2003-4837-8e66-8e887fabe21e/RESECT/NIFTI/Case16/US/Case16-US-after.nii.gz | RESECT/NIFTI/Case16/US/Case16-US-after.nii.gz |  gzip compressed data | 18158379 | 2017-05-24 | 2fa097661b257104ba2f7c236df789db
https://data.archive.sigma2.no/dataset/5686d8fa-2003-4837-8e66-8e887fabe21e/download/RESECT/NIFTI/Case16/US/Case16-US-before.nii.gz | s3://archive-ro/5686d8fa-2003-4837-8e66-8e887fabe21e/RESECT/NIFTI/Case16/US/Case16-US-before.nii.gz | RESECT/NIFTI/Case16/US/Case16-US-before.nii.gz |  gzip compressed data | 17684282 | 2017-05-24 | 7a97c06c340f2f2be187c1e35abda9ab
https://data.archive.sigma2.no/dataset/5686d8fa-2003-4837-8e66-8e887fabe21e/download/RESECT/NIFTI/Case16/US/Case16-US-during.nii.gz | s3://archive-ro/5686d8fa-2003-4837-8e66-8e887fabe21e/RESECT/NIFTI/Case16/US/Case16-US-during.nii.gz | RESECT/NIFTI/Case16/US/Case16-US-during.nii.gz |  gzip compressed data | 17442716 | 2017-05-24 | a04f05bd4e5e95b9d38b5bc0bae2e3ba
https://data.archive.sigma2.no/dataset/5686d8fa-2003-4837-8e66-8e887fabe21e/download/RESECT/NIFTI/Case17/.DS_Store | s3://archive-ro/5686d8fa-2003-4837-8e66-8e887fabe21e/RESECT/NIFTI/Case17/.DS_Store | RESECT/NIFTI/Case17/.DS_Store |  data | 6148 | 2017-05-24 | 7d1f99461e4599fefb6cfc135dcdd8b6
https://data.archive.sigma2.no/dataset/5686d8fa-2003-4837-8e66-8e887fabe21e/download/RESECT/NIFTI/Case17/Landmarks/Case17-beforeUS-afterUS.tag | s3://archive-ro/5686d8fa-2003-4837-8e66-8e887fabe21e/RESECT/NIFTI/Case17/Landmarks/Case17-beforeUS-afterUS.tag | RESECT/NIFTI/Case17/Landmarks/Case17-beforeUS-afterUS.tag |  ASCII text | 779 | 2017-05-24 | efadb5dc14ac17a0011b671103e5f02c
https://data.archive.sigma2.no/dataset/5686d8fa-2003-4837-8e66-8e887fabe21e/download/RESECT/NIFTI/Case19/MRI/Case19-FLAIR.nii.gz | s3://archive-ro/5686d8fa-2003-4837-8e66-8e887fabe21e/RESECT/NIFTI/Case19/MRI/Case19-FLAIR.nii.gz | RESECT/NIFTI/Case19/MRI/Case19-FLAIR.nii.gz |  gzip compressed data | 9263780 | 2017-05-24 | 65f46ea93161230dab7812bee236eaa3
https://data.archive.sigma2.no/dataset/5686d8fa-2003-4837-8e66-8e887fabe21e/download/RESECT/NIFTI/Case19/MRI/Case19-T1.nii.gz | s3://archive-ro/5686d8fa-2003-4837-8e66-8e887fabe21e/RESECT/NIFTI/Case19/MRI/Case19-T1.nii.gz | RESECT/NIFTI/Case19/MRI/Case19-T1.nii.gz |  gzip compressed data | 12930110 | 2017-05-24 | 0312421f892a196ae641a2b3af919839
https://data.archive.sigma2.no/dataset/5686d8fa-2003-4837-8e66-8e887fabe21e/download/RESECT/NIFTI/Case19/US/Case19-US-after.nii.gz | s3://archive-ro/5686d8fa-2003-4837-8e66-8e887fabe21e/RESECT/NIFTI/Case19/US/Case19-US-after.nii.gz | RESECT/NIFTI/Case19/US/Case19-US-after.nii.gz |  gzip compressed data | 28447419 | 2017-05-24 | 41408e01c045e714818c63f04f8eee77
https://data.archive.sigma2.no/dataset/5686d8fa-2003-4837-8e66-8e887fabe21e/download/RESECT/NIFTI/Case19/US/Case19-US-before.nii.gz | s3://archive-ro/5686d8fa-2003-4837-8e66-8e887fabe21e/RESECT/NIFTI/Case19/US/Case19-US-before.nii.gz | RESECT/NIFTI/Case19/US/Case19-US-before.nii.gz |  gzip compressed data | 30151833 | 2017-05-24 | fb89f67cc2bd1c505216c59b485b8e34
https://data.archive.sigma2.no/dataset/5686d8fa-2003-4837-8e66-8e887fabe21e/download/RESECT/NIFTI/Case19/US/Case19-US-during.nii.gz | s3://archive-ro/5686d8fa-2003-4837-8e66-8e887fabe21e/RESECT/NIFTI/Case19/US/Case19-US-during.nii.gz | RESECT/NIFTI/Case19/US/Case19-US-during.nii.gz |  gzip compressed data | 30890665 | 2017-05-24 | a92a2ed622621d60e78f10075e1ee476
https://data.archive.sigma2.no/dataset/5686d8fa-2003-4837-8e66-8e887fabe21e/download/RESECT/NIFTI/Case2/.DS_Store | s3://archive-ro/5686d8fa-2003-4837-8e66-8e887fabe21e/RESECT/NIFTI/Case2/.DS_Store | RESECT/NIFTI/Case2/.DS_Store |  data | 6148 | 2017-05-24 | d098ac8201e1427c0a61b92e130fe792
https://data.archive.sigma2.no/dataset/5686d8fa-2003-4837-8e66-8e887fabe21e/download/RESECT/NIFTI/Case2/Landmarks/Case2-beforeUS-afterUS.tag | s3://archive-ro/5686d8fa-2003-4837-8e66-8e887fabe21e/RESECT/NIFTI/Case2/Landmarks/Case2-beforeUS-afterUS.tag | RESECT/NIFTI/Case2/Landmarks/Case2-beforeUS-afterUS.tag |  ASCII text | 707 | 2017-05-24 | 0beaea9df7fa3e2198f5bf5d7a90c258
https://data.archive.sigma2.no/dataset/5686d8fa-2003-4837-8e66-8e887fabe21e/download/RESECT/NIFTI/Case23/US/Case23-US-before.nii.gz | s3://archive-ro/5686d8fa-2003-4837-8e66-8e887fabe21e/RESECT/NIFTI/Case23/US/Case23-US-before.nii.gz | RESECT/NIFTI/Case23/US/Case23-US-before.nii.gz |  gzip compressed data | 25489758 | 2017-05-24 | 1472dacaed4c91eac237516e56c5e7f8
https://data.archive.sigma2.no/dataset/5686d8fa-2003-4837-8e66-8e887fabe21e/download/RESECT/NIFTI/Case23/US/Case23-US-during.nii.gz | s3://archive-ro/5686d8fa-2003-4837-8e66-8e887fabe21e/RESECT/NIFTI/Case23/US/Case23-US-during.nii.gz | RESECT/NIFTI/Case23/US/Case23-US-during.nii.gz |  gzip compressed data | 27870850 | 2017-05-24 | cfc525c6672e315209574fcb75785ea4
https://data.archive.sigma2.no/dataset/5686d8fa-2003-4837-8e66-8e887fabe21e/download/RESECT/NIFTI/Case24/.DS_Store | s3://archive-ro/5686d8fa-2003-4837-8e66-8e887fabe21e/RESECT/NIFTI/Case24/.DS_Store | RESECT/NIFTI/Case24/.DS_Store |  data | 6148 | 2017-05-24 | efccced4291fdaaa3f03d6aef5a0ab0a
https://data.archive.sigma2.no/dataset/5686d8fa-2003-4837-8e66-8e887fabe21e/download/RESECT/NIFTI/Case24/Landmarks/Case24-beforeUS-afterUS.tag | s3://archive-ro/5686d8fa-2003-4837-8e66-8e887fabe21e/RESECT/NIFTI/Case24/Landmarks/Case24-beforeUS-afterUS.tag | RESECT/NIFTI/Case24/Landmarks/Case24-beforeUS-afterUS.tag |  ASCII text | 955 | 2017-05-24 | 725964cf7bb3684926d041e667291eb4
https://data.archive.sigma2.no/dataset/5686d8fa-2003-4837-8e66-8e887fabe21e/download/RESECT/NIFTI/Case26/US/Case26-US-during.nii.gz | s3://archive-ro/5686d8fa-2003-4837-8e66-8e887fabe21e/RESECT/NIFTI/Case26/US/Case26-US-during.nii.gz | RESECT/NIFTI/Case26/US/Case26-US-during.nii.gz |  gzip compressed data | 26355044 | 2017-05-24 | e106a7db20b4f2e976b9d82c7f0df6cf
https://data.archive.sigma2.no/dataset/5686d8fa-2003-4837-8e66-8e887fabe21e/download/RESECT/NIFTI/Case27/.DS_Store | s3://archive-ro/5686d8fa-2003-4837-8e66-8e887fabe21e/RESECT/NIFTI/Case27/.DS_Store | RESECT/NIFTI/Case27/.DS_Store |  data | 6148 | 2017-05-24 | c270a88eb1e91752b97f2d0b728562fd
https://data.archive.sigma2.no/dataset/5686d8fa-2003-4837-8e66-8e887fabe21e/download/RESECT/NIFTI/Case27/Landmarks/Case27-beforeUS-afterUS.tag | s3://archive-ro/5686d8fa-2003-4837-8e66-8e887fabe21e/RESECT/NIFTI/Case27/Landmarks/Case27-beforeUS-afterUS.tag | RESECT/NIFTI/Case27/Landmarks/Case27-beforeUS-afterUS.tag |  ASCII text | 860 | 2017-05-24 | 9148e50d3a1ca1090408e3adc33c763b
https://data.archive.sigma2.no/dataset/5686d8fa-2003-4837-8e66-8e887fabe21e/download/RESECT/NIFTI/Case4/Landmarks/Case4-MRI-beforeUS.tag | s3://archive-ro/5686d8fa-2003-4837-8e66-8e887fabe21e/RESECT/NIFTI/Case4/Landmarks/Case4-MRI-beforeUS.tag | RESECT/NIFTI/Case4/Landmarks/Case4-MRI-beforeUS.tag |  ASCII text | 1052 | 2017-05-24 | 19b7fa7c07322c98647cfa99eaa53fc4
https://data.archive.sigma2.no/dataset/5686d8fa-2003-4837-8e66-8e887fabe21e/download/RESECT/NIFTI/Case4/MRI/Case4-FLAIR.nii.gz | s3://archive-ro/5686d8fa-2003-4837-8e66-8e887fabe21e/RESECT/NIFTI/Case4/MRI/Case4-FLAIR.nii.gz | RESECT/NIFTI/Case4/MRI/Case4-FLAIR.nii.gz |  gzip compressed data | 6550243 | 2017-05-24 | e50cfb97bbf1c4424034889413bc2fcc
https://data.archive.sigma2.no/dataset/5686d8fa-2003-4837-8e66-8e887fabe21e/download/RESECT/NIFTI/Case4/MRI/Case4-T1.nii.gz | s3://archive-ro/5686d8fa-2003-4837-8e66-8e887fabe21e/RESECT/NIFTI/Case4/MRI/Case4-T1.nii.gz | RESECT/NIFTI/Case4/MRI/Case4-T1.nii.gz |  gzip compressed data | 8763797 | 2017-05-24 | e2db363c6ce57e83663b4de2f95c2ed0
https://data.archive.sigma2.no/dataset/5686d8fa-2003-4837-8e66-8e887fabe21e/download/RESECT/NIFTI/Case4/US/Case4-US-after.nii.gz | s3://archive-ro/5686d8fa-2003-4837-8e66-8e887fabe21e/RESECT/NIFTI/Case4/US/Case4-US-after.nii.gz | RESECT/NIFTI/Case4/US/Case4-US-after.nii.gz |  gzip compressed data | 9391245 | 2017-05-24 | f21484035f578cc22a76599284988a81
https://data.archive.sigma2.no/dataset/5686d8fa-2003-4837-8e66-8e887fabe21e/download/RESECT/NIFTI/Case4/US/Case4-US-before.nii.gz | s3://archive-ro/5686d8fa-2003-4837-8e66-8e887fabe21e/RESECT/NIFTI/Case4/US/Case4-US-before.nii.gz | RESECT/NIFTI/Case4/US/Case4-US-before.nii.gz |  gzip compressed data | 9955302 | 2017-05-24 | 984ab4b314a55b014e770b32e623b16c
https://data.archive.sigma2.no/dataset/5686d8fa-2003-4837-8e66-8e887fabe21e/download/RESECT/NIFTI/Case4/US/Case4-US-during.nii.gz | s3://archive-ro/5686d8fa-2003-4837-8e66-8e887fabe21e/RESECT/NIFTI/Case4/US/Case4-US-during.nii.gz | RESECT/NIFTI/Case4/US/Case4-US-during.nii.gz |  gzip compressed data | 9796312 | 2017-05-24 | 14b8b7acee3beccd4ee04e96e9201f0c
https://data.archive.sigma2.no/dataset/5686d8fa-2003-4837-8e66-8e887fabe21e/download/RESECT/NIFTI/Case5/.DS_Store | s3://archive-ro/5686d8fa-2003-4837-8e66-8e887fabe21e/RESECT/NIFTI/Case5/.DS_Store | RESECT/NIFTI/Case5/.DS_Store |  data | 6148 | 2017-05-24 | cb70583c5f24cf6ad7c790e2b972a280
https://data.archive.sigma2.no/dataset/5686d8fa-2003-4837-8e66-8e887fabe21e/download/RESECT/NIFTI/Case5/Landmarks/Case5-MRI-beforeUS.tag | s3://archive-ro/5686d8fa-2003-4837-8e66-8e887fabe21e/RESECT/NIFTI/Case5/Landmarks/Case5-MRI-beforeUS.tag | RESECT/NIFTI/Case5/Landmarks/Case5-MRI-beforeUS.tag |  ASCII text | 1068 | 2017-05-24 | 1e164b78f6403bc86bb26bf6a24adcc3
https://data.archive.sigma2.no/dataset/5686d8fa-2003-4837-8e66-8e887fabe21e/download/RESECT/NIFTI/Case5/MRI/Case5-FLAIR.nii.gz | s3://archive-ro/5686d8fa-2003-4837-8e66-8e887fabe21e/RESECT/NIFTI/Case5/MRI/Case5-FLAIR.nii.gz | RESECT/NIFTI/Case5/MRI/Case5-FLAIR.nii.gz |  gzip compressed data | 8029520 | 2017-05-24 | 448d6ee87483a0f1f6f9acb5fed39d90
https://data.archive.sigma2.no/dataset/5686d8fa-2003-4837-8e66-8e887fabe21e/download/RESECT/NIFTI/Case5/MRI/Case5-T1.nii.gz | s3://archive-ro/5686d8fa-2003-4837-8e66-8e887fabe21e/RESECT/NIFTI/Case5/MRI/Case5-T1.nii.gz | RESECT/NIFTI/Case5/MRI/Case5-T1.nii.gz |  gzip compressed data | 10823673 | 2017-05-24 | e03c81d0a250e895ddb498a15b00ce3a
https://data.archive.sigma2.no/dataset/5686d8fa-2003-4837-8e66-8e887fabe21e/download/RESECT/NIFTI/Case5/US/Case5-US-after.nii.gz | s3://archive-ro/5686d8fa-2003-4837-8e66-8e887fabe21e/RESECT/NIFTI/Case5/US/Case5-US-after.nii.gz | RESECT/NIFTI/Case5/US/Case5-US-after.nii.gz |  gzip compressed data | 12390869 | 2017-05-24 | c0f412e875de6f4d5730c52e05857913
https://data.archive.sigma2.no/dataset/5686d8fa-2003-4837-8e66-8e887fabe21e/download/RESECT/NIFTI/Case5/US/Case5-US-before.nii.gz | s3://archive-ro/5686d8fa-2003-4837-8e66-8e887fabe21e/RESECT/NIFTI/Case5/US/Case5-US-before.nii.gz | RESECT/NIFTI/Case5/US/Case5-US-before.nii.gz |  gzip compressed data | 16780599 | 2017-05-24 | 0044be81dc236e9a0e44beeb67f042b9
https://data.archive.sigma2.no/dataset/5686d8fa-2003-4837-8e66-8e887fabe21e/download/RESECT/NIFTI/Case5/US/Case5-US-during.nii.gz | s3://archive-ro/5686d8fa-2003-4837-8e66-8e887fabe21e/RESECT/NIFTI/Case5/US/Case5-US-during.nii.gz | RESECT/NIFTI/Case5/US/Case5-US-during.nii.gz |  gzip compressed data | 14956524 | 2017-05-24 | 0591ab40bc0ee681a6c3977b7fe9aab8
https://data.archive.sigma2.no/dataset/5686d8fa-2003-4837-8e66-8e887fabe21e/download/RESECT/NIFTI/Case6/.DS_Store | s3://archive-ro/5686d8fa-2003-4837-8e66-8e887fabe21e/RESECT/NIFTI/Case6/.DS_Store | RESECT/NIFTI/Case6/.DS_Store |  data | 6148 | 2017-05-24 | 35a9391403919d2d42253cc5a16ccaa0
https://data.archive.sigma2.no/dataset/5686d8fa-2003-4837-8e66-8e887fabe21e/download/RESECT/NIFTI/Case6/Landmarks/Case6-beforeUS-afterUS.tag | s3://archive-ro/5686d8fa-2003-4837-8e66-8e887fabe21e/RESECT/NIFTI/Case6/Landmarks/Case6-beforeUS-afterUS.tag | RESECT/NIFTI/Case6/Landmarks/Case6-beforeUS-afterUS.tag |  ASCII text | 812 | 2017-05-24 | 74b28a06f1b8554097e30a1b4f6a9667
https://data.archive.sigma2.no/dataset/5686d8fa-2003-4837-8e66-8e887fabe21e/download/RESECT/NIFTI/Case8/US/Case8-US-before.nii.gz | s3://archive-ro/5686d8fa-2003-4837-8e66-8e887fabe21e/RESECT/NIFTI/Case8/US/Case8-US-before.nii.gz | RESECT/NIFTI/Case8/US/Case8-US-before.nii.gz |  gzip compressed data | 21223190 | 2017-05-24 | e7cc53970dc253b9f45ccc766fde0254
https://data.archive.sigma2.no/dataset/5686d8fa-2003-4837-8e66-8e887fabe21e/download/RESECT/NIFTI/Case8/US/Case8-US-during.nii.gz | s3://archive-ro/5686d8fa-2003-4837-8e66-8e887fabe21e/RESECT/NIFTI/Case8/US/Case8-US-during.nii.gz | RESECT/NIFTI/Case8/US/Case8-US-during.nii.gz |  gzip compressed data | 21236635 | 2017-05-24 | fed2f49b00ed746f4c77493ef0fd6c83
https://data.archive.sigma2.no/dataset/5686d8fa-2003-4837-8e66-8e887fabe21e/download/__MACOSX/RESECT/._.DS_Store | s3://archive-ro/5686d8fa-2003-4837-8e66-8e887fabe21e/__MACOSX/RESECT/._.DS_Store | __MACOSX/RESECT/._.DS_Store |  AppleDouble encoded Macintosh file | 120 | 2017-05-24 | f0d9d90674bab5908378533975df5a01
https://data.archive.sigma2.no/dataset/5686d8fa-2003-4837-8e66-8e887fabe21e/download/__MACOSX/RESECT/MINC/._.DS_Store | s3://archive-ro/5686d8fa-2003-4837-8e66-8e887fabe21e/__MACOSX/RESECT/MINC/._.DS_Store | __MACOSX/RESECT/MINC/._.DS_Store |  AppleDouble encoded Macintosh file | 120 | 2017-05-24 | f0d9d90674bab5908378533975df5a01
https://data.archive.sigma2.no/dataset/5686d8fa-2003-4837-8e66-8e887fabe21e/download/__MACOSX/RESECT/MINC/Case1/._.DS_Store | s3://archive-ro/5686d8fa-2003-4837-8e66-8e887fabe21e/__MACOSX/RESECT/MINC/Case1/._.DS_Store | __MACOSX/RESECT/MINC/Case1/._.DS_Store |  AppleDouble encoded Macintosh file | 120 | 2017-05-24 | f0d9d90674bab5908378533975df5a01
https://data.archive.sigma2.no/dataset/5686d8fa-2003-4837-8e66-8e887fabe21e/download/__MACOSX/RESECT/MINC/Case13/._.DS_Store | s3://archive-ro/5686d8fa-2003-4837-8e66-8e887fabe21e/__MACOSX/RESECT/MINC/Case13/._.DS_Store | __MACOSX/RESECT/MINC/Case13/._.DS_Store |  AppleDouble encoded Macintosh file | 120 | 2017-05-24 | f0d9d90674bab5908378533975df5a01
https://data.archive.sigma2.no/dataset/5686d8fa-2003-4837-8e66-8e887fabe21e/download/__MACOSX/RESECT/MINC/Case18/._landmarks | s3://archive-ro/5686d8fa-2003-4837-8e66-8e887fabe21e/__MACOSX/RESECT/MINC/Case18/._landmarks | __MACOSX/RESECT/MINC/Case18/._landmarks |  AppleDouble encoded Macintosh file | 239 | 2017-05-24 | a88d1e29ca706d958f54b95d0a8dbc53
https://data.archive.sigma2.no/dataset/5686d8fa-2003-4837-8e66-8e887fabe21e/download/__MACOSX/RESECT/MINC/Case18/._US | s3://archive-ro/5686d8fa-2003-4837-8e66-8e887fabe21e/__MACOSX/RESECT/MINC/Case18/._US | __MACOSX/RESECT/MINC/Case18/._US |  AppleDouble encoded Macintosh file | 239 | 2017-05-24 | 486d0f79a8c06d7f0aa6b23280ca78a1
https://data.archive.sigma2.no/dataset/5686d8fa-2003-4837-8e66-8e887fabe21e/download/__MACOSX/RESECT/MINC/._Case18 | s3://archive-ro/5686d8fa-2003-4837-8e66-8e887fabe21e/__MACOSX/RESECT/MINC/._Case18 | __MACOSX/RESECT/MINC/._Case18 |  AppleDouble encoded Macintosh file | 239 | 2017-05-24 | 37b0b6f02b0d889935498caabc9b34ea
https://data.archive.sigma2.no/dataset/5686d8fa-2003-4837-8e66-8e887fabe21e/download/__MACOSX/RESECT/MINC/Case19/._.DS_Store | s3://archive-ro/5686d8fa-2003-4837-8e66-8e887fabe21e/__MACOSX/RESECT/MINC/Case19/._.DS_Store | __MACOSX/RESECT/MINC/Case19/._.DS_Store |  AppleDouble encoded Macintosh file | 120 | 2017-05-24 | f0d9d90674bab5908378533975df5a01
https://data.archive.sigma2.no/dataset/5686d8fa-2003-4837-8e66-8e887fabe21e/download/__MACOSX/RESECT/MINC/Case2/US/._.DS_Store | s3://archive-ro/5686d8fa-2003-4837-8e66-8e887fabe21e/__MACOSX/RESECT/MINC/Case2/US/._.DS_Store | __MACOSX/RESECT/MINC/Case2/US/._.DS_Store |  AppleDouble encoded Macintosh file | 120 | 2017-05-24 | f0d9d90674bab5908378533975df5a01
https://data.archive.sigma2.no/dataset/5686d8fa-2003-4837-8e66-8e887fabe21e/download/__MACOSX/RESECT/MINC/Case2/._US | s3://archive-ro/5686d8fa-2003-4837-8e66-8e887fabe21e/__MACOSX/RESECT/MINC/Case2/._US | __MACOSX/RESECT/MINC/Case2/._US |  AppleDouble encoded Macintosh file | 239 | 2017-05-24 | 54101a9e36739e5bb557b9b134edd283
https://data.archive.sigma2.no/dataset/5686d8fa-2003-4837-8e66-8e887fabe21e/download/__MACOSX/RESECT/MINC/._Case2 | s3://archive-ro/5686d8fa-2003-4837-8e66-8e887fabe21e/__MACOSX/RESECT/MINC/._Case2 | __MACOSX/RESECT/MINC/._Case2 |  AppleDouble encoded Macintosh file | 239 | 2017-05-24 | f27e6cdc60dc729fe7509eac057ed914
https://data.archive.sigma2.no/dataset/5686d8fa-2003-4837-8e66-8e887fabe21e/download/__MACOSX/RESECT/MINC/Case21/._.DS_Store | s3://archive-ro/5686d8fa-2003-4837-8e66-8e887fabe21e/__MACOSX/RESECT/MINC/Case21/._.DS_Store | __MACOSX/RESECT/MINC/Case21/._.DS_Store |  AppleDouble encoded Macintosh file | 120 | 2017-05-24 | f0d9d90674bab5908378533975df5a01
https://data.archive.sigma2.no/dataset/5686d8fa-2003-4837-8e66-8e887fabe21e/download/RESECT/MINC/Case1/landmarks/Case1-beforeUS-duringUS-full.tag | s3://archive-ro/5686d8fa-2003-4837-8e66-8e887fabe21e/RESECT/MINC/Case1/landmarks/Case1-beforeUS-duringUS-full.tag | RESECT/MINC/Case1/landmarks/Case1-beforeUS-duringUS-full.tag |  ASCII text | 2329 | 2017-05-24 | 27015de0eda03bf67b1373aefb2656a4
https://data.archive.sigma2.no/dataset/5686d8fa-2003-4837-8e66-8e887fabe21e/download/RESECT/MINC/Case1/landmarks/Case1-beforeUS-duringUS.tag | s3://archive-ro/5686d8fa-2003-4837-8e66-8e887fabe21e/RESECT/MINC/Case1/landmarks/Case1-beforeUS-duringUS.tag | RESECT/MINC/Case1/landmarks/Case1-beforeUS-duringUS.tag |  ASCII text | 938 | 2017-05-24 | 2ef0b438a78ad361427084262818be4f
https://data.archive.sigma2.no/dataset/5686d8fa-2003-4837-8e66-8e887fabe21e/download/RESECT/MINC/Case1/landmarks/Case1-MRI-afterUS.tag | s3://archive-ro/5686d8fa-2003-4837-8e66-8e887fabe21e/RESECT/MINC/Case1/landmarks/Case1-MRI-afterUS.tag | RESECT/MINC/Case1/landmarks/Case1-MRI-afterUS.tag |  ASCII text | 861 | 2017-05-24 | c87c6a688adf625ce797ac7404a7d9e9
https://data.archive.sigma2.no/dataset/5686d8fa-2003-4837-8e66-8e887fabe21e/download/RESECT/MINC/Case1/landmarks/Case1-MRI-beforeUS.tag | s3://archive-ro/5686d8fa-2003-4837-8e66-8e887fabe21e/RESECT/MINC/Case1/landmarks/Case1-MRI-beforeUS.tag | RESECT/MINC/Case1/landmarks/Case1-MRI-beforeUS.tag |  ASCII text | 1065 | 2017-05-24 | c3500e7c4089b960c3fc22adca1aa253
https://data.archive.sigma2.no/dataset/5686d8fa-2003-4837-8e66-8e887fabe21e/download/RESECT/MINC/Case1/MRI/.DS_Store | s3://archive-ro/5686d8fa-2003-4837-8e66-8e887fabe21e/RESECT/MINC/Case1/MRI/.DS_Store | RESECT/MINC/Case1/MRI/.DS_Store |  data | 6148 | 2017-05-24 | 194577a7e20bdcc7afbb718f502c134c
https://data.archive.sigma2.no/dataset/5686d8fa-2003-4837-8e66-8e887fabe21e/download/RESECT/MINC/Case1/MRI/Case1-FLAIR.mnc.gz | s3://archive-ro/5686d8fa-2003-4837-8e66-8e887fabe21e/RESECT/MINC/Case1/MRI/Case1-FLAIR.mnc.gz | RESECT/MINC/Case1/MRI/Case1-FLAIR.mnc.gz |  gzip compressed data | 11171036 | 2017-05-24 | 0690f968ff7a77526977d6535b6fe5f9
https://data.archive.sigma2.no/dataset/5686d8fa-2003-4837-8e66-8e887fabe21e/download/RESECT/MINC/Case1/MRI/Case1-T1.mnc.gz | s3://archive-ro/5686d8fa-2003-4837-8e66-8e887fabe21e/RESECT/MINC/Case1/MRI/Case1-T1.mnc.gz | RESECT/MINC/Case1/MRI/Case1-T1.mnc.gz |  gzip compressed data | 13738774 | 2017-05-24 | b7a53cbcf072c4f62d18ee8ffffe5c64
https://data.archive.sigma2.no/dataset/5686d8fa-2003-4837-8e66-8e887fabe21e/download/RESECT/MINC/Case1/US/.DS_Store | s3://archive-ro/5686d8fa-2003-4837-8e66-8e887fabe21e/RESECT/MINC/Case1/US/.DS_Store | RESECT/MINC/Case1/US/.DS_Store |  data | 6148 | 2017-05-24 | 194577a7e20bdcc7afbb718f502c134c
https://data.archive.sigma2.no/dataset/5686d8fa-2003-4837-8e66-8e887fabe21e/download/RESECT/MINC/Case3/.DS_Store | s3://archive-ro/5686d8fa-2003-4837-8e66-8e887fabe21e/RESECT/MINC/Case3/.DS_Store | RESECT/MINC/Case3/.DS_Store |  data | 6148 | 2017-05-24 | 253154052afa93812d6cc9af65d760a2
https://data.archive.sigma2.no/dataset/5686d8fa-2003-4837-8e66-8e887fabe21e/download/RESECT/MINC/Case1/US/Case1-US-after.mnc.gz | s3://archive-ro/5686d8fa-2003-4837-8e66-8e887fabe21e/RESECT/MINC/Case1/US/Case1-US-after.mnc.gz | RESECT/MINC/Case1/US/Case1-US-after.mnc.gz |  gzip compressed data | 6223798 | 2017-05-24 | 5f9f00a6a7c5163668b3f37e017f314f
https://data.archive.sigma2.no/dataset/5686d8fa-2003-4837-8e66-8e887fabe21e/download/RESECT/MINC/Case1/US/Case1-US-before.mnc.gz | s3://archive-ro/5686d8fa-2003-4837-8e66-8e887fabe21e/RESECT/MINC/Case1/US/Case1-US-before.mnc.gz | RESECT/MINC/Case1/US/Case1-US-before.mnc.gz |  gzip compressed data | 7156663 | 2017-05-24 | f18ad52e58fe67ce7e970956ce066239
https://data.archive.sigma2.no/dataset/5686d8fa-2003-4837-8e66-8e887fabe21e/download/RESECT/MINC/Case1/US/Case1-US-during.mnc.gz | s3://archive-ro/5686d8fa-2003-4837-8e66-8e887fabe21e/RESECT/MINC/Case1/US/Case1-US-during.mnc.gz | RESECT/MINC/Case1/US/Case1-US-during.mnc.gz |  gzip compressed data | 6790357 | 2017-05-24 | fbb3c6c6b1b77c9219043515a35d3f23
https://data.archive.sigma2.no/dataset/5686d8fa-2003-4837-8e66-8e887fabe21e/download/RESECT/MINC/Case11/.DS_Store | s3://archive-ro/5686d8fa-2003-4837-8e66-8e887fabe21e/RESECT/MINC/Case11/.DS_Store | RESECT/MINC/Case11/.DS_Store |  data | 6148 | 2017-05-24 | 45ccc00f93085cadcd9c1ab26adb1f2e
https://data.archive.sigma2.no/dataset/5686d8fa-2003-4837-8e66-8e887fabe21e/download/RESECT/MINC/Case11/landmarks/Case11-MRI-afterUS.tag | s3://archive-ro/5686d8fa-2003-4837-8e66-8e887fabe21e/RESECT/MINC/Case11/landmarks/Case11-MRI-afterUS.tag | RESECT/MINC/Case11/landmarks/Case11-MRI-afterUS.tag |  ASCII text | 1047 | 2017-05-24 | fb13aa6bf15be21cf2cc70b79df7abba
https://data.archive.sigma2.no/dataset/5686d8fa-2003-4837-8e66-8e887fabe21e/download/RESECT/MINC/Case11/MRI/Case11-FLAIR.mnc.gz | s3://archive-ro/5686d8fa-2003-4837-8e66-8e887fabe21e/RESECT/MINC/Case11/MRI/Case11-FLAIR.mnc.gz | RESECT/MINC/Case11/MRI/Case11-FLAIR.mnc.gz |  gzip compressed data | 7702615 | 2017-05-24 | ee6f5ccf49a99d41f20ea92c5771fc4c
https://data.archive.sigma2.no/dataset/5686d8fa-2003-4837-8e66-8e887fabe21e/download/RESECT/MINC/Case11/MRI/Case11-T1.mnc.gz | s3://archive-ro/5686d8fa-2003-4837-8e66-8e887fabe21e/RESECT/MINC/Case11/MRI/Case11-T1.mnc.gz | RESECT/MINC/Case11/MRI/Case11-T1.mnc.gz |  gzip compressed data | 11917033 | 2017-05-24 | e3aa43ed23c671fef612f64624cf8ee0
https://data.archive.sigma2.no/dataset/5686d8fa-2003-4837-8e66-8e887fabe21e/download/RESECT/MINC/Case11/US/Case11-US-after.mnc.gz | s3://archive-ro/5686d8fa-2003-4837-8e66-8e887fabe21e/RESECT/MINC/Case11/US/Case11-US-after.mnc.gz | RESECT/MINC/Case11/US/Case11-US-after.mnc.gz |  gzip compressed data | 9771960 | 2017-05-24 | 14312b78e02fd1e0aac50fe14a992914
https://data.archive.sigma2.no/dataset/5686d8fa-2003-4837-8e66-8e887fabe21e/download/RESECT/MINC/Case11/US/Case11-US-before.mnc.gz | s3://archive-ro/5686d8fa-2003-4837-8e66-8e887fabe21e/RESECT/MINC/Case11/US/Case11-US-before.mnc.gz | RESECT/MINC/Case11/US/Case11-US-before.mnc.gz |  gzip compressed data | 11439018 | 2017-05-24 | c7e0706e458d89d47692362924052e15
https://data.archive.sigma2.no/dataset/5686d8fa-2003-4837-8e66-8e887fabe21e/download/RESECT/MINC/Case11/US/Case11-US-during.mnc.gz | s3://archive-ro/5686d8fa-2003-4837-8e66-8e887fabe21e/RESECT/MINC/Case11/US/Case11-US-during.mnc.gz | RESECT/MINC/Case11/US/Case11-US-during.mnc.gz |  gzip compressed data | 12094566 | 2017-05-24 | dccd456ca78abb4a3931e709db2e665d
https://data.archive.sigma2.no/dataset/5686d8fa-2003-4837-8e66-8e887fabe21e/download/RESECT/MINC/Case12/.DS_Store | s3://archive-ro/5686d8fa-2003-4837-8e66-8e887fabe21e/RESECT/MINC/Case12/.DS_Store | RESECT/MINC/Case12/.DS_Store |  data | 6148 | 2017-05-24 | adeb8b307160581a0ead66515417e9be
https://data.archive.sigma2.no/dataset/5686d8fa-2003-4837-8e66-8e887fabe21e/download/RESECT/MINC/Case12/landmarks/Case12-beforeUS-afterUS.tag | s3://archive-ro/5686d8fa-2003-4837-8e66-8e887fabe21e/RESECT/MINC/Case12/landmarks/Case12-beforeUS-afterUS.tag | RESECT/MINC/Case12/landmarks/Case12-beforeUS-afterUS.tag |  ASCII text | 769 | 2017-05-24 | ce3a19facf220218e5e226939243fe04
https://data.archive.sigma2.no/dataset/5686d8fa-2003-4837-8e66-8e887fabe21e/download/RESECT/MINC/Case13/US/Case13-US-after.mnc.gz | s3://archive-ro/5686d8fa-2003-4837-8e66-8e887fabe21e/RESECT/MINC/Case13/US/Case13-US-after.mnc.gz | RESECT/MINC/Case13/US/Case13-US-after.mnc.gz |  gzip compressed data | 10687169 | 2017-05-24 | 1e7da7af8a388afb903f5860655b6417
https://data.archive.sigma2.no/dataset/5686d8fa-2003-4837-8e66-8e887fabe21e/download/RESECT/MINC/Case13/US/Case13-US-before.mnc.gz | s3://archive-ro/5686d8fa-2003-4837-8e66-8e887fabe21e/RESECT/MINC/Case13/US/Case13-US-before.mnc.gz | RESECT/MINC/Case13/US/Case13-US-before.mnc.gz |  gzip compressed data | 10621113 | 2017-05-24 | f44b84662d37356274d2a5ddabf36505
https://data.archive.sigma2.no/dataset/5686d8fa-2003-4837-8e66-8e887fabe21e/download/RESECT/MINC/Case13/US/Case13-US-during.mnc.gz | s3://archive-ro/5686d8fa-2003-4837-8e66-8e887fabe21e/RESECT/MINC/Case13/US/Case13-US-during.mnc.gz | RESECT/MINC/Case13/US/Case13-US-during.mnc.gz |  gzip compressed data | 9525278 | 2017-05-24 | b9ef394d6c927e628eb8b9ab157d954d
https://data.archive.sigma2.no/dataset/5686d8fa-2003-4837-8e66-8e887fabe21e/download/RESECT/MINC/Case14/.DS_Store | s3://archive-ro/5686d8fa-2003-4837-8e66-8e887fabe21e/RESECT/MINC/Case14/.DS_Store | RESECT/MINC/Case14/.DS_Store |  data | 6148 | 2017-05-24 | 261627dc3413711d96247055ce853d9b
https://data.archive.sigma2.no/dataset/5686d8fa-2003-4837-8e66-8e887fabe21e/download/RESECT/MINC/Case14/landmarks/Case14-beforeUS-afterUS.tag | s3://archive-ro/5686d8fa-2003-4837-8e66-8e887fabe21e/RESECT/MINC/Case14/landmarks/Case14-beforeUS-afterUS.tag | RESECT/MINC/Case14/landmarks/Case14-beforeUS-afterUS.tag |  ASCII text | 1224 | 2017-05-24 | 9943c4bdfb75e5712882533f74c0eab4
https://data.archive.sigma2.no/dataset/5686d8fa-2003-4837-8e66-8e887fabe21e/download/RESECT/MINC/Case16/MRI/Case16-FLAIR.mnc.gz | s3://archive-ro/5686d8fa-2003-4837-8e66-8e887fabe21e/RESECT/MINC/Case16/MRI/Case16-FLAIR.mnc.gz | RESECT/MINC/Case16/MRI/Case16-FLAIR.mnc.gz |  gzip compressed data | 8555100 | 2017-05-24 | e1724ef2b5278b71c469c5c1fa51e964
https://data.archive.sigma2.no/dataset/5686d8fa-2003-4837-8e66-8e887fabe21e/download/RESECT/MINC/Case16/MRI/Case16-T1.mnc.gz | s3://archive-ro/5686d8fa-2003-4837-8e66-8e887fabe21e/RESECT/MINC/Case16/MRI/Case16-T1.mnc.gz | RESECT/MINC/Case16/MRI/Case16-T1.mnc.gz |  gzip compressed data | 13263155 | 2017-05-24 | 8cfdbb6aad45fe1f1248870974398e1c
https://data.archive.sigma2.no/dataset/5686d8fa-2003-4837-8e66-8e887fabe21e/download/RESECT/MINC/Case16/US/Case16-US-after.mnc.gz | s3://archive-ro/5686d8fa-2003-4837-8e66-8e887fabe21e/RESECT/MINC/Case16/US/Case16-US-after.mnc.gz | RESECT/MINC/Case16/US/Case16-US-after.mnc.gz |  gzip compressed data | 6297268 | 2017-05-24 | 08129cd0f6f280816f276e3612f4c3de
https://data.archive.sigma2.no/dataset/5686d8fa-2003-4837-8e66-8e887fabe21e/download/RESECT/MINC/Case16/US/Case16-US-before.mnc.gz | s3://archive-ro/5686d8fa-2003-4837-8e66-8e887fabe21e/RESECT/MINC/Case16/US/Case16-US-before.mnc.gz | RESECT/MINC/Case16/US/Case16-US-before.mnc.gz |  gzip compressed data | 6223327 | 2017-05-24 | 6e406e6010ae45300659871e57bdc864
https://data.archive.sigma2.no/dataset/5686d8fa-2003-4837-8e66-8e887fabe21e/download/RESECT/MINC/Case16/US/Case16-US-during.mnc.gz | s3://archive-ro/5686d8fa-2003-4837-8e66-8e887fabe21e/RESECT/MINC/Case16/US/Case16-US-during.mnc.gz | RESECT/MINC/Case16/US/Case16-US-during.mnc.gz |  gzip compressed data | 6006190 | 2017-05-24 | 4a90ad3e873aea0238f1dfa75f35b951
https://data.archive.sigma2.no/dataset/5686d8fa-2003-4837-8e66-8e887fabe21e/download/RESECT/MINC/Case17/.DS_Store | s3://archive-ro/5686d8fa-2003-4837-8e66-8e887fabe21e/RESECT/MINC/Case17/.DS_Store | RESECT/MINC/Case17/.DS_Store |  data | 6148 | 2017-05-24 | 9067e4bb5eb6e2803f21d6b0b43ea7f1
https://data.archive.sigma2.no/dataset/5686d8fa-2003-4837-8e66-8e887fabe21e/download/RESECT/MINC/Case17/landmarks/Case17-beforeUS-afterUS.tag | s3://archive-ro/5686d8fa-2003-4837-8e66-8e887fabe21e/RESECT/MINC/Case17/landmarks/Case17-beforeUS-afterUS.tag | RESECT/MINC/Case17/landmarks/Case17-beforeUS-afterUS.tag |  ASCII text | 779 | 2017-05-24 | efadb5dc14ac17a0011b671103e5f02c
https://data.archive.sigma2.no/dataset/5686d8fa-2003-4837-8e66-8e887fabe21e/download/RESECT/MINC/Case19/MRI/Case19-FLAIR.mnc.gz | s3://archive-ro/5686d8fa-2003-4837-8e66-8e887fabe21e/RESECT/MINC/Case19/MRI/Case19-FLAIR.mnc.gz | RESECT/MINC/Case19/MRI/Case19-FLAIR.mnc.gz |  gzip compressed data | 11015728 | 2017-05-24 | 08285c60279764691b0877f3b4a20d59
https://data.archive.sigma2.no/dataset/5686d8fa-2003-4837-8e66-8e887fabe21e/download/RESECT/MINC/Case19/MRI/Case19-T1.mnc.gz | s3://archive-ro/5686d8fa-2003-4837-8e66-8e887fabe21e/RESECT/MINC/Case19/MRI/Case19-T1.mnc.gz | RESECT/MINC/Case19/MRI/Case19-T1.mnc.gz |  gzip compressed data | 18296387 | 2017-05-24 | aafc5923074b4c96da4a48ba43973693
https://data.archive.sigma2.no/dataset/5686d8fa-2003-4837-8e66-8e887fabe21e/download/RESECT/MINC/Case19/US/Case19-US-after.mnc.gz | s3://archive-ro/5686d8fa-2003-4837-8e66-8e887fabe21e/RESECT/MINC/Case19/US/Case19-US-after.mnc.gz | RESECT/MINC/Case19/US/Case19-US-after.mnc.gz |  gzip compressed data | 10093808 | 2017-05-24 | aad313bf46cdd5e93a9a9b97098c4ed9
https://data.archive.sigma2.no/dataset/5686d8fa-2003-4837-8e66-8e887fabe21e/download/RESECT/MINC/Case19/US/Case19-US-before.mnc.gz | s3://archive-ro/5686d8fa-2003-4837-8e66-8e887fabe21e/RESECT/MINC/Case19/US/Case19-US-before.mnc.gz | RESECT/MINC/Case19/US/Case19-US-before.mnc.gz |  gzip compressed data | 10607806 | 2017-05-24 | ff5307323f33ef1cbe15b76b0f8bc192
https://data.archive.sigma2.no/dataset/5686d8fa-2003-4837-8e66-8e887fabe21e/download/RESECT/MINC/Case19/US/Case19-US-during.mnc.gz | s3://archive-ro/5686d8fa-2003-4837-8e66-8e887fabe21e/RESECT/MINC/Case19/US/Case19-US-during.mnc.gz | RESECT/MINC/Case19/US/Case19-US-during.mnc.gz |  gzip compressed data | 10880398 | 2017-05-24 | 6cafaf055832c17998f1b7e0dd334943
https://data.archive.sigma2.no/dataset/5686d8fa-2003-4837-8e66-8e887fabe21e/download/RESECT/MINC/Case2/landmarks/Case2-beforeUS-afterUS.tag | s3://archive-ro/5686d8fa-2003-4837-8e66-8e887fabe21e/RESECT/MINC/Case2/landmarks/Case2-beforeUS-afterUS.tag | RESECT/MINC/Case2/landmarks/Case2-beforeUS-afterUS.tag |  ASCII text | 707 | 2017-05-24 | 0beaea9df7fa3e2198f5bf5d7a90c258
https://data.archive.sigma2.no/dataset/5686d8fa-2003-4837-8e66-8e887fabe21e/download/RESECT/MINC/Case23/US/Case23-US-after.mnc.gz | s3://archive-ro/5686d8fa-2003-4837-8e66-8e887fabe21e/RESECT/MINC/Case23/US/Case23-US-after.mnc.gz | RESECT/MINC/Case23/US/Case23-US-after.mnc.gz |  gzip compressed data | 12207556 | 2017-05-24 | 3bc9cf6a6a592a9811ee2023f90dc67a
https://data.archive.sigma2.no/dataset/5686d8fa-2003-4837-8e66-8e887fabe21e/download/RESECT/MINC/Case23/US/Case23-US-before.mnc.gz | s3://archive-ro/5686d8fa-2003-4837-8e66-8e887fabe21e/RESECT/MINC/Case23/US/Case23-US-before.mnc.gz | RESECT/MINC/Case23/US/Case23-US-before.mnc.gz |  gzip compressed data | 12347573 | 2017-05-24 | 237d891fd76d70240b405d6844dabdbb
https://data.archive.sigma2.no/dataset/5686d8fa-2003-4837-8e66-8e887fabe21e/download/RESECT/MINC/Case23/US/Case23-US-during.mnc.gz | s3://archive-ro/5686d8fa-2003-4837-8e66-8e887fabe21e/RESECT/MINC/Case23/US/Case23-US-during.mnc.gz | RESECT/MINC/Case23/US/Case23-US-during.mnc.gz |  gzip compressed data | 13381299 | 2017-05-24 | ad50fc29f831bd4e8ab2959b5a41db45
https://data.archive.sigma2.no/dataset/5686d8fa-2003-4837-8e66-8e887fabe21e/download/RESECT/MINC/Case24/.DS_Store | s3://archive-ro/5686d8fa-2003-4837-8e66-8e887fabe21e/RESECT/MINC/Case24/.DS_Store | RESECT/MINC/Case24/.DS_Store |  data | 6148 | 2017-05-24 | 18459e83b453ba0983537fad2dc93829
https://data.archive.sigma2.no/dataset/5686d8fa-2003-4837-8e66-8e887fabe21e/download/RESECT/MINC/Case24/landmarks/Case24-beforeUS-afterUS.tag | s3://archive-ro/5686d8fa-2003-4837-8e66-8e887fabe21e/RESECT/MINC/Case24/landmarks/Case24-beforeUS-afterUS.tag | RESECT/MINC/Case24/landmarks/Case24-beforeUS-afterUS.tag |  ASCII text | 955 | 2017-05-24 | 725964cf7bb3684926d041e667291eb4
https://data.archive.sigma2.no/dataset/5686d8fa-2003-4837-8e66-8e887fabe21e/download/RESECT/MINC/Case26/US/Case26-US-during.mnc.gz | s3://archive-ro/5686d8fa-2003-4837-8e66-8e887fabe21e/RESECT/MINC/Case26/US/Case26-US-during.mnc.gz | RESECT/MINC/Case26/US/Case26-US-during.mnc.gz |  gzip compressed data | 11948950 | 2017-05-24 | 8582a9c456db97e0621ad7534c345cc5
https://data.archive.sigma2.no/dataset/5686d8fa-2003-4837-8e66-8e887fabe21e/download/RESECT/MINC/Case27/.DS_Store | s3://archive-ro/5686d8fa-2003-4837-8e66-8e887fabe21e/RESECT/MINC/Case27/.DS_Store | RESECT/MINC/Case27/.DS_Store |  data | 6148 | 2017-05-24 | 4d4ce81e1e2c4250a118b687122cb7f1
https://data.archive.sigma2.no/dataset/5686d8fa-2003-4837-8e66-8e887fabe21e/download/RESECT/MINC/Case27/landmarks/Case27-beforeUS-afterUS.tag | s3://archive-ro/5686d8fa-2003-4837-8e66-8e887fabe21e/RESECT/MINC/Case27/landmarks/Case27-beforeUS-afterUS.tag | RESECT/MINC/Case27/landmarks/Case27-beforeUS-afterUS.tag |  ASCII text | 860 | 2017-05-24 | 9148e50d3a1ca1090408e3adc33c763b
https://data.archive.sigma2.no/dataset/5686d8fa-2003-4837-8e66-8e887fabe21e/download/RESECT/MINC/Case4/MRI/Case4-T1.mnc.gz | s3://archive-ro/5686d8fa-2003-4837-8e66-8e887fabe21e/RESECT/MINC/Case4/MRI/Case4-T1.mnc.gz | RESECT/MINC/Case4/MRI/Case4-T1.mnc.gz |  gzip compressed data | 11166032 | 2017-05-24 | 4405b232f586c1943b06f83ac11737b8
https://data.archive.sigma2.no/dataset/5686d8fa-2003-4837-8e66-8e887fabe21e/download/RESECT/MINC/Case4/US/Case4-US-after.mnc.gz | s3://archive-ro/5686d8fa-2003-4837-8e66-8e887fabe21e/RESECT/MINC/Case4/US/Case4-US-after.mnc.gz | RESECT/MINC/Case4/US/Case4-US-after.mnc.gz |  gzip compressed data | 6160687 | 2017-05-24 | a243c4d6a64adfa1a782358f3ca0adec
https://data.archive.sigma2.no/dataset/5686d8fa-2003-4837-8e66-8e887fabe21e/download/RESECT/MINC/Case4/US/Case4-US-before.mnc.gz | s3://archive-ro/5686d8fa-2003-4837-8e66-8e887fabe21e/RESECT/MINC/Case4/US/Case4-US-before.mnc.gz | RESECT/MINC/Case4/US/Case4-US-before.mnc.gz |  gzip compressed data | 6477087 | 2017-05-24 | 228dad133e8accd58c326392b28ef353
https://data.archive.sigma2.no/dataset/5686d8fa-2003-4837-8e66-8e887fabe21e/download/RESECT/MINC/Case4/US/Case4-US-during.mnc.gz | s3://archive-ro/5686d8fa-2003-4837-8e66-8e887fabe21e/RESECT/MINC/Case4/US/Case4-US-during.mnc.gz | RESECT/MINC/Case4/US/Case4-US-during.mnc.gz |  gzip compressed data | 6362614 | 2017-05-24 | 08e310be40c579441416392f620cce8d
https://data.archive.sigma2.no/dataset/5686d8fa-2003-4837-8e66-8e887fabe21e/download/RESECT/MINC/Case5/.DS_Store | s3://archive-ro/5686d8fa-2003-4837-8e66-8e887fabe21e/RESECT/MINC/Case5/.DS_Store | RESECT/MINC/Case5/.DS_Store |  data | 6148 | 2017-05-24 | 679b0b574a2b1f48a36c86a9c6871fda
https://data.archive.sigma2.no/dataset/5686d8fa-2003-4837-8e66-8e887fabe21e/download/RESECT/MINC/Case5/landmarks/Case5-MRI-beforeUS.tag | s3://archive-ro/5686d8fa-2003-4837-8e66-8e887fabe21e/RESECT/MINC/Case5/landmarks/Case5-MRI-beforeUS.tag | RESECT/MINC/Case5/landmarks/Case5-MRI-beforeUS.tag |  ASCII text | 1068 | 2017-05-24 | 1e164b78f6403bc86bb26bf6a24adcc3
https://data.archive.sigma2.no/dataset/5686d8fa-2003-4837-8e66-8e887fabe21e/download/RESECT/MINC/Case5/MRI/Case5-FLAIR.mnc.gz | s3://archive-ro/5686d8fa-2003-4837-8e66-8e887fabe21e/RESECT/MINC/Case5/MRI/Case5-FLAIR.mnc.gz | RESECT/MINC/Case5/MRI/Case5-FLAIR.mnc.gz |  gzip compressed data | 9431550 | 2017-05-24 | f5044f01fc332f84a7a51cf2bc0c99f2
https://data.archive.sigma2.no/dataset/5686d8fa-2003-4837-8e66-8e887fabe21e/download/__MACOSX/._Case1-FLAIR.nii.gz | s3://archive-ro/5686d8fa-2003-4837-8e66-8e887fabe21e/__MACOSX/._Case1-FLAIR.nii.gz | __MACOSX/._Case1-FLAIR.nii.gz |  ASCII text | 33 | 2017-05-24 | 77cbc78289828894a3e707f0cbf44ce2
https://data.archive.sigma2.no/dataset/5686d8fa-2003-4837-8e66-8e887fabe21e/download/RESECT/MINC/Case12/landmarks/Case12-beforeUS-duringUS-full.tag | s3://archive-ro/5686d8fa-2003-4837-8e66-8e887fabe21e/RESECT/MINC/Case12/landmarks/Case12-beforeUS-duringUS-full.tag | RESECT/MINC/Case12/landmarks/Case12-beforeUS-duringUS-full.tag |  ASCII text | 1593 | 2017-05-24 | 0560ccb61b43079bb016872e677fad56
https://data.archive.sigma2.no/dataset/5686d8fa-2003-4837-8e66-8e887fabe21e/download/RESECT/MINC/Case12/landmarks/Case12-beforeUS-duringUS.tag | s3://archive-ro/5686d8fa-2003-4837-8e66-8e887fabe21e/RESECT/MINC/Case12/landmarks/Case12-beforeUS-duringUS.tag | RESECT/MINC/Case12/landmarks/Case12-beforeUS-duringUS.tag |  ASCII text | 765 | 2017-05-24 | 434672a8327123c8b2a41ad655f604b6
https://data.archive.sigma2.no/dataset/5686d8fa-2003-4837-8e66-8e887fabe21e/download/RESECT/MINC/Case12/landmarks/Case12-MRI-afterUS.tag | s3://archive-ro/5686d8fa-2003-4837-8e66-8e887fabe21e/RESECT/MINC/Case12/landmarks/Case12-MRI-afterUS.tag | RESECT/MINC/Case12/landmarks/Case12-MRI-afterUS.tag |  ASCII text | 1046 | 2017-05-24 | bc71656ddfe4ec2ec51c1379e49a8c2a
https://data.archive.sigma2.no/dataset/5686d8fa-2003-4837-8e66-8e887fabe21e/download/RESECT/MINC/Case12/landmarks/Case12-MRI-beforeUS.tag | s3://archive-ro/5686d8fa-2003-4837-8e66-8e887fabe21e/RESECT/MINC/Case12/landmarks/Case12-MRI-beforeUS.tag | RESECT/MINC/Case12/landmarks/Case12-MRI-beforeUS.tag |  ASCII text | 1118 | 2017-05-24 | b006b75808b5df6344c6b32f0fa9da8a
https://data.archive.sigma2.no/dataset/5686d8fa-2003-4837-8e66-8e887fabe21e/download/RESECT/MINC/Case12/MRI/Case12-FLAIR.mnc.gz | s3://archive-ro/5686d8fa-2003-4837-8e66-8e887fabe21e/RESECT/MINC/Case12/MRI/Case12-FLAIR.mnc.gz | RESECT/MINC/Case12/MRI/Case12-FLAIR.mnc.gz |  gzip compressed data | 8779531 | 2017-05-24 | 5777f3d9977d525ab6e698b8b87077f6
https://data.archive.sigma2.no/dataset/5686d8fa-2003-4837-8e66-8e887fabe21e/download/RESECT/MINC/Case12/MRI/Case12-T1.mnc.gz | s3://archive-ro/5686d8fa-2003-4837-8e66-8e887fabe21e/RESECT/MINC/Case12/MRI/Case12-T1.mnc.gz | RESECT/MINC/Case12/MRI/Case12-T1.mnc.gz |  gzip compressed data | 10160132 | 2017-05-24 | dbd5491829d0339f058717bbb5744f02
https://data.archive.sigma2.no/dataset/5686d8fa-2003-4837-8e66-8e887fabe21e/download/RESECT/MINC/Case12/US/Case12-US-after.mnc.gz | s3://archive-ro/5686d8fa-2003-4837-8e66-8e887fabe21e/RESECT/MINC/Case12/US/Case12-US-after.mnc.gz | RESECT/MINC/Case12/US/Case12-US-after.mnc.gz |  gzip compressed data | 11686121 | 2017-05-24 | 9fda6eba3a147c50f5b05f0b88df8ee7
https://data.archive.sigma2.no/dataset/5686d8fa-2003-4837-8e66-8e887fabe21e/download/RESECT/MINC/Case12/US/Case12-US-before.mnc.gz | s3://archive-ro/5686d8fa-2003-4837-8e66-8e887fabe21e/RESECT/MINC/Case12/US/Case12-US-before.mnc.gz | RESECT/MINC/Case12/US/Case12-US-before.mnc.gz |  gzip compressed data | 13441725 | 2017-05-24 | 5e044cfc68f7c4b837fb63446bb6ef66
https://data.archive.sigma2.no/dataset/5686d8fa-2003-4837-8e66-8e887fabe21e/download/RESECT/MINC/Case12/US/Case12-US-during.mnc.gz | s3://archive-ro/5686d8fa-2003-4837-8e66-8e887fabe21e/RESECT/MINC/Case12/US/Case12-US-during.mnc.gz | RESECT/MINC/Case12/US/Case12-US-during.mnc.gz |  gzip compressed data | 11032267 | 2017-05-24 | 0d35fa6ae313f1ce50d9b276a7e4ce1c
https://data.archive.sigma2.no/dataset/5686d8fa-2003-4837-8e66-8e887fabe21e/download/RESECT/MINC/Case13/.DS_Store | s3://archive-ro/5686d8fa-2003-4837-8e66-8e887fabe21e/RESECT/MINC/Case13/.DS_Store | RESECT/MINC/Case13/.DS_Store |  data | 6148 | 2017-05-24 | 711f761b01b7fd2e6254b3af08b3ec94
https://data.archive.sigma2.no/dataset/5686d8fa-2003-4837-8e66-8e887fabe21e/download/RESECT/MINC/Case13/landmarks/Case13-MRI-beforeUS.tag | s3://archive-ro/5686d8fa-2003-4837-8e66-8e887fabe21e/RESECT/MINC/Case13/landmarks/Case13-MRI-beforeUS.tag | RESECT/MINC/Case13/landmarks/Case13-MRI-beforeUS.tag |  ASCII text | 1031 | 2017-05-24 | 03f05e62e4d007ab3f50a4ca11938fd2
https://data.archive.sigma2.no/dataset/5686d8fa-2003-4837-8e66-8e887fabe21e/download/RESECT/MINC/Case2/.DS_Store | s3://archive-ro/5686d8fa-2003-4837-8e66-8e887fabe21e/RESECT/MINC/Case2/.DS_Store | RESECT/MINC/Case2/.DS_Store |  data | 6148 | 2017-05-24 | 4e2e59724a385a55ca7272ff150e43e9
https://data.archive.sigma2.no/dataset/5686d8fa-2003-4837-8e66-8e887fabe21e/download/RESECT/MINC/Case13/MRI/Case13-FLAIR.mnc.gz | s3://archive-ro/5686d8fa-2003-4837-8e66-8e887fabe21e/RESECT/MINC/Case13/MRI/Case13-FLAIR.mnc.gz | RESECT/MINC/Case13/MRI/Case13-FLAIR.mnc.gz |  gzip compressed data | 9725016 | 2017-05-24 | 41b7dcea1164f054bc63c6a3123e4cfc
https://data.archive.sigma2.no/dataset/5686d8fa-2003-4837-8e66-8e887fabe21e/download/RESECT/MINC/Case13/MRI/Case13-T1.mnc.gz | s3://archive-ro/5686d8fa-2003-4837-8e66-8e887fabe21e/RESECT/MINC/Case13/MRI/Case13-T1.mnc.gz | RESECT/MINC/Case13/MRI/Case13-T1.mnc.gz |  gzip compressed data | 14991080 | 2017-05-24 | f70b9e5e71f593e590287420ea1cc80b
https://data.archive.sigma2.no/dataset/5686d8fa-2003-4837-8e66-8e887fabe21e/download/RESECT/MINC/Case14/landmarks/Case14-beforeUS-duringUS-full.tag | s3://archive-ro/5686d8fa-2003-4837-8e66-8e887fabe21e/RESECT/MINC/Case14/landmarks/Case14-beforeUS-duringUS-full.tag | RESECT/MINC/Case14/landmarks/Case14-beforeUS-duringUS-full.tag |  ASCII text | 1562 | 2017-05-24 | 6b1b41cde4fcb2d590938f0fa7708fe1
https://data.archive.sigma2.no/dataset/5686d8fa-2003-4837-8e66-8e887fabe21e/download/RESECT/MINC/Case14/landmarks/Case14-beforeUS-duringUS.tag | s3://archive-ro/5686d8fa-2003-4837-8e66-8e887fabe21e/RESECT/MINC/Case14/landmarks/Case14-beforeUS-duringUS.tag | RESECT/MINC/Case14/landmarks/Case14-beforeUS-duringUS.tag |  ASCII text | 1225 | 2017-05-24 | 9b4abb8e63d2be31c581bfc2c369448c
https://data.archive.sigma2.no/dataset/5686d8fa-2003-4837-8e66-8e887fabe21e/download/RESECT/MINC/Case14/landmarks/Case14-MRI-afterUS.tag | s3://archive-ro/5686d8fa-2003-4837-8e66-8e887fabe21e/RESECT/MINC/Case14/landmarks/Case14-MRI-afterUS.tag | RESECT/MINC/Case14/landmarks/Case14-MRI-afterUS.tag |  ASCII text | 1123 | 2017-05-24 | 508a76634794d67fddf76171400d38bc
https://data.archive.sigma2.no/dataset/5686d8fa-2003-4837-8e66-8e887fabe21e/download/RESECT/MINC/Case14/landmarks/Case14-MRI-beforeUS.tag | s3://archive-ro/5686d8fa-2003-4837-8e66-8e887fabe21e/RESECT/MINC/Case14/landmarks/Case14-MRI-beforeUS.tag | RESECT/MINC/Case14/landmarks/Case14-MRI-beforeUS.tag |  ASCII text | 1064 | 2017-05-24 | daa36dbc4a9c5b91fe531edbc4fcf738
https://data.archive.sigma2.no/dataset/5686d8fa-2003-4837-8e66-8e887fabe21e/download/RESECT/MINC/Case14/MRI/Case14-FLAIR.mnc.gz | s3://archive-ro/5686d8fa-2003-4837-8e66-8e887fabe21e/RESECT/MINC/Case14/MRI/Case14-FLAIR.mnc.gz | RESECT/MINC/Case14/MRI/Case14-FLAIR.mnc.gz |  gzip compressed data | 8833454 | 2017-05-24 | f10e7997cb97e35279c670aae03fbb32
https://data.archive.sigma2.no/dataset/5686d8fa-2003-4837-8e66-8e887fabe21e/download/RESECT/MINC/Case14/MRI/Case14-T1.mnc.gz | s3://archive-ro/5686d8fa-2003-4837-8e66-8e887fabe21e/RESECT/MINC/Case14/MRI/Case14-T1.mnc.gz | RESECT/MINC/Case14/MRI/Case14-T1.mnc.gz |  gzip compressed data | 40551545 | 2017-05-24 | 61c73bd2fdf40016b7cbdc3754dafa56
https://data.archive.sigma2.no/dataset/5686d8fa-2003-4837-8e66-8e887fabe21e/download/RESECT/MINC/Case14/US/Case14-US-after.mnc.gz | s3://archive-ro/5686d8fa-2003-4837-8e66-8e887fabe21e/RESECT/MINC/Case14/US/Case14-US-after.mnc.gz | RESECT/MINC/Case14/US/Case14-US-after.mnc.gz |  gzip compressed data | 9656563 | 2017-05-24 | e7c4a30392883efa3afbcc782dceac60
https://data.archive.sigma2.no/dataset/5686d8fa-2003-4837-8e66-8e887fabe21e/download/RESECT/MINC/Case14/US/Case14-US-before.mnc.gz | s3://archive-ro/5686d8fa-2003-4837-8e66-8e887fabe21e/RESECT/MINC/Case14/US/Case14-US-before.mnc.gz | RESECT/MINC/Case14/US/Case14-US-before.mnc.gz |  gzip compressed data | 10030289 | 2017-05-24 | d8d75816ef55ca11cb372fb386f94a4b
https://data.archive.sigma2.no/dataset/5686d8fa-2003-4837-8e66-8e887fabe21e/download/RESECT/MINC/Case14/US/Case14-US-during.mnc.gz | s3://archive-ro/5686d8fa-2003-4837-8e66-8e887fabe21e/RESECT/MINC/Case14/US/Case14-US-during.mnc.gz | RESECT/MINC/Case14/US/Case14-US-during.mnc.gz |  gzip compressed data | 10058136 | 2017-05-24 | e3153751089e043aa905f92482cb2db7
https://data.archive.sigma2.no/dataset/5686d8fa-2003-4837-8e66-8e887fabe21e/download/RESECT/MINC/Case15/.DS_Store | s3://archive-ro/5686d8fa-2003-4837-8e66-8e887fabe21e/RESECT/MINC/Case15/.DS_Store | RESECT/MINC/Case15/.DS_Store |  data | 6148 | 2017-05-24 | 6242136585ae518e40b658cb09b63803
https://data.archive.sigma2.no/dataset/5686d8fa-2003-4837-8e66-8e887fabe21e/download/RESECT/MINC/Case15/landmarks/Case15-beforeUS-afterUS.tag | s3://archive-ro/5686d8fa-2003-4837-8e66-8e887fabe21e/RESECT/MINC/Case15/landmarks/Case15-beforeUS-afterUS.tag | RESECT/MINC/Case15/landmarks/Case15-beforeUS-afterUS.tag |  ASCII text | 1028 | 2017-05-24 | a8483a047695d1ae49fc227ad5615ad7
https://data.archive.sigma2.no/dataset/5686d8fa-2003-4837-8e66-8e887fabe21e/download/RESECT/MINC/Case15/landmarks/Case15-beforeUS-duringUS-full.tag | s3://archive-ro/5686d8fa-2003-4837-8e66-8e887fabe21e/RESECT/MINC/Case15/landmarks/Case15-beforeUS-duringUS-full.tag | RESECT/MINC/Case15/landmarks/Case15-beforeUS-duringUS-full.tag |  ASCII text | 1409 | 2017-05-24 | a4103780ef66d445d669288b9a50a988
https://data.archive.sigma2.no/dataset/5686d8fa-2003-4837-8e66-8e887fabe21e/download/RESECT/MINC/Case15/landmarks/Case15-beforeUS-duringUS.tag | s3://archive-ro/5686d8fa-2003-4837-8e66-8e887fabe21e/RESECT/MINC/Case15/landmarks/Case15-beforeUS-duringUS.tag | RESECT/MINC/Case15/landmarks/Case15-beforeUS-duringUS.tag |  ASCII text | 1028 | 2017-05-24 | 71234c285a97fd4f17382e37d3119e4b
https://data.archive.sigma2.no/dataset/5686d8fa-2003-4837-8e66-8e887fabe21e/download/RESECT/MINC/Case15/landmarks/Case15-MRI-afterUS.tag | s3://archive-ro/5686d8fa-2003-4837-8e66-8e887fabe21e/RESECT/MINC/Case15/landmarks/Case15-MRI-afterUS.tag | RESECT/MINC/Case15/landmarks/Case15-MRI-afterUS.tag |  ASCII text | 1030 | 2017-05-24 | 8b8c88f96c5a6c915f1be9a779063b24
https://data.archive.sigma2.no/dataset/5686d8fa-2003-4837-8e66-8e887fabe21e/download/RESECT/MINC/Case15/landmarks/Case15-MRI-beforeUS.tag | s3://archive-ro/5686d8fa-2003-4837-8e66-8e887fabe21e/RESECT/MINC/Case15/landmarks/Case15-MRI-beforeUS.tag | RESECT/MINC/Case15/landmarks/Case15-MRI-beforeUS.tag |  ASCII text | 1030 | 2017-05-24 | 4ba5637dbb0ed3dbd017f2be41c8810c
https://data.archive.sigma2.no/dataset/5686d8fa-2003-4837-8e66-8e887fabe21e/download/RESECT/MINC/Case15/MRI/Case15-FLAIR.mnc.gz | s3://archive-ro/5686d8fa-2003-4837-8e66-8e887fabe21e/RESECT/MINC/Case15/MRI/Case15-FLAIR.mnc.gz | RESECT/MINC/Case15/MRI/Case15-FLAIR.mnc.gz |  gzip compressed data | 9138341 | 2017-05-24 | 0247859645cec4ff718490fd1f9a5d10
https://data.archive.sigma2.no/dataset/5686d8fa-2003-4837-8e66-8e887fabe21e/download/RESECT/MINC/Case15/MRI/Case15-T1.mnc.gz | s3://archive-ro/5686d8fa-2003-4837-8e66-8e887fabe21e/RESECT/MINC/Case15/MRI/Case15-T1.mnc.gz | RESECT/MINC/Case15/MRI/Case15-T1.mnc.gz |  gzip compressed data | 42256745 | 2017-05-24 | d88a8b5ed5299a519274b846548520ac
https://data.archive.sigma2.no/dataset/5686d8fa-2003-4837-8e66-8e887fabe21e/download/RESECT/MINC/Case15/US/Case15-US-after.mnc.gz | s3://archive-ro/5686d8fa-2003-4837-8e66-8e887fabe21e/RESECT/MINC/Case15/US/Case15-US-after.mnc.gz | RESECT/MINC/Case15/US/Case15-US-after.mnc.gz |  gzip compressed data | 12152672 | 2017-05-24 | 8e5ccca559d4b26e59ed8784b9cf60ca
https://data.archive.sigma2.no/dataset/5686d8fa-2003-4837-8e66-8e887fabe21e/download/RESECT/MINC/Case15/US/Case15-US-before.mnc.gz | s3://archive-ro/5686d8fa-2003-4837-8e66-8e887fabe21e/RESECT/MINC/Case15/US/Case15-US-before.mnc.gz | RESECT/MINC/Case15/US/Case15-US-before.mnc.gz |  gzip compressed data | 11786972 | 2017-05-24 | 69fbec7c7303ae08c9144b6843ab8944
https://data.archive.sigma2.no/dataset/5686d8fa-2003-4837-8e66-8e887fabe21e/download/RESECT/MINC/Case15/US/Case15-US-during.mnc.gz | s3://archive-ro/5686d8fa-2003-4837-8e66-8e887fabe21e/RESECT/MINC/Case15/US/Case15-US-during.mnc.gz | RESECT/MINC/Case15/US/Case15-US-during.mnc.gz |  gzip compressed data | 10299199 | 2017-05-24 | 2638fabd344cbc81cbb4360807c9caa1
https://data.archive.sigma2.no/dataset/5686d8fa-2003-4837-8e66-8e887fabe21e/download/RESECT/MINC/Case16/.DS_Store | s3://archive-ro/5686d8fa-2003-4837-8e66-8e887fabe21e/RESECT/MINC/Case16/.DS_Store | RESECT/MINC/Case16/.DS_Store |  data | 6148 | 2017-05-24 | bbd1d6b8e12675ed8ae3ea88e8bd22fb
https://data.archive.sigma2.no/dataset/5686d8fa-2003-4837-8e66-8e887fabe21e/download/RESECT/MINC/Case16/landmarks/Case16-beforeUS-afterUS.tag | s3://archive-ro/5686d8fa-2003-4837-8e66-8e887fabe21e/RESECT/MINC/Case16/landmarks/Case16-beforeUS-afterUS.tag | RESECT/MINC/Case16/landmarks/Case16-beforeUS-afterUS.tag |  ASCII text | 1217 | 2017-05-24 | c8395202ac3e9baa2bee4d0c5f4a29fe
https://data.archive.sigma2.no/dataset/5686d8fa-2003-4837-8e66-8e887fabe21e/download/RESECT/MINC/Case16/landmarks/Case16-beforeUS-duringUS-full.tag | s3://archive-ro/5686d8fa-2003-4837-8e66-8e887fabe21e/RESECT/MINC/Case16/landmarks/Case16-beforeUS-duringUS-full.tag | RESECT/MINC/Case16/landmarks/Case16-beforeUS-duringUS-full.tag |  ASCII text | 1357 | 2017-05-24 | 15a962a76e04649dabb01b5bc03b6425
https://data.archive.sigma2.no/dataset/5686d8fa-2003-4837-8e66-8e887fabe21e/download/RESECT/MINC/Case16/landmarks/Case16-beforeUS-duringUS.tag | s3://archive-ro/5686d8fa-2003-4837-8e66-8e887fabe21e/RESECT/MINC/Case16/landmarks/Case16-beforeUS-duringUS.tag | RESECT/MINC/Case16/landmarks/Case16-beforeUS-duringUS.tag |  ASCII text | 1220 | 2017-05-24 | ddb37e225f71d71b0e3331e4607b015d
https://data.archive.sigma2.no/dataset/5686d8fa-2003-4837-8e66-8e887fabe21e/download/RESECT/MINC/Case16/landmarks/Case16-MRI-afterUS.tag | s3://archive-ro/5686d8fa-2003-4837-8e66-8e887fabe21e/RESECT/MINC/Case16/landmarks/Case16-MRI-afterUS.tag | RESECT/MINC/Case16/landmarks/Case16-MRI-afterUS.tag |  ASCII text | 1014 | 2017-05-24 | 1ee8e972f1c0ee09ca7ef93d99d4bf04
https://data.archive.sigma2.no/dataset/5686d8fa-2003-4837-8e66-8e887fabe21e/download/RESECT/MINC/Case16/landmarks/Case16-MRI-beforeUS.tag | s3://archive-ro/5686d8fa-2003-4837-8e66-8e887fabe21e/RESECT/MINC/Case16/landmarks/Case16-MRI-beforeUS.tag | RESECT/MINC/Case16/landmarks/Case16-MRI-beforeUS.tag |  ASCII text | 1070 | 2017-05-24 | f0a77fb86a5921e8f8c01ea03417d3ea
https://data.archive.sigma2.no/dataset/5686d8fa-2003-4837-8e66-8e887fabe21e/download/RESECT/MINC/Case17/landmarks/Case17-beforeUS-duringUS-full.tag | s3://archive-ro/5686d8fa-2003-4837-8e66-8e887fabe21e/RESECT/MINC/Case17/landmarks/Case17-beforeUS-duringUS-full.tag | RESECT/MINC/Case17/landmarks/Case17-beforeUS-duringUS-full.tag |  ASCII text | 1167 | 2017-05-24 | 196a06eb00c9dc1a0dc60f15b5fcc116
https://data.archive.sigma2.no/dataset/5686d8fa-2003-4837-8e66-8e887fabe21e/download/RESECT/MINC/Case17/landmarks/Case17-beforeUS-duringUS.tag | s3://archive-ro/5686d8fa-2003-4837-8e66-8e887fabe21e/RESECT/MINC/Case17/landmarks/Case17-beforeUS-duringUS.tag | RESECT/MINC/Case17/landmarks/Case17-beforeUS-duringUS.tag |  ASCII text | 781 | 2017-05-24 | 58c997e20bedceea2217cf2ac5207bfc
https://data.archive.sigma2.no/dataset/5686d8fa-2003-4837-8e66-8e887fabe21e/download/RESECT/MINC/Case17/landmarks/Case17-MRI-afterUS.tag | s3://archive-ro/5686d8fa-2003-4837-8e66-8e887fabe21e/RESECT/MINC/Case17/landmarks/Case17-MRI-afterUS.tag | RESECT/MINC/Case17/landmarks/Case17-MRI-afterUS.tag |  ASCII text | 1090 | 2017-05-24 | 5c3a0e3bd39dc362d8233e129980a477
https://data.archive.sigma2.no/dataset/5686d8fa-2003-4837-8e66-8e887fabe21e/download/RESECT/MINC/Case17/landmarks/Case17-MRI-beforeUS.tag | s3://archive-ro/5686d8fa-2003-4837-8e66-8e887fabe21e/RESECT/MINC/Case17/landmarks/Case17-MRI-beforeUS.tag | RESECT/MINC/Case17/landmarks/Case17-MRI-beforeUS.tag |  ASCII text | 1091 | 2017-05-24 | bdecf4cc3b57b1c00197c4072d576189
https://data.archive.sigma2.no/dataset/5686d8fa-2003-4837-8e66-8e887fabe21e/download/RESECT/MINC/Case17/MRI/Case17-FLAIR.mnc.gz | s3://archive-ro/5686d8fa-2003-4837-8e66-8e887fabe21e/RESECT/MINC/Case17/MRI/Case17-FLAIR.mnc.gz | RESECT/MINC/Case17/MRI/Case17-FLAIR.mnc.gz |  gzip compressed data | 8630569 | 2017-05-24 | ced2e0a3eb5a0632aa62e07fe56ed187
https://data.archive.sigma2.no/dataset/5686d8fa-2003-4837-8e66-8e887fabe21e/download/RESECT/MINC/Case17/MRI/Case17-T1.mnc.gz | s3://archive-ro/5686d8fa-2003-4837-8e66-8e887fabe21e/RESECT/MINC/Case17/MRI/Case17-T1.mnc.gz | RESECT/MINC/Case17/MRI/Case17-T1.mnc.gz |  gzip compressed data | 13957759 | 2017-05-24 | eeaec41c611193b594932fd0b095d50d
https://data.archive.sigma2.no/dataset/5686d8fa-2003-4837-8e66-8e887fabe21e/download/RESECT/MINC/Case17/US/Case17-US-after.mnc.gz | s3://archive-ro/5686d8fa-2003-4837-8e66-8e887fabe21e/RESECT/MINC/Case17/US/Case17-US-after.mnc.gz | RESECT/MINC/Case17/US/Case17-US-after.mnc.gz |  gzip compressed data | 11331365 | 2017-05-24 | 2fdeb4b7a4e53fd4f6cf0b95efa3d0e2
https://data.archive.sigma2.no/dataset/5686d8fa-2003-4837-8e66-8e887fabe21e/download/RESECT/MINC/Case17/US/Case17-US-before.mnc.gz | s3://archive-ro/5686d8fa-2003-4837-8e66-8e887fabe21e/RESECT/MINC/Case17/US/Case17-US-before.mnc.gz | RESECT/MINC/Case17/US/Case17-US-before.mnc.gz |  gzip compressed data | 9136106 | 2017-05-24 | b2231306094c6f8e94fdbe25d2b5011c
https://data.archive.sigma2.no/dataset/5686d8fa-2003-4837-8e66-8e887fabe21e/download/RESECT/MINC/Case17/US/Case17-US-during.mnc.gz | s3://archive-ro/5686d8fa-2003-4837-8e66-8e887fabe21e/RESECT/MINC/Case17/US/Case17-US-during.mnc.gz | RESECT/MINC/Case17/US/Case17-US-during.mnc.gz |  gzip compressed data | 10691088 | 2017-05-24 | c3abe982e6d7f50ae361eaa9030121df
https://data.archive.sigma2.no/dataset/5686d8fa-2003-4837-8e66-8e887fabe21e/download/RESECT/MINC/Case18/.DS_Store | s3://archive-ro/5686d8fa-2003-4837-8e66-8e887fabe21e/RESECT/MINC/Case18/.DS_Store | RESECT/MINC/Case18/.DS_Store |  data | 6148 | 2017-05-24 | cc8062db64b63ad8f2fc3628e99c8bec
https://data.archive.sigma2.no/dataset/5686d8fa-2003-4837-8e66-8e887fabe21e/download/RESECT/MINC/Case18/landmarks/Case18-beforeUS-afterUS.tag | s3://archive-ro/5686d8fa-2003-4837-8e66-8e887fabe21e/RESECT/MINC/Case18/landmarks/Case18-beforeUS-afterUS.tag | RESECT/MINC/Case18/landmarks/Case18-beforeUS-afterUS.tag |  ASCII text | 948 | 2017-05-24 | 96df0aac2885aea30342340487d4375b
https://data.archive.sigma2.no/dataset/5686d8fa-2003-4837-8e66-8e887fabe21e/download/RESECT/MINC/Case18/landmarks/Case18-beforeUS-duringUS-full.tag | s3://archive-ro/5686d8fa-2003-4837-8e66-8e887fabe21e/RESECT/MINC/Case18/landmarks/Case18-beforeUS-duringUS-full.tag | RESECT/MINC/Case18/landmarks/Case18-beforeUS-duringUS-full.tag |  ASCII text | 1615 | 2017-05-24 | 4267f76ae473f85fa36f35e019feba9e
https://data.archive.sigma2.no/dataset/5686d8fa-2003-4837-8e66-8e887fabe21e/download/RESECT/MINC/Case18/landmarks/Case18-beforeUS-duringUS.tag | s3://archive-ro/5686d8fa-2003-4837-8e66-8e887fabe21e/RESECT/MINC/Case18/landmarks/Case18-beforeUS-duringUS.tag | RESECT/MINC/Case18/landmarks/Case18-beforeUS-duringUS.tag |  ASCII text | 950 | 2017-05-24 | 6aa756e142eac530d28c1ba824d555d0
https://data.archive.sigma2.no/dataset/5686d8fa-2003-4837-8e66-8e887fabe21e/download/RESECT/MINC/Case18/landmarks/Case18-MRI-afterUS.tag | s3://archive-ro/5686d8fa-2003-4837-8e66-8e887fabe21e/RESECT/MINC/Case18/landmarks/Case18-MRI-afterUS.tag | RESECT/MINC/Case18/landmarks/Case18-MRI-afterUS.tag |  ASCII text | 996 | 2017-05-24 | 4f2bd51c54aab5ced1c46e9e7bac3bd6
https://data.archive.sigma2.no/dataset/5686d8fa-2003-4837-8e66-8e887fabe21e/download/RESECT/MINC/Case18/landmarks/Case18-MRI-beforeUS.tag | s3://archive-ro/5686d8fa-2003-4837-8e66-8e887fabe21e/RESECT/MINC/Case18/landmarks/Case18-MRI-beforeUS.tag | RESECT/MINC/Case18/landmarks/Case18-MRI-beforeUS.tag |  ASCII text | 1140 | 2017-05-24 | e20a6ad6b5c67507375cf7880afecdfd
https://data.archive.sigma2.no/dataset/5686d8fa-2003-4837-8e66-8e887fabe21e/download/RESECT/MINC/Case18/MRI/Case18-FLAIR.mnc.gz | s3://archive-ro/5686d8fa-2003-4837-8e66-8e887fabe21e/RESECT/MINC/Case18/MRI/Case18-FLAIR.mnc.gz | RESECT/MINC/Case18/MRI/Case18-FLAIR.mnc.gz |  gzip compressed data | 9554928 | 2017-05-24 | 16a9775e00839977935be2091b095d0e
https://data.archive.sigma2.no/dataset/5686d8fa-2003-4837-8e66-8e887fabe21e/download/RESECT/MINC/Case18/MRI/Case18-T1.mnc.gz | s3://archive-ro/5686d8fa-2003-4837-8e66-8e887fabe21e/RESECT/MINC/Case18/MRI/Case18-T1.mnc.gz | RESECT/MINC/Case18/MRI/Case18-T1.mnc.gz |  gzip compressed data | 13518227 | 2017-05-24 | 5bdff0bbaf4390cb43005ca5bc6fbac8
https://data.archive.sigma2.no/dataset/5686d8fa-2003-4837-8e66-8e887fabe21e/download/RESECT/MINC/Case18/US/Case18-US-after.mnc.gz | s3://archive-ro/5686d8fa-2003-4837-8e66-8e887fabe21e/RESECT/MINC/Case18/US/Case18-US-after.mnc.gz | RESECT/MINC/Case18/US/Case18-US-after.mnc.gz |  gzip compressed data | 14323501 | 2017-05-24 | eda8f9ae74b8f86e05ece19b2cb0fc6c
https://data.archive.sigma2.no/dataset/5686d8fa-2003-4837-8e66-8e887fabe21e/download/RESECT/MINC/Case18/US/Case18-US-before.mnc.gz | s3://archive-ro/5686d8fa-2003-4837-8e66-8e887fabe21e/RESECT/MINC/Case18/US/Case18-US-before.mnc.gz | RESECT/MINC/Case18/US/Case18-US-before.mnc.gz |  gzip compressed data | 11560658 | 2017-05-24 | 96532e83aeda19f22363024d842bdaa5
https://data.archive.sigma2.no/dataset/5686d8fa-2003-4837-8e66-8e887fabe21e/download/RESECT/MINC/Case18/US/Case18-US-during.mnc.gz | s3://archive-ro/5686d8fa-2003-4837-8e66-8e887fabe21e/RESECT/MINC/Case18/US/Case18-US-during.mnc.gz | RESECT/MINC/Case18/US/Case18-US-during.mnc.gz |  gzip compressed data | 14918920 | 2017-05-24 | 8cca7d8b968e374a20cefc44debbbd7b
https://data.archive.sigma2.no/dataset/5686d8fa-2003-4837-8e66-8e887fabe21e/download/RESECT/MINC/Case19/.DS_Store | s3://archive-ro/5686d8fa-2003-4837-8e66-8e887fabe21e/RESECT/MINC/Case19/.DS_Store | RESECT/MINC/Case19/.DS_Store |  data | 6148 | 2017-05-24 | dbcc0a9ed51ed1edcdf3d86e2b21a13c
https://data.archive.sigma2.no/dataset/5686d8fa-2003-4837-8e66-8e887fabe21e/download/RESECT/MINC/Case19/landmarks/Case19-beforeUS-afterUS.tag | s3://archive-ro/5686d8fa-2003-4837-8e66-8e887fabe21e/RESECT/MINC/Case19/landmarks/Case19-beforeUS-afterUS.tag | RESECT/MINC/Case19/landmarks/Case19-beforeUS-afterUS.tag |  ASCII text | 921 | 2017-05-24 | bccae7a69121f3a89b24e662cb59771f
https://data.archive.sigma2.no/dataset/5686d8fa-2003-4837-8e66-8e887fabe21e/download/RESECT/MINC/Case19/landmarks/Case19-beforeUS-duringUS-full.tag | s3://archive-ro/5686d8fa-2003-4837-8e66-8e887fabe21e/RESECT/MINC/Case19/landmarks/Case19-beforeUS-duringUS-full.tag | RESECT/MINC/Case19/landmarks/Case19-beforeUS-duringUS-full.tag |  ASCII text | 1450 | 2017-05-24 | a46395444e9bbe43b3069c8ddaa17960
https://data.archive.sigma2.no/dataset/5686d8fa-2003-4837-8e66-8e887fabe21e/download/RESECT/MINC/Case19/landmarks/Case19-beforeUS-duringUS.tag | s3://archive-ro/5686d8fa-2003-4837-8e66-8e887fabe21e/RESECT/MINC/Case19/landmarks/Case19-beforeUS-duringUS.tag | RESECT/MINC/Case19/landmarks/Case19-beforeUS-duringUS.tag |  ASCII text | 924 | 2017-05-24 | d5b54f5af3116f3b03dc300e1f3bbd22
https://data.archive.sigma2.no/dataset/5686d8fa-2003-4837-8e66-8e887fabe21e/download/RESECT/MINC/Case19/landmarks/Case19-MRI-afterUS.tag | s3://archive-ro/5686d8fa-2003-4837-8e66-8e887fabe21e/RESECT/MINC/Case19/landmarks/Case19-MRI-afterUS.tag | RESECT/MINC/Case19/landmarks/Case19-MRI-afterUS.tag |  ASCII text | 1054 | 2017-05-24 | d12341b6dab9675fdc497b883bef84f9
https://data.archive.sigma2.no/dataset/5686d8fa-2003-4837-8e66-8e887fabe21e/download/RESECT/MINC/Case19/landmarks/Case19-MRI-beforeUS.tag | s3://archive-ro/5686d8fa-2003-4837-8e66-8e887fabe21e/RESECT/MINC/Case19/landmarks/Case19-MRI-beforeUS.tag | RESECT/MINC/Case19/landmarks/Case19-MRI-beforeUS.tag |  ASCII text | 1116 | 2017-05-24 | 54392a1a5e7d9d5ccdf0a11a219e5d15
https://data.archive.sigma2.no/dataset/5686d8fa-2003-4837-8e66-8e887fabe21e/download/RESECT/MINC/Case2/landmarks/Case2-beforeUS-duringUS-full.tag | s3://archive-ro/5686d8fa-2003-4837-8e66-8e887fabe21e/RESECT/MINC/Case2/landmarks/Case2-beforeUS-duringUS-full.tag | RESECT/MINC/Case2/landmarks/Case2-beforeUS-duringUS-full.tag |  ASCII text | 1097 | 2017-05-24 | 0da96cc1547fb576830e55170bd87a1b
https://data.archive.sigma2.no/dataset/5686d8fa-2003-4837-8e66-8e887fabe21e/download/RESECT/MINC/Case2/landmarks/Case2-beforeUS-duringUS.tag | s3://archive-ro/5686d8fa-2003-4837-8e66-8e887fabe21e/RESECT/MINC/Case2/landmarks/Case2-beforeUS-duringUS.tag | RESECT/MINC/Case2/landmarks/Case2-beforeUS-duringUS.tag |  ASCII text | 708 | 2017-05-24 | aa7c54dd564d563aa38761844e550e18
https://data.archive.sigma2.no/dataset/5686d8fa-2003-4837-8e66-8e887fabe21e/download/RESECT/MINC/Case2/landmarks/Case2-MRI-afterUS.tag | s3://archive-ro/5686d8fa-2003-4837-8e66-8e887fabe21e/RESECT/MINC/Case2/landmarks/Case2-MRI-afterUS.tag | RESECT/MINC/Case2/landmarks/Case2-MRI-afterUS.tag |  ASCII text | 960 | 2017-05-24 | bbc9f2bf6c0463c01303fe6790950916
https://data.archive.sigma2.no/dataset/5686d8fa-2003-4837-8e66-8e887fabe21e/download/RESECT/MINC/Case2/landmarks/Case2-MRI-beforeUS.tag | s3://archive-ro/5686d8fa-2003-4837-8e66-8e887fabe21e/RESECT/MINC/Case2/landmarks/Case2-MRI-beforeUS.tag | RESECT/MINC/Case2/landmarks/Case2-MRI-beforeUS.tag |  ASCII text | 1035 | 2017-05-24 | c5276879995d39003ea0cb358f3b4213
https://data.archive.sigma2.no/dataset/5686d8fa-2003-4837-8e66-8e887fabe21e/download/RESECT/MINC/Case2/MRI/Case2-FLAIR.mnc.gz | s3://archive-ro/5686d8fa-2003-4837-8e66-8e887fabe21e/RESECT/MINC/Case2/MRI/Case2-FLAIR.mnc.gz | RESECT/MINC/Case2/MRI/Case2-FLAIR.mnc.gz |  gzip compressed data | 9385196 | 2017-05-24 | b0293c5eef9435ae70b64e8f82cd0247
https://data.archive.sigma2.no/dataset/5686d8fa-2003-4837-8e66-8e887fabe21e/download/RESECT/MINC/Case2/MRI/Case2-T1.mnc.gz | s3://archive-ro/5686d8fa-2003-4837-8e66-8e887fabe21e/RESECT/MINC/Case2/MRI/Case2-T1.mnc.gz | RESECT/MINC/Case2/MRI/Case2-T1.mnc.gz |  gzip compressed data | 41008077 | 2017-05-24 | eac96f517e6366a3216b5eca23416161
https://data.archive.sigma2.no/dataset/5686d8fa-2003-4837-8e66-8e887fabe21e/download/RESECT/MINC/Case2/US/.DS_Store | s3://archive-ro/5686d8fa-2003-4837-8e66-8e887fabe21e/RESECT/MINC/Case2/US/.DS_Store | RESECT/MINC/Case2/US/.DS_Store |  data | 6148 | 2017-05-24 | 194577a7e20bdcc7afbb718f502c134c
https://data.archive.sigma2.no/dataset/5686d8fa-2003-4837-8e66-8e887fabe21e/download/RESECT/MINC/Case2/US/Case2-US-after.mnc.gz | s3://archive-ro/5686d8fa-2003-4837-8e66-8e887fabe21e/RESECT/MINC/Case2/US/Case2-US-after.mnc.gz | RESECT/MINC/Case2/US/Case2-US-after.mnc.gz |  gzip compressed data | 6922262 | 2017-05-24 | a1032204ffec4fd68b8f98cff7d6b29d
https://data.archive.sigma2.no/dataset/5686d8fa-2003-4837-8e66-8e887fabe21e/download/RESECT/MINC/Case2/US/Case2-US-before.mnc.gz | s3://archive-ro/5686d8fa-2003-4837-8e66-8e887fabe21e/RESECT/MINC/Case2/US/Case2-US-before.mnc.gz | RESECT/MINC/Case2/US/Case2-US-before.mnc.gz |  gzip compressed data | 7628531 | 2017-05-24 | 1a24689217a42718b1daa71df8b9423e
https://data.archive.sigma2.no/dataset/5686d8fa-2003-4837-8e66-8e887fabe21e/download/RESECT/MINC/Case2/US/Case2-US-during.mnc.gz | s3://archive-ro/5686d8fa-2003-4837-8e66-8e887fabe21e/RESECT/MINC/Case2/US/Case2-US-during.mnc.gz | RESECT/MINC/Case2/US/Case2-US-during.mnc.gz |  gzip compressed data | 7009333 | 2017-05-24 | ddfcef59bd7a34fe11d63233fa3adc61
https://data.archive.sigma2.no/dataset/5686d8fa-2003-4837-8e66-8e887fabe21e/download/RESECT/MINC/Case21/.DS_Store | s3://archive-ro/5686d8fa-2003-4837-8e66-8e887fabe21e/RESECT/MINC/Case21/.DS_Store | RESECT/MINC/Case21/.DS_Store |  data | 6148 | 2017-05-24 | 7a2bec1d7f12ad0a23927e25d00dcc64
https://data.archive.sigma2.no/dataset/5686d8fa-2003-4837-8e66-8e887fabe21e/download/RESECT/MINC/Case21/landmarks/Case21-beforeUS-afterUS.tag | s3://archive-ro/5686d8fa-2003-4837-8e66-8e887fabe21e/RESECT/MINC/Case21/landmarks/Case21-beforeUS-afterUS.tag | RESECT/MINC/Case21/landmarks/Case21-beforeUS-afterUS.tag |  ASCII text | 656 | 2017-05-24 | 2bad4ab5bca9a6e94bf4f8c8e0e5762c
https://data.archive.sigma2.no/dataset/5686d8fa-2003-4837-8e66-8e887fabe21e/download/RESECT/MINC/Case21/landmarks/Case21-beforeUS-duringUS-full.tag | s3://archive-ro/5686d8fa-2003-4837-8e66-8e887fabe21e/RESECT/MINC/Case21/landmarks/Case21-beforeUS-duringUS-full.tag | RESECT/MINC/Case21/landmarks/Case21-beforeUS-duringUS-full.tag |  ASCII text | 1249 | 2017-05-24 | 30cf7b9bbb4a39aa74de3ea1e61e4ce5
https://data.archive.sigma2.no/dataset/5686d8fa-2003-4837-8e66-8e887fabe21e/download/RESECT/MINC/Case21/landmarks/Case21-beforeUS-duringUS.tag | s3://archive-ro/5686d8fa-2003-4837-8e66-8e887fabe21e/RESECT/MINC/Case21/landmarks/Case21-beforeUS-duringUS.tag | RESECT/MINC/Case21/landmarks/Case21-beforeUS-duringUS.tag |  ASCII text | 656 | 2017-05-24 | 4b7a0ea8208d0cd90bf508c60853c1a6
https://data.archive.sigma2.no/dataset/5686d8fa-2003-4837-8e66-8e887fabe21e/download/RESECT/MINC/Case21/landmarks/Case21-MRI-afterUS.tag | s3://archive-ro/5686d8fa-2003-4837-8e66-8e887fabe21e/RESECT/MINC/Case21/landmarks/Case21-MRI-afterUS.tag | RESECT/MINC/Case21/landmarks/Case21-MRI-afterUS.tag |  ASCII text | 1029 | 2017-05-24 | 798ba68f1e78b0995a6d5e9e55e04865
https://data.archive.sigma2.no/dataset/5686d8fa-2003-4837-8e66-8e887fabe21e/download/RESECT/MINC/Case21/landmarks/Case21-MRI-beforeUS.tag | s3://archive-ro/5686d8fa-2003-4837-8e66-8e887fabe21e/RESECT/MINC/Case21/landmarks/Case21-MRI-beforeUS.tag | RESECT/MINC/Case21/landmarks/Case21-MRI-beforeUS.tag |  ASCII text | 1088 | 2017-05-24 | d91b091b6355de0923ec1a61f22826e4
https://data.archive.sigma2.no/dataset/5686d8fa-2003-4837-8e66-8e887fabe21e/download/RESECT/MINC/Case21/MRI/Case21-FLAIR.mnc.gz | s3://archive-ro/5686d8fa-2003-4837-8e66-8e887fabe21e/RESECT/MINC/Case21/MRI/Case21-FLAIR.mnc.gz | RESECT/MINC/Case21/MRI/Case21-FLAIR.mnc.gz |  gzip compressed data | 9529848 | 2017-05-24 | 21a35410a5904b3e22be55da902fca24
https://data.archive.sigma2.no/dataset/5686d8fa-2003-4837-8e66-8e887fabe21e/download/RESECT/MINC/Case21/MRI/Case21-T1.mnc.gz | s3://archive-ro/5686d8fa-2003-4837-8e66-8e887fabe21e/RESECT/MINC/Case21/MRI/Case21-T1.mnc.gz | RESECT/MINC/Case21/MRI/Case21-T1.mnc.gz |  gzip compressed data | 14504771 | 2017-05-24 | ff6cb04594aa36db4168c2528e078786
https://data.archive.sigma2.no/dataset/5686d8fa-2003-4837-8e66-8e887fabe21e/download/RESECT/MINC/Case21/US/Case21-US-after.mnc.gz | s3://archive-ro/5686d8fa-2003-4837-8e66-8e887fabe21e/RESECT/MINC/Case21/US/Case21-US-after.mnc.gz | RESECT/MINC/Case21/US/Case21-US-after.mnc.gz |  gzip compressed data | 12709223 | 2017-05-24 | 7650dd328fa20e2a84bed39a75b26bc7
https://data.archive.sigma2.no/dataset/5686d8fa-2003-4837-8e66-8e887fabe21e/download/RESECT/MINC/Case21/US/Case21-US-before.mnc.gz | s3://archive-ro/5686d8fa-2003-4837-8e66-8e887fabe21e/RESECT/MINC/Case21/US/Case21-US-before.mnc.gz | RESECT/MINC/Case21/US/Case21-US-before.mnc.gz |  gzip compressed data | 11487265 | 2017-05-24 | 488210eb7397fdb4c6f1d181145b5f22
https://data.archive.sigma2.no/dataset/5686d8fa-2003-4837-8e66-8e887fabe21e/download/RESECT/MINC/Case21/US/Case21-US-during.mnc.gz | s3://archive-ro/5686d8fa-2003-4837-8e66-8e887fabe21e/RESECT/MINC/Case21/US/Case21-US-during.mnc.gz | RESECT/MINC/Case21/US/Case21-US-during.mnc.gz |  gzip compressed data | 14709817 | 2017-05-24 | cdbd2abb4f430bcca9b137c05a046b88
https://data.archive.sigma2.no/dataset/5686d8fa-2003-4837-8e66-8e887fabe21e/download/RESECT/MINC/Case23/.DS_Store | s3://archive-ro/5686d8fa-2003-4837-8e66-8e887fabe21e/RESECT/MINC/Case23/.DS_Store | RESECT/MINC/Case23/.DS_Store |  data | 6148 | 2017-05-24 | dd2d712f1b058e5b3d417afbaec41c8d
https://data.archive.sigma2.no/dataset/5686d8fa-2003-4837-8e66-8e887fabe21e/download/RESECT/MINC/Case23/landmarks/Case23-MRI-afterUS.tag | s3://archive-ro/5686d8fa-2003-4837-8e66-8e887fabe21e/RESECT/MINC/Case23/landmarks/Case23-MRI-afterUS.tag | RESECT/MINC/Case23/landmarks/Case23-MRI-afterUS.tag |  ASCII text | 1008 | 2017-05-24 | 5f8fac2b506bf00429312ea4b37b1917
https://data.archive.sigma2.no/dataset/5686d8fa-2003-4837-8e66-8e887fabe21e/download/RESECT/MINC/Case23/landmarks/Case23-MRI-beforeUS.tag | s3://archive-ro/5686d8fa-2003-4837-8e66-8e887fabe21e/RESECT/MINC/Case23/landmarks/Case23-MRI-beforeUS.tag | RESECT/MINC/Case23/landmarks/Case23-MRI-beforeUS.tag |  ASCII text | 1007 | 2017-05-24 | 4bd562c9459e740ec4052b6eddb2a0f0
https://data.archive.sigma2.no/dataset/5686d8fa-2003-4837-8e66-8e887fabe21e/download/RESECT/MINC/Case23/MRI/Case23-FLAIR.mnc.gz | s3://archive-ro/5686d8fa-2003-4837-8e66-8e887fabe21e/RESECT/MINC/Case23/MRI/Case23-FLAIR.mnc.gz | RESECT/MINC/Case23/MRI/Case23-FLAIR.mnc.gz |  gzip compressed data | 9679007 | 2017-05-24 | aece5e5596cf16156eae6b6dc2aa2c52
https://data.archive.sigma2.no/dataset/5686d8fa-2003-4837-8e66-8e887fabe21e/download/RESECT/MINC/Case23/MRI/Case23-T1.mnc.gz | s3://archive-ro/5686d8fa-2003-4837-8e66-8e887fabe21e/RESECT/MINC/Case23/MRI/Case23-T1.mnc.gz | RESECT/MINC/Case23/MRI/Case23-T1.mnc.gz |  gzip compressed data | 13214707 | 2017-05-24 | 9890b0296b588ab44e6fe6ab1d827989
https://data.archive.sigma2.no/dataset/5686d8fa-2003-4837-8e66-8e887fabe21e/download/RESECT/MINC/Case24/landmarks/Case24-beforeUS-duringUS-full.tag | s3://archive-ro/5686d8fa-2003-4837-8e66-8e887fabe21e/RESECT/MINC/Case24/landmarks/Case24-beforeUS-duringUS-full.tag | RESECT/MINC/Case24/landmarks/Case24-beforeUS-duringUS-full.tag |  ASCII text | 1410 | 2017-05-24 | d23dac7e16238ceefadc91f34fd80505
https://data.archive.sigma2.no/dataset/5686d8fa-2003-4837-8e66-8e887fabe21e/download/RESECT/MINC/Case24/landmarks/Case24-beforeUS-duringUS.tag | s3://archive-ro/5686d8fa-2003-4837-8e66-8e887fabe21e/RESECT/MINC/Case24/landmarks/Case24-beforeUS-duringUS.tag | RESECT/MINC/Case24/landmarks/Case24-beforeUS-duringUS.tag |  ASCII text | 959 | 2017-05-24 | a9cf736d079b56a8dbef2f681dbc43ca
https://data.archive.sigma2.no/dataset/5686d8fa-2003-4837-8e66-8e887fabe21e/download/RESECT/MINC/Case24/landmarks/Case24-MRI-afterUS.tag | s3://archive-ro/5686d8fa-2003-4837-8e66-8e887fabe21e/RESECT/MINC/Case24/landmarks/Case24-MRI-afterUS.tag | RESECT/MINC/Case24/landmarks/Case24-MRI-afterUS.tag |  ASCII text | 1023 | 2017-05-24 | bba0bd2ca894d27aeaf4684397019eb2
https://data.archive.sigma2.no/dataset/5686d8fa-2003-4837-8e66-8e887fabe21e/download/RESECT/MINC/Case24/landmarks/Case24-MRI-beforeUS.tag | s3://archive-ro/5686d8fa-2003-4837-8e66-8e887fabe21e/RESECT/MINC/Case24/landmarks/Case24-MRI-beforeUS.tag | RESECT/MINC/Case24/landmarks/Case24-MRI-beforeUS.tag |  ASCII text | 1091 | 2017-05-24 | d5746ee7fc4ba1d47fd4ee25c129b07e
https://data.archive.sigma2.no/dataset/5686d8fa-2003-4837-8e66-8e887fabe21e/download/RESECT/MINC/Case24/MRI/Case24-FLAIR.mnc.gz | s3://archive-ro/5686d8fa-2003-4837-8e66-8e887fabe21e/RESECT/MINC/Case24/MRI/Case24-FLAIR.mnc.gz | RESECT/MINC/Case24/MRI/Case24-FLAIR.mnc.gz |  gzip compressed data | 10822596 | 2017-05-24 | c50ffeefbd368ab7738eef6dcffa12f3
https://data.archive.sigma2.no/dataset/5686d8fa-2003-4837-8e66-8e887fabe21e/download/RESECT/MINC/Case24/MRI/Case24-T1.mnc.gz | s3://archive-ro/5686d8fa-2003-4837-8e66-8e887fabe21e/RESECT/MINC/Case24/MRI/Case24-T1.mnc.gz | RESECT/MINC/Case24/MRI/Case24-T1.mnc.gz |  gzip compressed data | 13753225 | 2017-05-24 | beca278a1ff23cf3a0ae1774ba68ea02
https://data.archive.sigma2.no/dataset/5686d8fa-2003-4837-8e66-8e887fabe21e/download/RESECT/MINC/Case24/US/Case24-US-after.mnc.gz | s3://archive-ro/5686d8fa-2003-4837-8e66-8e887fabe21e/RESECT/MINC/Case24/US/Case24-US-after.mnc.gz | RESECT/MINC/Case24/US/Case24-US-after.mnc.gz |  gzip compressed data | 9925366 | 2017-05-24 | 7818469e4bfefecf40c02def17ec41ea
https://data.archive.sigma2.no/dataset/5686d8fa-2003-4837-8e66-8e887fabe21e/download/RESECT/MINC/Case24/US/Case24-US-before.mnc.gz | s3://archive-ro/5686d8fa-2003-4837-8e66-8e887fabe21e/RESECT/MINC/Case24/US/Case24-US-before.mnc.gz | RESECT/MINC/Case24/US/Case24-US-before.mnc.gz |  gzip compressed data | 13328823 | 2017-05-24 | deec6d7af9fc1bb99732792d5f7bb7ec
https://data.archive.sigma2.no/dataset/5686d8fa-2003-4837-8e66-8e887fabe21e/download/RESECT/MINC/Case24/US/Case24-US-during.mnc.gz | s3://archive-ro/5686d8fa-2003-4837-8e66-8e887fabe21e/RESECT/MINC/Case24/US/Case24-US-during.mnc.gz | RESECT/MINC/Case24/US/Case24-US-during.mnc.gz |  gzip compressed data | 10985738 | 2017-05-24 | 4c69802b7705021618214310616c636d
https://data.archive.sigma2.no/dataset/5686d8fa-2003-4837-8e66-8e887fabe21e/download/RESECT/MINC/Case25/.DS_Store | s3://archive-ro/5686d8fa-2003-4837-8e66-8e887fabe21e/RESECT/MINC/Case25/.DS_Store | RESECT/MINC/Case25/.DS_Store |  data | 6148 | 2017-05-24 | 4f6db8f130734abe83d3faa553240aea
https://data.archive.sigma2.no/dataset/5686d8fa-2003-4837-8e66-8e887fabe21e/download/RESECT/MINC/Case25/landmarks/Case25-beforeUS-afterUS.tag | s3://archive-ro/5686d8fa-2003-4837-8e66-8e887fabe21e/RESECT/MINC/Case25/landmarks/Case25-beforeUS-afterUS.tag | RESECT/MINC/Case25/landmarks/Case25-beforeUS-afterUS.tag |  ASCII text | 871 | 2017-05-24 | 334369fec5a903b87ece09506f025f0e
https://data.archive.sigma2.no/dataset/5686d8fa-2003-4837-8e66-8e887fabe21e/download/RESECT/MINC/Case25/landmarks/Case25-beforeUS-duringUS-full.tag | s3://archive-ro/5686d8fa-2003-4837-8e66-8e887fabe21e/RESECT/MINC/Case25/landmarks/Case25-beforeUS-duringUS-full.tag | RESECT/MINC/Case25/landmarks/Case25-beforeUS-duringUS-full.tag |  ASCII text | 1394 | 2017-05-24 | 8f0eb8c25286d5ecc145bce29c059a03
https://data.archive.sigma2.no/dataset/5686d8fa-2003-4837-8e66-8e887fabe21e/download/RESECT/MINC/Case25/landmarks/Case25-beforeUS-duringUS.tag | s3://archive-ro/5686d8fa-2003-4837-8e66-8e887fabe21e/RESECT/MINC/Case25/landmarks/Case25-beforeUS-duringUS.tag | RESECT/MINC/Case25/landmarks/Case25-beforeUS-duringUS.tag |  ASCII text | 867 | 2017-05-24 | a5369c2a195956dfa428744d8a2929d2
https://data.archive.sigma2.no/dataset/5686d8fa-2003-4837-8e66-8e887fabe21e/download/RESECT/MINC/Case25/landmarks/Case25-MRI-afterUS.tag | s3://archive-ro/5686d8fa-2003-4837-8e66-8e887fabe21e/RESECT/MINC/Case25/landmarks/Case25-MRI-afterUS.tag | RESECT/MINC/Case25/landmarks/Case25-MRI-afterUS.tag |  ASCII text | 869 | 2017-05-24 | d6fc51a626247995a956a2bba8857fbd
https://data.archive.sigma2.no/dataset/5686d8fa-2003-4837-8e66-8e887fabe21e/download/RESECT/MINC/Case25/landmarks/Case25-MRI-beforeUS.tag | s3://archive-ro/5686d8fa-2003-4837-8e66-8e887fabe21e/RESECT/MINC/Case25/landmarks/Case25-MRI-beforeUS.tag | RESECT/MINC/Case25/landmarks/Case25-MRI-beforeUS.tag |  ASCII text | 1056 | 2017-05-24 | 646fc6585c19b2f3a0b3a76696023315
https://data.archive.sigma2.no/dataset/5686d8fa-2003-4837-8e66-8e887fabe21e/download/RESECT/MINC/Case25/MRI/Case25-FLAIR.mnc.gz | s3://archive-ro/5686d8fa-2003-4837-8e66-8e887fabe21e/RESECT/MINC/Case25/MRI/Case25-FLAIR.mnc.gz | RESECT/MINC/Case25/MRI/Case25-FLAIR.mnc.gz |  gzip compressed data | 12871448 | 2017-05-24 | e782b7f4410813e4854b68d7dd21afe9
https://data.archive.sigma2.no/dataset/5686d8fa-2003-4837-8e66-8e887fabe21e/download/RESECT/MINC/Case25/MRI/Case25-T1.mnc.gz | s3://archive-ro/5686d8fa-2003-4837-8e66-8e887fabe21e/RESECT/MINC/Case25/MRI/Case25-T1.mnc.gz | RESECT/MINC/Case25/MRI/Case25-T1.mnc.gz |  gzip compressed data | 17363301 | 2017-05-24 | dd83ec2c256a94011d0a379c0c925a01
https://data.archive.sigma2.no/dataset/5686d8fa-2003-4837-8e66-8e887fabe21e/download/RESECT/MINC/Case25/US/Case25-US-after.mnc.gz | s3://archive-ro/5686d8fa-2003-4837-8e66-8e887fabe21e/RESECT/MINC/Case25/US/Case25-US-after.mnc.gz | RESECT/MINC/Case25/US/Case25-US-after.mnc.gz |  gzip compressed data | 11608489 | 2017-05-24 | e6e7eb86ce7e7627846239987a45eb1e
https://data.archive.sigma2.no/dataset/5686d8fa-2003-4837-8e66-8e887fabe21e/download/RESECT/MINC/Case25/US/Case25-US-before.mnc.gz | s3://archive-ro/5686d8fa-2003-4837-8e66-8e887fabe21e/RESECT/MINC/Case25/US/Case25-US-before.mnc.gz | RESECT/MINC/Case25/US/Case25-US-before.mnc.gz |  gzip compressed data | 11548564 | 2017-05-24 | b91f2765979769873c27fcd2d96cd773
https://data.archive.sigma2.no/dataset/5686d8fa-2003-4837-8e66-8e887fabe21e/download/RESECT/MINC/Case25/US/Case25-US-during.mnc.gz | s3://archive-ro/5686d8fa-2003-4837-8e66-8e887fabe21e/RESECT/MINC/Case25/US/Case25-US-during.mnc.gz | RESECT/MINC/Case25/US/Case25-US-during.mnc.gz |  gzip compressed data | 13428632 | 2017-05-24 | e86223a2dc2a26250091b8ff316e21e1
https://data.archive.sigma2.no/dataset/5686d8fa-2003-4837-8e66-8e887fabe21e/download/RESECT/MINC/Case26/.DS_Store | s3://archive-ro/5686d8fa-2003-4837-8e66-8e887fabe21e/RESECT/MINC/Case26/.DS_Store | RESECT/MINC/Case26/.DS_Store |  data | 6148 | 2017-05-24 | a82d74463193ffc6e7c9c28fd518dcd0
https://data.archive.sigma2.no/dataset/5686d8fa-2003-4837-8e66-8e887fabe21e/download/RESECT/MINC/Case26/landmarks/Case26-MRI-beforeUS.tag | s3://archive-ro/5686d8fa-2003-4837-8e66-8e887fabe21e/RESECT/MINC/Case26/landmarks/Case26-MRI-beforeUS.tag | RESECT/MINC/Case26/landmarks/Case26-MRI-beforeUS.tag |  ASCII text | 1089 | 2017-05-24 | 290897f245fdbbbb88618c83968e5385
https://data.archive.sigma2.no/dataset/5686d8fa-2003-4837-8e66-8e887fabe21e/download/RESECT/MINC/Case26/MRI/Case26-FLAIR.mnc.gz | s3://archive-ro/5686d8fa-2003-4837-8e66-8e887fabe21e/RESECT/MINC/Case26/MRI/Case26-FLAIR.mnc.gz | RESECT/MINC/Case26/MRI/Case26-FLAIR.mnc.gz |  gzip compressed data | 10019140 | 2017-05-24 | 278193e5d0bd36b423cc0999a9a616bf
https://data.archive.sigma2.no/dataset/5686d8fa-2003-4837-8e66-8e887fabe21e/download/RESECT/MINC/Case26/MRI/Case26-T1.mnc.gz | s3://archive-ro/5686d8fa-2003-4837-8e66-8e887fabe21e/RESECT/MINC/Case26/MRI/Case26-T1.mnc.gz | RESECT/MINC/Case26/MRI/Case26-T1.mnc.gz |  gzip compressed data | 12725760 | 2017-05-24 | 97f2807d759a4ae0abe386c4a2d5fa82
https://data.archive.sigma2.no/dataset/5686d8fa-2003-4837-8e66-8e887fabe21e/download/RESECT/MINC/Case26/US/Case26-US-after.mnc.gz | s3://archive-ro/5686d8fa-2003-4837-8e66-8e887fabe21e/RESECT/MINC/Case26/US/Case26-US-after.mnc.gz | RESECT/MINC/Case26/US/Case26-US-after.mnc.gz |  gzip compressed data | 12296516 | 2017-05-24 | 718e0357eed9e500aee120ee02e5fc6c
https://data.archive.sigma2.no/dataset/5686d8fa-2003-4837-8e66-8e887fabe21e/download/RESECT/MINC/Case26/US/Case26-US-before.mnc.gz | s3://archive-ro/5686d8fa-2003-4837-8e66-8e887fabe21e/RESECT/MINC/Case26/US/Case26-US-before.mnc.gz | RESECT/MINC/Case26/US/Case26-US-before.mnc.gz |  gzip compressed data | 12200131 | 2017-05-24 | 8302c6c7409294176a1af632c8ef17d9
https://data.archive.sigma2.no/dataset/5686d8fa-2003-4837-8e66-8e887fabe21e/download/RESECT/MINC/Case27/landmarks/Case27-beforeUS-duringUS-full.tag | s3://archive-ro/5686d8fa-2003-4837-8e66-8e887fabe21e/RESECT/MINC/Case27/landmarks/Case27-beforeUS-duringUS-full.tag | RESECT/MINC/Case27/landmarks/Case27-beforeUS-duringUS-full.tag |  ASCII text | 1122 | 2017-05-24 | 6dadd72b1aefdcec68ecdf549dbec9a5
https://data.archive.sigma2.no/dataset/5686d8fa-2003-4837-8e66-8e887fabe21e/download/RESECT/MINC/Case27/landmarks/Case27-beforeUS-duringUS.tag | s3://archive-ro/5686d8fa-2003-4837-8e66-8e887fabe21e/RESECT/MINC/Case27/landmarks/Case27-beforeUS-duringUS.tag | RESECT/MINC/Case27/landmarks/Case27-beforeUS-duringUS.tag |  ASCII text | 860 | 2017-05-24 | 490fe7e5042c6a3751e3f6f6c69c899e
https://data.archive.sigma2.no/dataset/5686d8fa-2003-4837-8e66-8e887fabe21e/download/RESECT/MINC/Case27/landmarks/Case27-MRI-afterUS.tag | s3://archive-ro/5686d8fa-2003-4837-8e66-8e887fabe21e/RESECT/MINC/Case27/landmarks/Case27-MRI-afterUS.tag | RESECT/MINC/Case27/landmarks/Case27-MRI-afterUS.tag |  ASCII text | 988 | 2017-05-24 | 94bcc1d0d08c121ecd829e51b08090e2
https://data.archive.sigma2.no/dataset/5686d8fa-2003-4837-8e66-8e887fabe21e/download/RESECT/MINC/Case27/landmarks/Case27-MRI-beforeUS.tag | s3://archive-ro/5686d8fa-2003-4837-8e66-8e887fabe21e/RESECT/MINC/Case27/landmarks/Case27-MRI-beforeUS.tag | RESECT/MINC/Case27/landmarks/Case27-MRI-beforeUS.tag |  ASCII text | 1117 | 2017-05-24 | b686edee4611b8413aec7768dd3b8504
https://data.archive.sigma2.no/dataset/5686d8fa-2003-4837-8e66-8e887fabe21e/download/RESECT/MINC/Case27/MRI/Case27-FLAIR.mnc.gz | s3://archive-ro/5686d8fa-2003-4837-8e66-8e887fabe21e/RESECT/MINC/Case27/MRI/Case27-FLAIR.mnc.gz | RESECT/MINC/Case27/MRI/Case27-FLAIR.mnc.gz |  gzip compressed data | 11611684 | 2017-05-24 | 5cb17e7dd1a58845efb8771837aa56f5
https://data.archive.sigma2.no/dataset/5686d8fa-2003-4837-8e66-8e887fabe21e/download/RESECT/MINC/Case27/MRI/Case27-T1.mnc.gz | s3://archive-ro/5686d8fa-2003-4837-8e66-8e887fabe21e/RESECT/MINC/Case27/MRI/Case27-T1.mnc.gz | RESECT/MINC/Case27/MRI/Case27-T1.mnc.gz |  gzip compressed data | 16315269 | 2017-05-24 | 54b68b048e3d32546ac59d45db7fceac
https://data.archive.sigma2.no/dataset/5686d8fa-2003-4837-8e66-8e887fabe21e/download/RESECT/MINC/Case27/US/Case27-US-after.mnc.gz | s3://archive-ro/5686d8fa-2003-4837-8e66-8e887fabe21e/RESECT/MINC/Case27/US/Case27-US-after.mnc.gz | RESECT/MINC/Case27/US/Case27-US-after.mnc.gz |  gzip compressed data | 9915192 | 2017-05-24 | faaa9e6188e51833ae38d706740a8d69
https://data.archive.sigma2.no/dataset/5686d8fa-2003-4837-8e66-8e887fabe21e/download/RESECT/MINC/Case27/US/Case27-US-before.mnc.gz | s3://archive-ro/5686d8fa-2003-4837-8e66-8e887fabe21e/RESECT/MINC/Case27/US/Case27-US-before.mnc.gz | RESECT/MINC/Case27/US/Case27-US-before.mnc.gz |  gzip compressed data | 10834328 | 2017-05-24 | bbd6067d93dfbd7fdacf69afb78ddce7
https://data.archive.sigma2.no/dataset/5686d8fa-2003-4837-8e66-8e887fabe21e/download/RESECT/MINC/Case27/US/Case27-US-during.mnc.gz | s3://archive-ro/5686d8fa-2003-4837-8e66-8e887fabe21e/RESECT/MINC/Case27/US/Case27-US-during.mnc.gz | RESECT/MINC/Case27/US/Case27-US-during.mnc.gz |  gzip compressed data | 10076639 | 2017-05-24 | 5c3ef367a372c8dbb74fea07e160aebb
https://data.archive.sigma2.no/dataset/5686d8fa-2003-4837-8e66-8e887fabe21e/download/RESECT/MINC/Case3/landmarks/Case3-beforeUS-afterUS.tag | s3://archive-ro/5686d8fa-2003-4837-8e66-8e887fabe21e/RESECT/MINC/Case3/landmarks/Case3-beforeUS-afterUS.tag | RESECT/MINC/Case3/landmarks/Case3-beforeUS-afterUS.tag |  ASCII text | 792 | 2017-05-24 | bf9af18439c8708296e65a92ac0a5cbd
https://data.archive.sigma2.no/dataset/5686d8fa-2003-4837-8e66-8e887fabe21e/download/RESECT/MINC/Case3/landmarks/Case3-beforeUS-duringUS-full.tag | s3://archive-ro/5686d8fa-2003-4837-8e66-8e887fabe21e/RESECT/MINC/Case3/landmarks/Case3-beforeUS-duringUS-full.tag | RESECT/MINC/Case3/landmarks/Case3-beforeUS-duringUS-full.tag |  ASCII text | 1190 | 2017-05-24 | 7da1af98668545fd39bd8abbafec9370
https://data.archive.sigma2.no/dataset/5686d8fa-2003-4837-8e66-8e887fabe21e/download/RESECT/MINC/Case3/landmarks/Case3-beforeUS-duringUS.tag | s3://archive-ro/5686d8fa-2003-4837-8e66-8e887fabe21e/RESECT/MINC/Case3/landmarks/Case3-beforeUS-duringUS.tag | RESECT/MINC/Case3/landmarks/Case3-beforeUS-duringUS.tag |  ASCII text | 792 | 2017-05-24 | 263471250e91d05356e2803bfeef9352
https://data.archive.sigma2.no/dataset/5686d8fa-2003-4837-8e66-8e887fabe21e/download/RESECT/MINC/Case3/landmarks/Case3-MRI-afterUS.tag | s3://archive-ro/5686d8fa-2003-4837-8e66-8e887fabe21e/RESECT/MINC/Case3/landmarks/Case3-MRI-afterUS.tag | RESECT/MINC/Case3/landmarks/Case3-MRI-afterUS.tag |  ASCII text | 1058 | 2017-05-24 | a330f102784d0dc22695af5f583750d4
https://data.archive.sigma2.no/dataset/5686d8fa-2003-4837-8e66-8e887fabe21e/download/RESECT/MINC/Case3/landmarks/Case3-MRI-beforeUS.tag | s3://archive-ro/5686d8fa-2003-4837-8e66-8e887fabe21e/RESECT/MINC/Case3/landmarks/Case3-MRI-beforeUS.tag | RESECT/MINC/Case3/landmarks/Case3-MRI-beforeUS.tag |  ASCII text | 1057 | 2017-05-24 | dea22892533e113c261e3acd5d958124
https://data.archive.sigma2.no/dataset/5686d8fa-2003-4837-8e66-8e887fabe21e/download/RESECT/MINC/Case3/MRI/Case3-FLAIR.mnc.gz | s3://archive-ro/5686d8fa-2003-4837-8e66-8e887fabe21e/RESECT/MINC/Case3/MRI/Case3-FLAIR.mnc.gz | RESECT/MINC/Case3/MRI/Case3-FLAIR.mnc.gz |  gzip compressed data | 9574336 | 2017-05-24 | 0309384026c585c9c36c037326cbfb84
https://data.archive.sigma2.no/dataset/5686d8fa-2003-4837-8e66-8e887fabe21e/download/RESECT/MINC/Case3/MRI/Case3-T1.mnc.gz | s3://archive-ro/5686d8fa-2003-4837-8e66-8e887fabe21e/RESECT/MINC/Case3/MRI/Case3-T1.mnc.gz | RESECT/MINC/Case3/MRI/Case3-T1.mnc.gz |  gzip compressed data | 14421160 | 2017-05-24 | 7ee69e780fb9289e30ed86aa22231095
https://data.archive.sigma2.no/dataset/5686d8fa-2003-4837-8e66-8e887fabe21e/download/RESECT/MINC/Case3/US/Case3-US-after.mnc.gz | s3://archive-ro/5686d8fa-2003-4837-8e66-8e887fabe21e/RESECT/MINC/Case3/US/Case3-US-after.mnc.gz | RESECT/MINC/Case3/US/Case3-US-after.mnc.gz |  gzip compressed data | 7979989 | 2017-05-24 | 588f0fcaea4d1982a507e55ef8383367
https://data.archive.sigma2.no/dataset/5686d8fa-2003-4837-8e66-8e887fabe21e/download/RESECT/MINC/Case3/US/Case3-US-before.mnc.gz | s3://archive-ro/5686d8fa-2003-4837-8e66-8e887fabe21e/RESECT/MINC/Case3/US/Case3-US-before.mnc.gz | RESECT/MINC/Case3/US/Case3-US-before.mnc.gz |  gzip compressed data | 6321198 | 2017-05-24 | e89ab3e728af310fa0d44946ed65af24
https://data.archive.sigma2.no/dataset/5686d8fa-2003-4837-8e66-8e887fabe21e/download/RESECT/MINC/Case3/US/Case3-US-during.mnc.gz | s3://archive-ro/5686d8fa-2003-4837-8e66-8e887fabe21e/RESECT/MINC/Case3/US/Case3-US-during.mnc.gz | RESECT/MINC/Case3/US/Case3-US-during.mnc.gz |  gzip compressed data | 5896377 | 2017-05-24 | bbba5715f6c59366da9808690bff476e
https://data.archive.sigma2.no/dataset/5686d8fa-2003-4837-8e66-8e887fabe21e/download/RESECT/MINC/Case4/.DS_Store | s3://archive-ro/5686d8fa-2003-4837-8e66-8e887fabe21e/RESECT/MINC/Case4/.DS_Store | RESECT/MINC/Case4/.DS_Store |  data | 6148 | 2017-05-24 | a1838afb0368f5af89742ee733dbd980
https://data.archive.sigma2.no/dataset/5686d8fa-2003-4837-8e66-8e887fabe21e/download/RESECT/MINC/Case4/landmarks/Case4-beforeUS-afterUS.tag | s3://archive-ro/5686d8fa-2003-4837-8e66-8e887fabe21e/RESECT/MINC/Case4/landmarks/Case4-beforeUS-afterUS.tag | RESECT/MINC/Case4/landmarks/Case4-beforeUS-afterUS.tag |  ASCII text | 850 | 2017-05-24 | 9041fa0cc8100c20a17d99cf026448c4
https://data.archive.sigma2.no/dataset/5686d8fa-2003-4837-8e66-8e887fabe21e/download/RESECT/MINC/Case4/landmarks/Case4-beforeUS-duringUS-full.tag | s3://archive-ro/5686d8fa-2003-4837-8e66-8e887fabe21e/RESECT/MINC/Case4/landmarks/Case4-beforeUS-duringUS-full.tag | RESECT/MINC/Case4/landmarks/Case4-beforeUS-duringUS-full.tag |  ASCII text | 1304 | 2017-05-24 | 14259fc0f9ab32dfecbe1f2b8830ae86
https://data.archive.sigma2.no/dataset/5686d8fa-2003-4837-8e66-8e887fabe21e/download/RESECT/MINC/Case4/landmarks/Case4-beforeUS-duringUS.tag | s3://archive-ro/5686d8fa-2003-4837-8e66-8e887fabe21e/RESECT/MINC/Case4/landmarks/Case4-beforeUS-duringUS.tag | RESECT/MINC/Case4/landmarks/Case4-beforeUS-duringUS.tag |  ASCII text | 844 | 2017-05-24 | 9d04bd0a67d8685a51258dbae8c18254
https://data.archive.sigma2.no/dataset/5686d8fa-2003-4837-8e66-8e887fabe21e/download/RESECT/MINC/Case4/landmarks/Case4-MRI-afterUS.tag | s3://archive-ro/5686d8fa-2003-4837-8e66-8e887fabe21e/RESECT/MINC/Case4/landmarks/Case4-MRI-afterUS.tag | RESECT/MINC/Case4/landmarks/Case4-MRI-afterUS.tag |  ASCII text | 978 | 2017-05-24 | eaf98044aca058c6ca259eba5719b7db
https://data.archive.sigma2.no/dataset/5686d8fa-2003-4837-8e66-8e887fabe21e/download/RESECT/MINC/Case4/landmarks/Case4-MRI-beforeUS.tag | s3://archive-ro/5686d8fa-2003-4837-8e66-8e887fabe21e/RESECT/MINC/Case4/landmarks/Case4-MRI-beforeUS.tag | RESECT/MINC/Case4/landmarks/Case4-MRI-beforeUS.tag |  ASCII text | 1052 | 2017-05-24 | 19b7fa7c07322c98647cfa99eaa53fc4
https://data.archive.sigma2.no/dataset/5686d8fa-2003-4837-8e66-8e887fabe21e/download/RESECT/MINC/Case4/MRI/Case4-FLAIR.mnc.gz | s3://archive-ro/5686d8fa-2003-4837-8e66-8e887fabe21e/RESECT/MINC/Case4/MRI/Case4-FLAIR.mnc.gz | RESECT/MINC/Case4/MRI/Case4-FLAIR.mnc.gz |  gzip compressed data | 7662484 | 2017-05-24 | 325c3b07460afef16e8febf8dd9f6f3a
https://data.archive.sigma2.no/dataset/5686d8fa-2003-4837-8e66-8e887fabe21e/download/RESECT/MINC/Case6/landmarks/Case6-beforeUS-duringUS-full.tag | s3://archive-ro/5686d8fa-2003-4837-8e66-8e887fabe21e/RESECT/MINC/Case6/landmarks/Case6-beforeUS-duringUS-full.tag | RESECT/MINC/Case6/landmarks/Case6-beforeUS-duringUS-full.tag |  ASCII text | 1485 | 2017-05-24 | edbd878b4f170fe1cec95abb11375fa4
https://data.archive.sigma2.no/dataset/5686d8fa-2003-4837-8e66-8e887fabe21e/download/RESECT/MINC/Case6/landmarks/Case6-beforeUS-duringUS.tag | s3://archive-ro/5686d8fa-2003-4837-8e66-8e887fabe21e/RESECT/MINC/Case6/landmarks/Case6-beforeUS-duringUS.tag | RESECT/MINC/Case6/landmarks/Case6-beforeUS-duringUS.tag |  ASCII text | 814 | 2017-05-24 | 64cbd350e7cee2fb4b7f37a3c6d03c65
https://data.archive.sigma2.no/dataset/5686d8fa-2003-4837-8e66-8e887fabe21e/download/RESECT/MINC/Case6/landmarks/Case6-MRI-afterUS.tag | s3://archive-ro/5686d8fa-2003-4837-8e66-8e887fabe21e/RESECT/MINC/Case6/landmarks/Case6-MRI-afterUS.tag | RESECT/MINC/Case6/landmarks/Case6-MRI-afterUS.tag |  ASCII text | 673 | 2017-05-24 | 64c86498f1184b7ad45d3369557ea285
https://data.archive.sigma2.no/dataset/5686d8fa-2003-4837-8e66-8e887fabe21e/download/RESECT/MINC/Case6/landmarks/Case6-MRI-beforeUS.tag | s3://archive-ro/5686d8fa-2003-4837-8e66-8e887fabe21e/RESECT/MINC/Case6/landmarks/Case6-MRI-beforeUS.tag | RESECT/MINC/Case6/landmarks/Case6-MRI-beforeUS.tag |  ASCII text | 1067 | 2017-05-24 | 8ee49c0d08e0b7019a145f6925e94943
https://data.archive.sigma2.no/dataset/5686d8fa-2003-4837-8e66-8e887fabe21e/download/RESECT/MINC/Case6/MRI/Case6-FLAIR.mnc.gz | s3://archive-ro/5686d8fa-2003-4837-8e66-8e887fabe21e/RESECT/MINC/Case6/MRI/Case6-FLAIR.mnc.gz | RESECT/MINC/Case6/MRI/Case6-FLAIR.mnc.gz |  gzip compressed data | 10597825 | 2017-05-24 | 1ec8bc520aef720ef71550c0935c0c86
https://data.archive.sigma2.no/dataset/5686d8fa-2003-4837-8e66-8e887fabe21e/download/RESECT/MINC/Case6/MRI/Case6-T1.mnc.gz | s3://archive-ro/5686d8fa-2003-4837-8e66-8e887fabe21e/RESECT/MINC/Case6/MRI/Case6-T1.mnc.gz | RESECT/MINC/Case6/MRI/Case6-T1.mnc.gz |  gzip compressed data | 15624710 | 2017-05-24 | 3131d44196238014af161f44efafd01f
https://data.archive.sigma2.no/dataset/5686d8fa-2003-4837-8e66-8e887fabe21e/download/RESECT/MINC/Case6/US/Case6-US-after.mnc.gz | s3://archive-ro/5686d8fa-2003-4837-8e66-8e887fabe21e/RESECT/MINC/Case6/US/Case6-US-after.mnc.gz | RESECT/MINC/Case6/US/Case6-US-after.mnc.gz |  gzip compressed data | 6558702 | 2017-05-24 | 0437b03e7e4b74428ba21037bc928c66
https://data.archive.sigma2.no/dataset/5686d8fa-2003-4837-8e66-8e887fabe21e/download/RESECT/MINC/Case6/US/Case6-US-before.mnc.gz | s3://archive-ro/5686d8fa-2003-4837-8e66-8e887fabe21e/RESECT/MINC/Case6/US/Case6-US-before.mnc.gz | RESECT/MINC/Case6/US/Case6-US-before.mnc.gz |  gzip compressed data | 6238326 | 2017-05-24 | 21ca223b7b4416a0ce14bd262a7fee20
https://data.archive.sigma2.no/dataset/5686d8fa-2003-4837-8e66-8e887fabe21e/download/RESECT/MINC/Case6/US/Case6-US-during.mnc.gz | s3://archive-ro/5686d8fa-2003-4837-8e66-8e887fabe21e/RESECT/MINC/Case6/US/Case6-US-during.mnc.gz | RESECT/MINC/Case6/US/Case6-US-during.mnc.gz |  gzip compressed data | 6463142 | 2017-05-24 | 9483796b05690a09554b9daf9377815c
https://data.archive.sigma2.no/dataset/5686d8fa-2003-4837-8e66-8e887fabe21e/download/RESECT/MINC/Case7/.DS_Store | s3://archive-ro/5686d8fa-2003-4837-8e66-8e887fabe21e/RESECT/MINC/Case7/.DS_Store | RESECT/MINC/Case7/.DS_Store |  data | 6148 | 2017-05-24 | b5258ec961d38ce36e869a64ba912c93
https://data.archive.sigma2.no/dataset/5686d8fa-2003-4837-8e66-8e887fabe21e/download/RESECT/MINC/Case7/landmarks/Case7-beforeUS-afterUS.tag | s3://archive-ro/5686d8fa-2003-4837-8e66-8e887fabe21e/RESECT/MINC/Case7/landmarks/Case7-beforeUS-afterUS.tag | RESECT/MINC/Case7/landmarks/Case7-beforeUS-afterUS.tag |  ASCII text | 1236 | 2017-05-24 | 7fb5491913e8a8d523be0961440eb1dd
https://data.archive.sigma2.no/dataset/5686d8fa-2003-4837-8e66-8e887fabe21e/download/RESECT/MINC/Case7/landmarks/Case7-beforeUS-duringUS-full.tag | s3://archive-ro/5686d8fa-2003-4837-8e66-8e887fabe21e/RESECT/MINC/Case7/landmarks/Case7-beforeUS-duringUS-full.tag | RESECT/MINC/Case7/landmarks/Case7-beforeUS-duringUS-full.tag |  ASCII text | 1499 | 2017-05-24 | b112d56a4319fd0dfd0c386585795c69
https://data.archive.sigma2.no/dataset/5686d8fa-2003-4837-8e66-8e887fabe21e/download/RESECT/MINC/Case7/landmarks/Case7-beforeUS-duringUS.tag | s3://archive-ro/5686d8fa-2003-4837-8e66-8e887fabe21e/RESECT/MINC/Case7/landmarks/Case7-beforeUS-duringUS.tag | RESECT/MINC/Case7/landmarks/Case7-beforeUS-duringUS.tag |  ASCII text | 1237 | 2017-05-24 | ea3a4fe8cfb0875a15116dad6ffd7c7d
https://data.archive.sigma2.no/dataset/5686d8fa-2003-4837-8e66-8e887fabe21e/download/RESECT/MINC/Case7/landmarks/Case7-MRI-afterUS.tag | s3://archive-ro/5686d8fa-2003-4837-8e66-8e887fabe21e/RESECT/MINC/Case7/landmarks/Case7-MRI-afterUS.tag | RESECT/MINC/Case7/landmarks/Case7-MRI-afterUS.tag |  ASCII text | 1039 | 2017-05-24 | d7a479884569d7c3a65e790d114ed986
https://data.archive.sigma2.no/dataset/5686d8fa-2003-4837-8e66-8e887fabe21e/download/RESECT/MINC/Case7/landmarks/Case7-MRI-beforeUS.tag | s3://archive-ro/5686d8fa-2003-4837-8e66-8e887fabe21e/RESECT/MINC/Case7/landmarks/Case7-MRI-beforeUS.tag | RESECT/MINC/Case7/landmarks/Case7-MRI-beforeUS.tag |  ASCII text | 1039 | 2017-05-24 | 197daabac5d9826be231a70314160273
https://data.archive.sigma2.no/dataset/5686d8fa-2003-4837-8e66-8e887fabe21e/download/RESECT/MINC/Case7/MRI/Case7-FLAIR.mnc.gz | s3://archive-ro/5686d8fa-2003-4837-8e66-8e887fabe21e/RESECT/MINC/Case7/MRI/Case7-FLAIR.mnc.gz | RESECT/MINC/Case7/MRI/Case7-FLAIR.mnc.gz |  gzip compressed data | 10522750 | 2017-05-24 | 26e4c8bb93b2b8d447e208cc16c825d3
https://data.archive.sigma2.no/dataset/5686d8fa-2003-4837-8e66-8e887fabe21e/download/RESECT/MINC/Case7/MRI/Case7-T1.mnc.gz | s3://archive-ro/5686d8fa-2003-4837-8e66-8e887fabe21e/RESECT/MINC/Case7/MRI/Case7-T1.mnc.gz | RESECT/MINC/Case7/MRI/Case7-T1.mnc.gz |  gzip compressed data | 14639842 | 2017-05-24 | 70b98334570fae863b98bcb4bbb20331
https://data.archive.sigma2.no/dataset/5686d8fa-2003-4837-8e66-8e887fabe21e/download/RESECT/MINC/Case7/US/Case7-US-after.mnc.gz | s3://archive-ro/5686d8fa-2003-4837-8e66-8e887fabe21e/RESECT/MINC/Case7/US/Case7-US-after.mnc.gz | RESECT/MINC/Case7/US/Case7-US-after.mnc.gz |  gzip compressed data | 6432120 | 2017-05-24 | 82e8a470944a41ee5b97f3cb892814db
https://data.archive.sigma2.no/dataset/5686d8fa-2003-4837-8e66-8e887fabe21e/download/RESECT/MINC/Case7/US/Case7-US-before.mnc.gz | s3://archive-ro/5686d8fa-2003-4837-8e66-8e887fabe21e/RESECT/MINC/Case7/US/Case7-US-before.mnc.gz | RESECT/MINC/Case7/US/Case7-US-before.mnc.gz |  gzip compressed data | 7447339 | 2017-05-24 | 79992c5ed7e5f958367449076abf2ced
https://data.archive.sigma2.no/dataset/5686d8fa-2003-4837-8e66-8e887fabe21e/download/RESECT/MINC/Case7/US/Case7-US-during.mnc.gz | s3://archive-ro/5686d8fa-2003-4837-8e66-8e887fabe21e/RESECT/MINC/Case7/US/Case7-US-during.mnc.gz | RESECT/MINC/Case7/US/Case7-US-during.mnc.gz |  gzip compressed data | 7391538 | 2017-05-24 | 667c02fa7812a0bd39b4098189020b9b
https://data.archive.sigma2.no/dataset/5686d8fa-2003-4837-8e66-8e887fabe21e/download/RESECT/MINC/Case8/.DS_Store | s3://archive-ro/5686d8fa-2003-4837-8e66-8e887fabe21e/RESECT/MINC/Case8/.DS_Store | RESECT/MINC/Case8/.DS_Store |  data | 6148 | 2017-05-24 | ad97e8d96d6be57718e86f6f25b6c2af
https://data.archive.sigma2.no/dataset/5686d8fa-2003-4837-8e66-8e887fabe21e/download/RESECT/MINC/Case8/landmarks/Case8-MRI-afterUS.tag | s3://archive-ro/5686d8fa-2003-4837-8e66-8e887fabe21e/RESECT/MINC/Case8/landmarks/Case8-MRI-afterUS.tag | RESECT/MINC/Case8/landmarks/Case8-MRI-afterUS.tag |  ASCII text | 815 | 2017-05-24 | c3923ec106cbadae4da8f465fff7aa6f
https://data.archive.sigma2.no/dataset/5686d8fa-2003-4837-8e66-8e887fabe21e/download/RESECT/MINC/Case8/landmarks/Case8-MRI-beforeUS.tag | s3://archive-ro/5686d8fa-2003-4837-8e66-8e887fabe21e/RESECT/MINC/Case8/landmarks/Case8-MRI-beforeUS.tag | RESECT/MINC/Case8/landmarks/Case8-MRI-beforeUS.tag |  ASCII text | 1089 | 2017-05-24 | cebd088d86ddb69dd6c910357aa7be02
https://data.archive.sigma2.no/dataset/5686d8fa-2003-4837-8e66-8e887fabe21e/download/RESECT/MINC/Case8/MRI/Case8-FLAIR.mnc.gz | s3://archive-ro/5686d8fa-2003-4837-8e66-8e887fabe21e/RESECT/MINC/Case8/MRI/Case8-FLAIR.mnc.gz | RESECT/MINC/Case8/MRI/Case8-FLAIR.mnc.gz |  gzip compressed data | 7989084 | 2017-05-24 | 2efaac93848d1bc19e4fbd9bb8b6d099
https://data.archive.sigma2.no/dataset/5686d8fa-2003-4837-8e66-8e887fabe21e/download/RESECT/MINC/Case8/MRI/Case8-T1.mnc.gz | s3://archive-ro/5686d8fa-2003-4837-8e66-8e887fabe21e/RESECT/MINC/Case8/MRI/Case8-T1.mnc.gz | RESECT/MINC/Case8/MRI/Case8-T1.mnc.gz |  gzip compressed data | 11731277 | 2017-05-24 | 2eef54ff7f895f83c61c3264dc52a607
https://data.archive.sigma2.no/dataset/5686d8fa-2003-4837-8e66-8e887fabe21e/download/RESECT/MINC/Case8/US/Case8-US-after.mnc.gz | s3://archive-ro/5686d8fa-2003-4837-8e66-8e887fabe21e/RESECT/MINC/Case8/US/Case8-US-after.mnc.gz | RESECT/MINC/Case8/US/Case8-US-after.mnc.gz |  gzip compressed data | 6613359 | 2017-05-24 | 902ea2c4da4bb48ecfb194196c93be51
https://data.archive.sigma2.no/dataset/5686d8fa-2003-4837-8e66-8e887fabe21e/download/RESECT/NIFTI/Case1/Landmarks/Case1-beforeUS-duringUS-full.tag | s3://archive-ro/5686d8fa-2003-4837-8e66-8e887fabe21e/RESECT/NIFTI/Case1/Landmarks/Case1-beforeUS-duringUS-full.tag | RESECT/NIFTI/Case1/Landmarks/Case1-beforeUS-duringUS-full.tag |  ASCII text | 2329 | 2017-05-24 | 27015de0eda03bf67b1373aefb2656a4
https://data.archive.sigma2.no/dataset/5686d8fa-2003-4837-8e66-8e887fabe21e/download/RESECT/NIFTI/Case1/Landmarks/Case1-beforeUS-duringUS.tag | s3://archive-ro/5686d8fa-2003-4837-8e66-8e887fabe21e/RESECT/NIFTI/Case1/Landmarks/Case1-beforeUS-duringUS.tag | RESECT/NIFTI/Case1/Landmarks/Case1-beforeUS-duringUS.tag |  ASCII text | 938 | 2017-05-24 | 2ef0b438a78ad361427084262818be4f
https://data.archive.sigma2.no/dataset/5686d8fa-2003-4837-8e66-8e887fabe21e/download/RESECT/NIFTI/Case1/Landmarks/Case1-MRI-afterUS.tag | s3://archive-ro/5686d8fa-2003-4837-8e66-8e887fabe21e/RESECT/NIFTI/Case1/Landmarks/Case1-MRI-afterUS.tag | RESECT/NIFTI/Case1/Landmarks/Case1-MRI-afterUS.tag |  ASCII text | 861 | 2017-05-24 | c87c6a688adf625ce797ac7404a7d9e9
https://data.archive.sigma2.no/dataset/5686d8fa-2003-4837-8e66-8e887fabe21e/download/RESECT/NIFTI/Case1/Landmarks/Case1-MRI-beforeUS.tag | s3://archive-ro/5686d8fa-2003-4837-8e66-8e887fabe21e/RESECT/NIFTI/Case1/Landmarks/Case1-MRI-beforeUS.tag | RESECT/NIFTI/Case1/Landmarks/Case1-MRI-beforeUS.tag |  ASCII text | 1065 | 2017-05-24 | c3500e7c4089b960c3fc22adca1aa253
https://data.archive.sigma2.no/dataset/5686d8fa-2003-4837-8e66-8e887fabe21e/download/RESECT/NIFTI/Case1/MRI/.DS_Store | s3://archive-ro/5686d8fa-2003-4837-8e66-8e887fabe21e/RESECT/NIFTI/Case1/MRI/.DS_Store | RESECT/NIFTI/Case1/MRI/.DS_Store |  data | 6148 | 2017-05-24 | 194577a7e20bdcc7afbb718f502c134c
https://data.archive.sigma2.no/dataset/5686d8fa-2003-4837-8e66-8e887fabe21e/download/RESECT/NIFTI/Case1/MRI/Case1-FLAIR.nii.gz | s3://archive-ro/5686d8fa-2003-4837-8e66-8e887fabe21e/RESECT/NIFTI/Case1/MRI/Case1-FLAIR.nii.gz | RESECT/NIFTI/Case1/MRI/Case1-FLAIR.nii.gz |  gzip compressed data | 17911431 | 2017-05-24 | 51e9b3acb708340a9908b758874096cb
https://data.archive.sigma2.no/dataset/5686d8fa-2003-4837-8e66-8e887fabe21e/download/RESECT/NIFTI/Case1/MRI/Case1-T1.nii.gz | s3://archive-ro/5686d8fa-2003-4837-8e66-8e887fabe21e/RESECT/NIFTI/Case1/MRI/Case1-T1.nii.gz | RESECT/NIFTI/Case1/MRI/Case1-T1.nii.gz |  gzip compressed data | 10076865 | 2017-05-24 | 64ded5a38ed0efe86161e28922a4b2f2
https://data.archive.sigma2.no/dataset/5686d8fa-2003-4837-8e66-8e887fabe21e/download/RESECT/NIFTI/Case1/US/Case1-US-after.nii.gz | s3://archive-ro/5686d8fa-2003-4837-8e66-8e887fabe21e/RESECT/NIFTI/Case1/US/Case1-US-after.nii.gz | RESECT/NIFTI/Case1/US/Case1-US-after.nii.gz |  gzip compressed data | 18663071 | 2017-05-24 | 12ced8557cb953957602fe0d0a712b8f
https://data.archive.sigma2.no/dataset/5686d8fa-2003-4837-8e66-8e887fabe21e/download/RESECT/NIFTI/Case1/US/Case1-US-before.nii.gz | s3://archive-ro/5686d8fa-2003-4837-8e66-8e887fabe21e/RESECT/NIFTI/Case1/US/Case1-US-before.nii.gz | RESECT/NIFTI/Case1/US/Case1-US-before.nii.gz |  gzip compressed data | 20943078 | 2017-05-24 | f505aa49938bbd3cbde7787c83ca12ea
https://data.archive.sigma2.no/dataset/5686d8fa-2003-4837-8e66-8e887fabe21e/download/RESECT/NIFTI/Case1/US/Case1-US-during.nii.gz | s3://archive-ro/5686d8fa-2003-4837-8e66-8e887fabe21e/RESECT/NIFTI/Case1/US/Case1-US-during.nii.gz | RESECT/NIFTI/Case1/US/Case1-US-during.nii.gz |  gzip compressed data | 19472610 | 2017-05-24 | 059426210974de5061dc8b2a9bec5405
https://data.archive.sigma2.no/dataset/5686d8fa-2003-4837-8e66-8e887fabe21e/download/RESECT/NIFTI/Case11/.DS_Store | s3://archive-ro/5686d8fa-2003-4837-8e66-8e887fabe21e/RESECT/NIFTI/Case11/.DS_Store | RESECT/NIFTI/Case11/.DS_Store |  data | 6148 | 2017-05-24 | 4ec468816e1fc87bced973b029809dcc
https://data.archive.sigma2.no/dataset/5686d8fa-2003-4837-8e66-8e887fabe21e/download/RESECT/NIFTI/Case11/Landmarks/Case11-MRI-afterUS.tag | s3://archive-ro/5686d8fa-2003-4837-8e66-8e887fabe21e/RESECT/NIFTI/Case11/Landmarks/Case11-MRI-afterUS.tag | RESECT/NIFTI/Case11/Landmarks/Case11-MRI-afterUS.tag |  ASCII text | 1047 | 2017-05-24 | fb13aa6bf15be21cf2cc70b79df7abba
https://data.archive.sigma2.no/dataset/5686d8fa-2003-4837-8e66-8e887fabe21e/download/RESECT/NIFTI/Case11/MRI/Case11-FLAIR.nii.gz | s3://archive-ro/5686d8fa-2003-4837-8e66-8e887fabe21e/RESECT/NIFTI/Case11/MRI/Case11-FLAIR.nii.gz | RESECT/NIFTI/Case11/MRI/Case11-FLAIR.nii.gz |  gzip compressed data | 6583832 | 2017-05-24 | 2d93bb39c074f5d002809a9226c47e3d
https://data.archive.sigma2.no/dataset/5686d8fa-2003-4837-8e66-8e887fabe21e/download/RESECT/NIFTI/Case11/MRI/Case11-T1.nii.gz | s3://archive-ro/5686d8fa-2003-4837-8e66-8e887fabe21e/RESECT/NIFTI/Case11/MRI/Case11-T1.nii.gz | RESECT/NIFTI/Case11/MRI/Case11-T1.nii.gz |  gzip compressed data | 9146870 | 2017-05-24 | f98b023d1334e028966d5cc936d26f6d
https://data.archive.sigma2.no/dataset/5686d8fa-2003-4837-8e66-8e887fabe21e/download/RESECT/NIFTI/Case11/US/Case11-US-after.nii.gz | s3://archive-ro/5686d8fa-2003-4837-8e66-8e887fabe21e/RESECT/NIFTI/Case11/US/Case11-US-after.nii.gz | RESECT/NIFTI/Case11/US/Case11-US-after.nii.gz |  gzip compressed data | 14221827 | 2017-05-24 | e9ca6e04188269d018261a070b2f3884
https://data.archive.sigma2.no/dataset/5686d8fa-2003-4837-8e66-8e887fabe21e/download/RESECT/NIFTI/Case11/US/Case11-US-before.nii.gz | s3://archive-ro/5686d8fa-2003-4837-8e66-8e887fabe21e/RESECT/NIFTI/Case11/US/Case11-US-before.nii.gz | RESECT/NIFTI/Case11/US/Case11-US-before.nii.gz |  gzip compressed data | 16432040 | 2017-05-24 | f971040bf6d17628399b8700d8af6414
https://data.archive.sigma2.no/dataset/5686d8fa-2003-4837-8e66-8e887fabe21e/download/RESECT/NIFTI/Case11/US/Case11-US-during.nii.gz | s3://archive-ro/5686d8fa-2003-4837-8e66-8e887fabe21e/RESECT/NIFTI/Case11/US/Case11-US-during.nii.gz | RESECT/NIFTI/Case11/US/Case11-US-during.nii.gz |  gzip compressed data | 17430658 | 2017-05-24 | cd2f0a7a44ee5ff78a6fbb07c62ab983
https://data.archive.sigma2.no/dataset/5686d8fa-2003-4837-8e66-8e887fabe21e/download/RESECT/NIFTI/Case12/.DS_Store | s3://archive-ro/5686d8fa-2003-4837-8e66-8e887fabe21e/RESECT/NIFTI/Case12/.DS_Store | RESECT/NIFTI/Case12/.DS_Store |  data | 6148 | 2017-05-24 | 1a2544eb673ada11b32802e4309b181c
https://data.archive.sigma2.no/dataset/5686d8fa-2003-4837-8e66-8e887fabe21e/download/RESECT/NIFTI/Case12/Landmarks/Case12-beforeUS-afterUS.tag | s3://archive-ro/5686d8fa-2003-4837-8e66-8e887fabe21e/RESECT/NIFTI/Case12/Landmarks/Case12-beforeUS-afterUS.tag | RESECT/NIFTI/Case12/Landmarks/Case12-beforeUS-afterUS.tag |  ASCII text | 769 | 2017-05-24 | ce3a19facf220218e5e226939243fe04
https://data.archive.sigma2.no/dataset/5686d8fa-2003-4837-8e66-8e887fabe21e/download/RESECT/NIFTI/Case12/Landmarks/Case12-beforeUS-duringUS-full.tag | s3://archive-ro/5686d8fa-2003-4837-8e66-8e887fabe21e/RESECT/NIFTI/Case12/Landmarks/Case12-beforeUS-duringUS-full.tag | RESECT/NIFTI/Case12/Landmarks/Case12-beforeUS-duringUS-full.tag |  ASCII text | 1593 | 2017-05-24 | 0560ccb61b43079bb016872e677fad56
https://data.archive.sigma2.no/dataset/5686d8fa-2003-4837-8e66-8e887fabe21e/download/RESECT/NIFTI/Case12/Landmarks/Case12-beforeUS-duringUS.tag | s3://archive-ro/5686d8fa-2003-4837-8e66-8e887fabe21e/RESECT/NIFTI/Case12/Landmarks/Case12-beforeUS-duringUS.tag | RESECT/NIFTI/Case12/Landmarks/Case12-beforeUS-duringUS.tag |  ASCII text | 765 | 2017-05-24 | 434672a8327123c8b2a41ad655f604b6
https://data.archive.sigma2.no/dataset/5686d8fa-2003-4837-8e66-8e887fabe21e/download/RESECT/NIFTI/Case12/Landmarks/Case12-MRI-afterUS.tag | s3://archive-ro/5686d8fa-2003-4837-8e66-8e887fabe21e/RESECT/NIFTI/Case12/Landmarks/Case12-MRI-afterUS.tag | RESECT/NIFTI/Case12/Landmarks/Case12-MRI-afterUS.tag |  ASCII text | 1046 | 2017-05-24 | bc71656ddfe4ec2ec51c1379e49a8c2a
https://data.archive.sigma2.no/dataset/5686d8fa-2003-4837-8e66-8e887fabe21e/download/RESECT/NIFTI/Case12/Landmarks/Case12-MRI-beforeUS.tag | s3://archive-ro/5686d8fa-2003-4837-8e66-8e887fabe21e/RESECT/NIFTI/Case12/Landmarks/Case12-MRI-beforeUS.tag | RESECT/NIFTI/Case12/Landmarks/Case12-MRI-beforeUS.tag |  ASCII text | 1118 | 2017-05-24 | b006b75808b5df6344c6b32f0fa9da8a
https://data.archive.sigma2.no/dataset/5686d8fa-2003-4837-8e66-8e887fabe21e/download/RESECT/NIFTI/Case12/MRI/Case12-FLAIR.nii.gz | s3://archive-ro/5686d8fa-2003-4837-8e66-8e887fabe21e/RESECT/NIFTI/Case12/MRI/Case12-FLAIR.nii.gz | RESECT/NIFTI/Case12/MRI/Case12-FLAIR.nii.gz |  gzip compressed data | 7365209 | 2017-05-24 | 5a61d9c0562fa5203f6fb90eed2fab4f
https://data.archive.sigma2.no/dataset/5686d8fa-2003-4837-8e66-8e887fabe21e/download/RESECT/NIFTI/Case12/MRI/Case12-T1.nii.gz | s3://archive-ro/5686d8fa-2003-4837-8e66-8e887fabe21e/RESECT/NIFTI/Case12/MRI/Case12-T1.nii.gz | RESECT/NIFTI/Case12/MRI/Case12-T1.nii.gz |  gzip compressed data | 16146827 | 2017-05-24 | 742034c0f76c230526bb5057a2240120
https://data.archive.sigma2.no/dataset/5686d8fa-2003-4837-8e66-8e887fabe21e/download/RESECT/NIFTI/Case12/US/Case12-US-after.nii.gz | s3://archive-ro/5686d8fa-2003-4837-8e66-8e887fabe21e/RESECT/NIFTI/Case12/US/Case12-US-after.nii.gz | RESECT/NIFTI/Case12/US/Case12-US-after.nii.gz |  gzip compressed data | 25282562 | 2017-05-24 | fdca041ba8040b58e46c8ef3de01b5ed
https://data.archive.sigma2.no/dataset/5686d8fa-2003-4837-8e66-8e887fabe21e/download/RESECT/NIFTI/Case14/Landmarks/Case14-beforeUS-duringUS-full.tag | s3://archive-ro/5686d8fa-2003-4837-8e66-8e887fabe21e/RESECT/NIFTI/Case14/Landmarks/Case14-beforeUS-duringUS-full.tag | RESECT/NIFTI/Case14/Landmarks/Case14-beforeUS-duringUS-full.tag |  ASCII text | 1562 | 2017-05-24 | 6b1b41cde4fcb2d590938f0fa7708fe1
https://data.archive.sigma2.no/dataset/5686d8fa-2003-4837-8e66-8e887fabe21e/download/RESECT/NIFTI/Case14/Landmarks/Case14-beforeUS-duringUS.tag | s3://archive-ro/5686d8fa-2003-4837-8e66-8e887fabe21e/RESECT/NIFTI/Case14/Landmarks/Case14-beforeUS-duringUS.tag | RESECT/NIFTI/Case14/Landmarks/Case14-beforeUS-duringUS.tag |  ASCII text | 1225 | 2017-05-24 | 9b4abb8e63d2be31c581bfc2c369448c
https://data.archive.sigma2.no/dataset/5686d8fa-2003-4837-8e66-8e887fabe21e/download/RESECT/NIFTI/Case14/Landmarks/Case14-MRI-afterUS.tag | s3://archive-ro/5686d8fa-2003-4837-8e66-8e887fabe21e/RESECT/NIFTI/Case14/Landmarks/Case14-MRI-afterUS.tag | RESECT/NIFTI/Case14/Landmarks/Case14-MRI-afterUS.tag |  ASCII text | 1123 | 2017-05-24 | 508a76634794d67fddf76171400d38bc
https://data.archive.sigma2.no/dataset/5686d8fa-2003-4837-8e66-8e887fabe21e/download/RESECT/NIFTI/Case14/Landmarks/Case14-MRI-beforeUS.tag | s3://archive-ro/5686d8fa-2003-4837-8e66-8e887fabe21e/RESECT/NIFTI/Case14/Landmarks/Case14-MRI-beforeUS.tag | RESECT/NIFTI/Case14/Landmarks/Case14-MRI-beforeUS.tag |  ASCII text | 1064 | 2017-05-24 | daa36dbc4a9c5b91fe531edbc4fcf738
https://data.archive.sigma2.no/dataset/5686d8fa-2003-4837-8e66-8e887fabe21e/download/RESECT/NIFTI/Case14/MRI/Case14-FLAIR.nii.gz | s3://archive-ro/5686d8fa-2003-4837-8e66-8e887fabe21e/RESECT/NIFTI/Case14/MRI/Case14-FLAIR.nii.gz | RESECT/NIFTI/Case14/MRI/Case14-FLAIR.nii.gz |  gzip compressed data | 7434314 | 2017-05-24 | a7b794e8eea6ed46b1b6691c607b0743
https://data.archive.sigma2.no/dataset/5686d8fa-2003-4837-8e66-8e887fabe21e/download/RESECT/NIFTI/Case14/MRI/Case14-T1.nii.gz | s3://archive-ro/5686d8fa-2003-4837-8e66-8e887fabe21e/RESECT/NIFTI/Case14/MRI/Case14-T1.nii.gz | RESECT/NIFTI/Case14/MRI/Case14-T1.nii.gz |  gzip compressed data | 33149262 | 2017-05-24 | 0cbcbf05db2305a19d0aba6a005ad118
https://data.archive.sigma2.no/dataset/5686d8fa-2003-4837-8e66-8e887fabe21e/download/RESECT/NIFTI/Case14/US/Case14-US-after.nii.gz | s3://archive-ro/5686d8fa-2003-4837-8e66-8e887fabe21e/RESECT/NIFTI/Case14/US/Case14-US-after.nii.gz | RESECT/NIFTI/Case14/US/Case14-US-after.nii.gz |  gzip compressed data | 21802818 | 2017-05-24 | ef92dde9e7e83789a0d53eb5474ef826
https://data.archive.sigma2.no/dataset/5686d8fa-2003-4837-8e66-8e887fabe21e/download/RESECT/NIFTI/Case14/US/Case14-US-before.nii.gz | s3://archive-ro/5686d8fa-2003-4837-8e66-8e887fabe21e/RESECT/NIFTI/Case14/US/Case14-US-before.nii.gz | RESECT/NIFTI/Case14/US/Case14-US-before.nii.gz |  gzip compressed data | 22404938 | 2017-05-24 | 9ee38d271512765de09c9d594d6f15d3
https://data.archive.sigma2.no/dataset/5686d8fa-2003-4837-8e66-8e887fabe21e/download/RESECT/NIFTI/Case14/US/Case14-US-during.nii.gz | s3://archive-ro/5686d8fa-2003-4837-8e66-8e887fabe21e/RESECT/NIFTI/Case14/US/Case14-US-during.nii.gz | RESECT/NIFTI/Case14/US/Case14-US-during.nii.gz |  gzip compressed data | 22151547 | 2017-05-24 | f6832887defb288d76e97f37346481b1
https://data.archive.sigma2.no/dataset/5686d8fa-2003-4837-8e66-8e887fabe21e/download/RESECT/NIFTI/Case15/.DS_Store | s3://archive-ro/5686d8fa-2003-4837-8e66-8e887fabe21e/RESECT/NIFTI/Case15/.DS_Store | RESECT/NIFTI/Case15/.DS_Store |  data | 6148 | 2017-05-24 | d9efe3499d7cb429b672b84f194689ff
https://data.archive.sigma2.no/dataset/5686d8fa-2003-4837-8e66-8e887fabe21e/download/RESECT/NIFTI/Case15/Landmarks/Case15-beforeUS-afterUS.tag | s3://archive-ro/5686d8fa-2003-4837-8e66-8e887fabe21e/RESECT/NIFTI/Case15/Landmarks/Case15-beforeUS-afterUS.tag | RESECT/NIFTI/Case15/Landmarks/Case15-beforeUS-afterUS.tag |  ASCII text | 1028 | 2017-05-24 | a8483a047695d1ae49fc227ad5615ad7
https://data.archive.sigma2.no/dataset/5686d8fa-2003-4837-8e66-8e887fabe21e/download/RESECT/NIFTI/Case15/Landmarks/Case15-beforeUS-duringUS-full.tag | s3://archive-ro/5686d8fa-2003-4837-8e66-8e887fabe21e/RESECT/NIFTI/Case15/Landmarks/Case15-beforeUS-duringUS-full.tag | RESECT/NIFTI/Case15/Landmarks/Case15-beforeUS-duringUS-full.tag |  ASCII text | 1409 | 2017-05-24 | a4103780ef66d445d669288b9a50a988
https://data.archive.sigma2.no/dataset/5686d8fa-2003-4837-8e66-8e887fabe21e/download/RESECT/NIFTI/Case15/Landmarks/Case15-beforeUS-duringUS.tag | s3://archive-ro/5686d8fa-2003-4837-8e66-8e887fabe21e/RESECT/NIFTI/Case15/Landmarks/Case15-beforeUS-duringUS.tag | RESECT/NIFTI/Case15/Landmarks/Case15-beforeUS-duringUS.tag |  ASCII text | 1028 | 2017-05-24 | 71234c285a97fd4f17382e37d3119e4b
https://data.archive.sigma2.no/dataset/5686d8fa-2003-4837-8e66-8e887fabe21e/download/RESECT/NIFTI/Case15/Landmarks/Case15-MRI-afterUS.tag | s3://archive-ro/5686d8fa-2003-4837-8e66-8e887fabe21e/RESECT/NIFTI/Case15/Landmarks/Case15-MRI-afterUS.tag | RESECT/NIFTI/Case15/Landmarks/Case15-MRI-afterUS.tag |  ASCII text | 1030 | 2017-05-24 | 8b8c88f96c5a6c915f1be9a779063b24
https://data.archive.sigma2.no/dataset/5686d8fa-2003-4837-8e66-8e887fabe21e/download/RESECT/NIFTI/Case15/Landmarks/Case15-MRI-beforeUS.tag | s3://archive-ro/5686d8fa-2003-4837-8e66-8e887fabe21e/RESECT/NIFTI/Case15/Landmarks/Case15-MRI-beforeUS.tag | RESECT/NIFTI/Case15/Landmarks/Case15-MRI-beforeUS.tag |  ASCII text | 1030 | 2017-05-24 | 4ba5637dbb0ed3dbd017f2be41c8810c
https://data.archive.sigma2.no/dataset/5686d8fa-2003-4837-8e66-8e887fabe21e/download/RESECT/NIFTI/Case15/MRI/Case15-FLAIR.nii.gz | s3://archive-ro/5686d8fa-2003-4837-8e66-8e887fabe21e/RESECT/NIFTI/Case15/MRI/Case15-FLAIR.nii.gz | RESECT/NIFTI/Case15/MRI/Case15-FLAIR.nii.gz |  gzip compressed data | 7616353 | 2017-05-24 | bbda043e801bd6d7609796c9b6f0abfc
https://data.archive.sigma2.no/dataset/5686d8fa-2003-4837-8e66-8e887fabe21e/download/RESECT/NIFTI/Case15/MRI/Case15-T1.nii.gz | s3://archive-ro/5686d8fa-2003-4837-8e66-8e887fabe21e/RESECT/NIFTI/Case15/MRI/Case15-T1.nii.gz | RESECT/NIFTI/Case15/MRI/Case15-T1.nii.gz |  gzip compressed data | 33833791 | 2017-05-24 | a771b339580199e88467bc1cd4b10771
https://data.archive.sigma2.no/dataset/5686d8fa-2003-4837-8e66-8e887fabe21e/download/RESECT/NIFTI/Case15/US/Case15-US-after.nii.gz | s3://archive-ro/5686d8fa-2003-4837-8e66-8e887fabe21e/RESECT/NIFTI/Case15/US/Case15-US-after.nii.gz | RESECT/NIFTI/Case15/US/Case15-US-after.nii.gz |  gzip compressed data | 25165476 | 2017-05-24 | 01d68924eeeefc2a2e58ac428e01adcc
https://data.archive.sigma2.no/dataset/5686d8fa-2003-4837-8e66-8e887fabe21e/download/RESECT/NIFTI/Case15/US/Case15-US-before.nii.gz | s3://archive-ro/5686d8fa-2003-4837-8e66-8e887fabe21e/RESECT/NIFTI/Case15/US/Case15-US-before.nii.gz | RESECT/NIFTI/Case15/US/Case15-US-before.nii.gz |  gzip compressed data | 24685115 | 2017-05-24 | 67c072651a71a48705e8ee41d26c7b69
https://data.archive.sigma2.no/dataset/5686d8fa-2003-4837-8e66-8e887fabe21e/download/RESECT/NIFTI/Case15/US/Case15-US-during.nii.gz | s3://archive-ro/5686d8fa-2003-4837-8e66-8e887fabe21e/RESECT/NIFTI/Case15/US/Case15-US-during.nii.gz | RESECT/NIFTI/Case15/US/Case15-US-during.nii.gz |  gzip compressed data | 21755982 | 2017-05-24 | 059fa2f584b83e6efddd4fe8906d858f
https://data.archive.sigma2.no/dataset/5686d8fa-2003-4837-8e66-8e887fabe21e/download/RESECT/NIFTI/Case16/.DS_Store | s3://archive-ro/5686d8fa-2003-4837-8e66-8e887fabe21e/RESECT/NIFTI/Case16/.DS_Store | RESECT/NIFTI/Case16/.DS_Store |  data | 6148 | 2017-05-24 | 023870cc176ca9f73db454e1638896f2
https://data.archive.sigma2.no/dataset/5686d8fa-2003-4837-8e66-8e887fabe21e/download/RESECT/NIFTI/Case16/Landmarks/Case16-beforeUS-afterUS.tag | s3://archive-ro/5686d8fa-2003-4837-8e66-8e887fabe21e/RESECT/NIFTI/Case16/Landmarks/Case16-beforeUS-afterUS.tag | RESECT/NIFTI/Case16/Landmarks/Case16-beforeUS-afterUS.tag |  ASCII text | 1217 | 2017-05-24 | c8395202ac3e9baa2bee4d0c5f4a29fe
https://data.archive.sigma2.no/dataset/5686d8fa-2003-4837-8e66-8e887fabe21e/download/RESECT/NIFTI/Case16/Landmarks/Case16-beforeUS-duringUS-full.tag | s3://archive-ro/5686d8fa-2003-4837-8e66-8e887fabe21e/RESECT/NIFTI/Case16/Landmarks/Case16-beforeUS-duringUS-full.tag | RESECT/NIFTI/Case16/Landmarks/Case16-beforeUS-duringUS-full.tag |  ASCII text | 1357 | 2017-05-24 | 15a962a76e04649dabb01b5bc03b6425
https://data.archive.sigma2.no/dataset/5686d8fa-2003-4837-8e66-8e887fabe21e/download/RESECT/NIFTI/Case16/Landmarks/Case16-beforeUS-duringUS.tag | s3://archive-ro/5686d8fa-2003-4837-8e66-8e887fabe21e/RESECT/NIFTI/Case16/Landmarks/Case16-beforeUS-duringUS.tag | RESECT/NIFTI/Case16/Landmarks/Case16-beforeUS-duringUS.tag |  ASCII text | 1220 | 2017-05-24 | ddb37e225f71d71b0e3331e4607b015d
https://data.archive.sigma2.no/dataset/5686d8fa-2003-4837-8e66-8e887fabe21e/download/RESECT/NIFTI/Case16/Landmarks/Case16-MRI-afterUS.tag | s3://archive-ro/5686d8fa-2003-4837-8e66-8e887fabe21e/RESECT/NIFTI/Case16/Landmarks/Case16-MRI-afterUS.tag | RESECT/NIFTI/Case16/Landmarks/Case16-MRI-afterUS.tag |  ASCII text | 1014 | 2017-05-24 | 1ee8e972f1c0ee09ca7ef93d99d4bf04
https://data.archive.sigma2.no/dataset/5686d8fa-2003-4837-8e66-8e887fabe21e/download/RESECT/NIFTI/Case16/Landmarks/Case16-MRI-beforeUS.tag | s3://archive-ro/5686d8fa-2003-4837-8e66-8e887fabe21e/RESECT/NIFTI/Case16/Landmarks/Case16-MRI-beforeUS.tag | RESECT/NIFTI/Case16/Landmarks/Case16-MRI-beforeUS.tag |  ASCII text | 1070 | 2017-05-24 | f0a77fb86a5921e8f8c01ea03417d3ea
https://data.archive.sigma2.no/dataset/5686d8fa-2003-4837-8e66-8e887fabe21e/download/RESECT/NIFTI/Case17/Landmarks/Case17-beforeUS-duringUS-full.tag | s3://archive-ro/5686d8fa-2003-4837-8e66-8e887fabe21e/RESECT/NIFTI/Case17/Landmarks/Case17-beforeUS-duringUS-full.tag | RESECT/NIFTI/Case17/Landmarks/Case17-beforeUS-duringUS-full.tag |  ASCII text | 1167 | 2017-05-24 | 196a06eb00c9dc1a0dc60f15b5fcc116
https://data.archive.sigma2.no/dataset/5686d8fa-2003-4837-8e66-8e887fabe21e/download/RESECT/NIFTI/Case17/Landmarks/Case17-beforeUS-duringUS.tag | s3://archive-ro/5686d8fa-2003-4837-8e66-8e887fabe21e/RESECT/NIFTI/Case17/Landmarks/Case17-beforeUS-duringUS.tag | RESECT/NIFTI/Case17/Landmarks/Case17-beforeUS-duringUS.tag |  ASCII text | 781 | 2017-05-24 | 58c997e20bedceea2217cf2ac5207bfc
https://data.archive.sigma2.no/dataset/5686d8fa-2003-4837-8e66-8e887fabe21e/download/RESECT/NIFTI/Case17/Landmarks/Case17-MRI-afterUS.tag | s3://archive-ro/5686d8fa-2003-4837-8e66-8e887fabe21e/RESECT/NIFTI/Case17/Landmarks/Case17-MRI-afterUS.tag | RESECT/NIFTI/Case17/Landmarks/Case17-MRI-afterUS.tag |  ASCII text | 1090 | 2017-05-24 | 5c3a0e3bd39dc362d8233e129980a477
https://data.archive.sigma2.no/dataset/5686d8fa-2003-4837-8e66-8e887fabe21e/download/RESECT/NIFTI/Case17/Landmarks/Case17-MRI-beforeUS.tag | s3://archive-ro/5686d8fa-2003-4837-8e66-8e887fabe21e/RESECT/NIFTI/Case17/Landmarks/Case17-MRI-beforeUS.tag | RESECT/NIFTI/Case17/Landmarks/Case17-MRI-beforeUS.tag |  ASCII text | 1091 | 2017-05-24 | bdecf4cc3b57b1c00197c4072d576189
https://data.archive.sigma2.no/dataset/5686d8fa-2003-4837-8e66-8e887fabe21e/download/RESECT/NIFTI/Case17/MRI/Case17-FLAIR.nii.gz | s3://archive-ro/5686d8fa-2003-4837-8e66-8e887fabe21e/RESECT/NIFTI/Case17/MRI/Case17-FLAIR.nii.gz | RESECT/NIFTI/Case17/MRI/Case17-FLAIR.nii.gz |  gzip compressed data | 7432745 | 2017-05-24 | ba3b3d0b3ef2865a0b15aec023524b3d
https://data.archive.sigma2.no/dataset/5686d8fa-2003-4837-8e66-8e887fabe21e/download/RESECT/NIFTI/Case17/MRI/Case17-T1.nii.gz | s3://archive-ro/5686d8fa-2003-4837-8e66-8e887fabe21e/RESECT/NIFTI/Case17/MRI/Case17-T1.nii.gz | RESECT/NIFTI/Case17/MRI/Case17-T1.nii.gz |  gzip compressed data | 10748121 | 2017-05-24 | 983529178f3693e2c52a94a974a35234
https://data.archive.sigma2.no/dataset/5686d8fa-2003-4837-8e66-8e887fabe21e/download/RESECT/NIFTI/Case17/US/Case17-US-after.nii.gz | s3://archive-ro/5686d8fa-2003-4837-8e66-8e887fabe21e/RESECT/NIFTI/Case17/US/Case17-US-after.nii.gz | RESECT/NIFTI/Case17/US/Case17-US-after.nii.gz |  gzip compressed data | 16765158 | 2017-05-24 | e644f1ac372ed31c90749c8b49ea3ca9
https://data.archive.sigma2.no/dataset/5686d8fa-2003-4837-8e66-8e887fabe21e/download/RESECT/NIFTI/Case17/US/Case17-US-before.nii.gz | s3://archive-ro/5686d8fa-2003-4837-8e66-8e887fabe21e/RESECT/NIFTI/Case17/US/Case17-US-before.nii.gz | RESECT/NIFTI/Case17/US/Case17-US-before.nii.gz |  gzip compressed data | 13790132 | 2017-05-24 | fe43f2c2e61889fe264cfd28daecf461
https://data.archive.sigma2.no/dataset/5686d8fa-2003-4837-8e66-8e887fabe21e/download/RESECT/NIFTI/Case17/US/Case17-US-during.nii.gz | s3://archive-ro/5686d8fa-2003-4837-8e66-8e887fabe21e/RESECT/NIFTI/Case17/US/Case17-US-during.nii.gz | RESECT/NIFTI/Case17/US/Case17-US-during.nii.gz |  gzip compressed data | 15689935 | 2017-05-24 | 58bbb039dc22ab880d28b2674f4a9727
https://data.archive.sigma2.no/dataset/5686d8fa-2003-4837-8e66-8e887fabe21e/download/RESECT/NIFTI/Case18/.DS_Store | s3://archive-ro/5686d8fa-2003-4837-8e66-8e887fabe21e/RESECT/NIFTI/Case18/.DS_Store | RESECT/NIFTI/Case18/.DS_Store |  data | 6148 | 2017-05-24 | ced7ea41fd5b86138e5143e951194dbe
https://data.archive.sigma2.no/dataset/5686d8fa-2003-4837-8e66-8e887fabe21e/download/RESECT/NIFTI/Case18/Landmarks/Case18-beforeUS-afterUS.tag | s3://archive-ro/5686d8fa-2003-4837-8e66-8e887fabe21e/RESECT/NIFTI/Case18/Landmarks/Case18-beforeUS-afterUS.tag | RESECT/NIFTI/Case18/Landmarks/Case18-beforeUS-afterUS.tag |  ASCII text | 948 | 2017-05-24 | 96df0aac2885aea30342340487d4375b
https://data.archive.sigma2.no/dataset/5686d8fa-2003-4837-8e66-8e887fabe21e/download/RESECT/NIFTI/Case18/Landmarks/Case18-beforeUS-duringUS-full.tag | s3://archive-ro/5686d8fa-2003-4837-8e66-8e887fabe21e/RESECT/NIFTI/Case18/Landmarks/Case18-beforeUS-duringUS-full.tag | RESECT/NIFTI/Case18/Landmarks/Case18-beforeUS-duringUS-full.tag |  ASCII text | 1615 | 2017-05-24 | 4267f76ae473f85fa36f35e019feba9e
https://data.archive.sigma2.no/dataset/5686d8fa-2003-4837-8e66-8e887fabe21e/download/RESECT/NIFTI/Case18/Landmarks/Case18-beforeUS-duringUS.tag | s3://archive-ro/5686d8fa-2003-4837-8e66-8e887fabe21e/RESECT/NIFTI/Case18/Landmarks/Case18-beforeUS-duringUS.tag | RESECT/NIFTI/Case18/Landmarks/Case18-beforeUS-duringUS.tag |  ASCII text | 950 | 2017-05-24 | 6aa756e142eac530d28c1ba824d555d0
https://data.archive.sigma2.no/dataset/5686d8fa-2003-4837-8e66-8e887fabe21e/download/RESECT/NIFTI/Case18/Landmarks/Case18-MRI-afterUS.tag | s3://archive-ro/5686d8fa-2003-4837-8e66-8e887fabe21e/RESECT/NIFTI/Case18/Landmarks/Case18-MRI-afterUS.tag | RESECT/NIFTI/Case18/Landmarks/Case18-MRI-afterUS.tag |  ASCII text | 996 | 2017-05-24 | 4f2bd51c54aab5ced1c46e9e7bac3bd6
https://data.archive.sigma2.no/dataset/5686d8fa-2003-4837-8e66-8e887fabe21e/download/RESECT/NIFTI/Case18/Landmarks/Case18-MRI-beforeUS.tag | s3://archive-ro/5686d8fa-2003-4837-8e66-8e887fabe21e/RESECT/NIFTI/Case18/Landmarks/Case18-MRI-beforeUS.tag | RESECT/NIFTI/Case18/Landmarks/Case18-MRI-beforeUS.tag |  ASCII text | 1140 | 2017-05-24 | e20a6ad6b5c67507375cf7880afecdfd
https://data.archive.sigma2.no/dataset/5686d8fa-2003-4837-8e66-8e887fabe21e/download/RESECT/NIFTI/Case18/MRI/Case18-FLAIR.nii.gz | s3://archive-ro/5686d8fa-2003-4837-8e66-8e887fabe21e/RESECT/NIFTI/Case18/MRI/Case18-FLAIR.nii.gz | RESECT/NIFTI/Case18/MRI/Case18-FLAIR.nii.gz |  gzip compressed data | 8027557 | 2017-05-24 | 65acacd486254daca70e6d2617d0c28d
https://data.archive.sigma2.no/dataset/5686d8fa-2003-4837-8e66-8e887fabe21e/download/RESECT/NIFTI/Case18/MRI/Case18-T1.nii.gz | s3://archive-ro/5686d8fa-2003-4837-8e66-8e887fabe21e/RESECT/NIFTI/Case18/MRI/Case18-T1.nii.gz | RESECT/NIFTI/Case18/MRI/Case18-T1.nii.gz |  gzip compressed data | 10192980 | 2017-05-24 | 91a4d498e94870eb02fad3b028e6710f
https://data.archive.sigma2.no/dataset/5686d8fa-2003-4837-8e66-8e887fabe21e/download/RESECT/NIFTI/Case18/US/Case18-US-after.nii.gz | s3://archive-ro/5686d8fa-2003-4837-8e66-8e887fabe21e/RESECT/NIFTI/Case18/US/Case18-US-after.nii.gz | RESECT/NIFTI/Case18/US/Case18-US-after.nii.gz |  gzip compressed data | 21033465 | 2017-05-24 | b0391122d687a8f24148248e9e08962b
https://data.archive.sigma2.no/dataset/5686d8fa-2003-4837-8e66-8e887fabe21e/download/RESECT/NIFTI/Case18/US/Case18-US-before.nii.gz | s3://archive-ro/5686d8fa-2003-4837-8e66-8e887fabe21e/RESECT/NIFTI/Case18/US/Case18-US-before.nii.gz | RESECT/NIFTI/Case18/US/Case18-US-before.nii.gz |  gzip compressed data | 17160209 | 2017-05-24 | 83c5c4c13a2d7f2c21c72f5a2956b54a
https://data.archive.sigma2.no/dataset/5686d8fa-2003-4837-8e66-8e887fabe21e/download/RESECT/NIFTI/Case18/US/Case18-US-during.nii.gz | s3://archive-ro/5686d8fa-2003-4837-8e66-8e887fabe21e/RESECT/NIFTI/Case18/US/Case18-US-during.nii.gz | RESECT/NIFTI/Case18/US/Case18-US-during.nii.gz |  gzip compressed data | 22479713 | 2017-05-24 | 4d17988ba90989efcb9749f4968e0496
https://data.archive.sigma2.no/dataset/5686d8fa-2003-4837-8e66-8e887fabe21e/download/RESECT/NIFTI/Case19/.DS_Store | s3://archive-ro/5686d8fa-2003-4837-8e66-8e887fabe21e/RESECT/NIFTI/Case19/.DS_Store | RESECT/NIFTI/Case19/.DS_Store |  data | 6148 | 2017-05-24 | 683b7f3b39d30ce4f6eb64eaf627cacc
https://data.archive.sigma2.no/dataset/5686d8fa-2003-4837-8e66-8e887fabe21e/download/RESECT/NIFTI/Case19/Landmarks/Case19-beforeUS-afterUS.tag | s3://archive-ro/5686d8fa-2003-4837-8e66-8e887fabe21e/RESECT/NIFTI/Case19/Landmarks/Case19-beforeUS-afterUS.tag | RESECT/NIFTI/Case19/Landmarks/Case19-beforeUS-afterUS.tag |  ASCII text | 921 | 2017-05-24 | bccae7a69121f3a89b24e662cb59771f
https://data.archive.sigma2.no/dataset/5686d8fa-2003-4837-8e66-8e887fabe21e/download/RESECT/NIFTI/Case19/Landmarks/Case19-beforeUS-duringUS-full.tag | s3://archive-ro/5686d8fa-2003-4837-8e66-8e887fabe21e/RESECT/NIFTI/Case19/Landmarks/Case19-beforeUS-duringUS-full.tag | RESECT/NIFTI/Case19/Landmarks/Case19-beforeUS-duringUS-full.tag |  ASCII text | 1450 | 2017-05-24 | a46395444e9bbe43b3069c8ddaa17960
https://data.archive.sigma2.no/dataset/5686d8fa-2003-4837-8e66-8e887fabe21e/download/RESECT/NIFTI/Case19/Landmarks/Case19-beforeUS-duringUS.tag | s3://archive-ro/5686d8fa-2003-4837-8e66-8e887fabe21e/RESECT/NIFTI/Case19/Landmarks/Case19-beforeUS-duringUS.tag | RESECT/NIFTI/Case19/Landmarks/Case19-beforeUS-duringUS.tag |  ASCII text | 924 | 2017-05-24 | d5b54f5af3116f3b03dc300e1f3bbd22
https://data.archive.sigma2.no/dataset/5686d8fa-2003-4837-8e66-8e887fabe21e/download/RESECT/NIFTI/Case19/Landmarks/Case19-MRI-afterUS.tag | s3://archive-ro/5686d8fa-2003-4837-8e66-8e887fabe21e/RESECT/NIFTI/Case19/Landmarks/Case19-MRI-afterUS.tag | RESECT/NIFTI/Case19/Landmarks/Case19-MRI-afterUS.tag |  ASCII text | 1054 | 2017-05-24 | d12341b6dab9675fdc497b883bef84f9
https://data.archive.sigma2.no/dataset/5686d8fa-2003-4837-8e66-8e887fabe21e/download/RESECT/NIFTI/Case19/Landmarks/Case19-MRI-beforeUS.tag | s3://archive-ro/5686d8fa-2003-4837-8e66-8e887fabe21e/RESECT/NIFTI/Case19/Landmarks/Case19-MRI-beforeUS.tag | RESECT/NIFTI/Case19/Landmarks/Case19-MRI-beforeUS.tag |  ASCII text | 1116 | 2017-05-24 | 54392a1a5e7d9d5ccdf0a11a219e5d15
https://data.archive.sigma2.no/dataset/5686d8fa-2003-4837-8e66-8e887fabe21e/download/RESECT/NIFTI/Case2/Landmarks/Case2-beforeUS-duringUS-full.tag | s3://archive-ro/5686d8fa-2003-4837-8e66-8e887fabe21e/RESECT/NIFTI/Case2/Landmarks/Case2-beforeUS-duringUS-full.tag | RESECT/NIFTI/Case2/Landmarks/Case2-beforeUS-duringUS-full.tag |  ASCII text | 1097 | 2017-05-24 | 0da96cc1547fb576830e55170bd87a1b
https://data.archive.sigma2.no/dataset/5686d8fa-2003-4837-8e66-8e887fabe21e/download/RESECT/NIFTI/Case2/Landmarks/Case2-beforeUS-duringUS.tag | s3://archive-ro/5686d8fa-2003-4837-8e66-8e887fabe21e/RESECT/NIFTI/Case2/Landmarks/Case2-beforeUS-duringUS.tag | RESECT/NIFTI/Case2/Landmarks/Case2-beforeUS-duringUS.tag |  ASCII text | 708 | 2017-05-24 | aa7c54dd564d563aa38761844e550e18
https://data.archive.sigma2.no/dataset/5686d8fa-2003-4837-8e66-8e887fabe21e/download/RESECT/NIFTI/Case2/Landmarks/Case2-MRI-afterUS.tag | s3://archive-ro/5686d8fa-2003-4837-8e66-8e887fabe21e/RESECT/NIFTI/Case2/Landmarks/Case2-MRI-afterUS.tag | RESECT/NIFTI/Case2/Landmarks/Case2-MRI-afterUS.tag |  ASCII text | 960 | 2017-05-24 | bbc9f2bf6c0463c01303fe6790950916
https://data.archive.sigma2.no/dataset/5686d8fa-2003-4837-8e66-8e887fabe21e/download/RESECT/NIFTI/Case2/Landmarks/Case2-MRI-beforeUS.tag | s3://archive-ro/5686d8fa-2003-4837-8e66-8e887fabe21e/RESECT/NIFTI/Case2/Landmarks/Case2-MRI-beforeUS.tag | RESECT/NIFTI/Case2/Landmarks/Case2-MRI-beforeUS.tag |  ASCII text | 1035 | 2017-05-24 | c5276879995d39003ea0cb358f3b4213
https://data.archive.sigma2.no/dataset/5686d8fa-2003-4837-8e66-8e887fabe21e/download/RESECT/NIFTI/Case2/MRI/Case2-FLAIR.nii.gz | s3://archive-ro/5686d8fa-2003-4837-8e66-8e887fabe21e/RESECT/NIFTI/Case2/MRI/Case2-FLAIR.nii.gz | RESECT/NIFTI/Case2/MRI/Case2-FLAIR.nii.gz |  gzip compressed data | 7814359 | 2017-05-24 | 15ca952cc9ae01d77dd9aba277da502a
https://data.archive.sigma2.no/dataset/5686d8fa-2003-4837-8e66-8e887fabe21e/download/RESECT/NIFTI/Case2/MRI/Case2-T1.nii.gz | s3://archive-ro/5686d8fa-2003-4837-8e66-8e887fabe21e/RESECT/NIFTI/Case2/MRI/Case2-T1.nii.gz | RESECT/NIFTI/Case2/MRI/Case2-T1.nii.gz |  gzip compressed data | 33604923 | 2017-05-24 | 158ba659e49a272ded6ad0150ac68a17
https://data.archive.sigma2.no/dataset/5686d8fa-2003-4837-8e66-8e887fabe21e/download/RESECT/NIFTI/Case2/US/Case2-US-after.nii.gz | s3://archive-ro/5686d8fa-2003-4837-8e66-8e887fabe21e/RESECT/NIFTI/Case2/US/Case2-US-after.nii.gz | RESECT/NIFTI/Case2/US/Case2-US-after.nii.gz |  gzip compressed data | 15482998 | 2017-05-24 | 0d23b98ea7031d28083b5d2161f7b6b5
https://data.archive.sigma2.no/dataset/5686d8fa-2003-4837-8e66-8e887fabe21e/download/RESECT/NIFTI/Case2/US/Case2-US-before.nii.gz | s3://archive-ro/5686d8fa-2003-4837-8e66-8e887fabe21e/RESECT/NIFTI/Case2/US/Case2-US-before.nii.gz | RESECT/NIFTI/Case2/US/Case2-US-before.nii.gz |  gzip compressed data | 17162365 | 2017-05-24 | e353e8bea941d1c80b68978ec6b68080
https://data.archive.sigma2.no/dataset/5686d8fa-2003-4837-8e66-8e887fabe21e/download/RESECT/NIFTI/Case2/US/Case2-US-during.nii.gz | s3://archive-ro/5686d8fa-2003-4837-8e66-8e887fabe21e/RESECT/NIFTI/Case2/US/Case2-US-during.nii.gz | RESECT/NIFTI/Case2/US/Case2-US-during.nii.gz |  gzip compressed data | 15970191 | 2017-05-24 | cdf821aea3781ff7ecf1ea917a0dbccb
https://data.archive.sigma2.no/dataset/5686d8fa-2003-4837-8e66-8e887fabe21e/download/RESECT/NIFTI/Case21/.DS_Store | s3://archive-ro/5686d8fa-2003-4837-8e66-8e887fabe21e/RESECT/NIFTI/Case21/.DS_Store | RESECT/NIFTI/Case21/.DS_Store |  data | 6148 | 2017-05-24 | 33a98392ab32cc23615dba3185b4efe9
https://data.archive.sigma2.no/dataset/5686d8fa-2003-4837-8e66-8e887fabe21e/download/RESECT/NIFTI/Case21/Landmarks/Case21-beforeUS-afterUS.tag | s3://archive-ro/5686d8fa-2003-4837-8e66-8e887fabe21e/RESECT/NIFTI/Case21/Landmarks/Case21-beforeUS-afterUS.tag | RESECT/NIFTI/Case21/Landmarks/Case21-beforeUS-afterUS.tag |  ASCII text | 656 | 2017-05-24 | 2bad4ab5bca9a6e94bf4f8c8e0e5762c
https://data.archive.sigma2.no/dataset/5686d8fa-2003-4837-8e66-8e887fabe21e/download/RESECT/NIFTI/Case21/Landmarks/Case21-beforeUS-duringUS-full.tag | s3://archive-ro/5686d8fa-2003-4837-8e66-8e887fabe21e/RESECT/NIFTI/Case21/Landmarks/Case21-beforeUS-duringUS-full.tag | RESECT/NIFTI/Case21/Landmarks/Case21-beforeUS-duringUS-full.tag |  ASCII text | 1249 | 2017-05-24 | 30cf7b9bbb4a39aa74de3ea1e61e4ce5
https://data.archive.sigma2.no/dataset/5686d8fa-2003-4837-8e66-8e887fabe21e/download/RESECT/NIFTI/Case21/Landmarks/Case21-beforeUS-duringUS.tag | s3://archive-ro/5686d8fa-2003-4837-8e66-8e887fabe21e/RESECT/NIFTI/Case21/Landmarks/Case21-beforeUS-duringUS.tag | RESECT/NIFTI/Case21/Landmarks/Case21-beforeUS-duringUS.tag |  ASCII text | 656 | 2017-05-24 | 4b7a0ea8208d0cd90bf508c60853c1a6
https://data.archive.sigma2.no/dataset/5686d8fa-2003-4837-8e66-8e887fabe21e/download/RESECT/NIFTI/Case21/Landmarks/Case21-MRI-afterUS.tag | s3://archive-ro/5686d8fa-2003-4837-8e66-8e887fabe21e/RESECT/NIFTI/Case21/Landmarks/Case21-MRI-afterUS.tag | RESECT/NIFTI/Case21/Landmarks/Case21-MRI-afterUS.tag |  ASCII text | 1029 | 2017-05-24 | 798ba68f1e78b0995a6d5e9e55e04865
https://data.archive.sigma2.no/dataset/5686d8fa-2003-4837-8e66-8e887fabe21e/download/RESECT/NIFTI/Case21/Landmarks/Case21-MRI-beforeUS.tag | s3://archive-ro/5686d8fa-2003-4837-8e66-8e887fabe21e/RESECT/NIFTI/Case21/Landmarks/Case21-MRI-beforeUS.tag | RESECT/NIFTI/Case21/Landmarks/Case21-MRI-beforeUS.tag |  ASCII text | 1088 | 2017-05-24 | d91b091b6355de0923ec1a61f22826e4
https://data.archive.sigma2.no/dataset/5686d8fa-2003-4837-8e66-8e887fabe21e/download/RESECT/NIFTI/Case21/MRI/Case21-FLAIR.nii.gz | s3://archive-ro/5686d8fa-2003-4837-8e66-8e887fabe21e/RESECT/NIFTI/Case21/MRI/Case21-FLAIR.nii.gz | RESECT/NIFTI/Case21/MRI/Case21-FLAIR.nii.gz |  gzip compressed data | 8216050 | 2017-05-24 | 6943f8ba20fe345ea9077e79dd2c8e46
https://data.archive.sigma2.no/dataset/5686d8fa-2003-4837-8e66-8e887fabe21e/download/RESECT/NIFTI/Case21/MRI/Case21-T1.nii.gz | s3://archive-ro/5686d8fa-2003-4837-8e66-8e887fabe21e/RESECT/NIFTI/Case21/MRI/Case21-T1.nii.gz | RESECT/NIFTI/Case21/MRI/Case21-T1.nii.gz |  gzip compressed data | 10932406 | 2017-05-24 | 01ab13cef686b1fea1dd799b7ee9b67b
https://data.archive.sigma2.no/dataset/5686d8fa-2003-4837-8e66-8e887fabe21e/download/RESECT/NIFTI/Case21/US/Case21-US-after.nii.gz | s3://archive-ro/5686d8fa-2003-4837-8e66-8e887fabe21e/RESECT/NIFTI/Case21/US/Case21-US-after.nii.gz | RESECT/NIFTI/Case21/US/Case21-US-after.nii.gz |  gzip compressed data | 36611111 | 2017-05-24 | 69af22360e22b426552835a1a4d1eab1
https://data.archive.sigma2.no/dataset/5686d8fa-2003-4837-8e66-8e887fabe21e/download/RESECT/NIFTI/Case21/US/Case21-US-before.nii.gz | s3://archive-ro/5686d8fa-2003-4837-8e66-8e887fabe21e/RESECT/NIFTI/Case21/US/Case21-US-before.nii.gz | RESECT/NIFTI/Case21/US/Case21-US-before.nii.gz |  gzip compressed data | 32874370 | 2017-05-24 | 32927b542dabf27969ebcf6486e1ea67
https://data.archive.sigma2.no/dataset/5686d8fa-2003-4837-8e66-8e887fabe21e/download/RESECT/NIFTI/Case21/US/Case21-US-during.nii.gz | s3://archive-ro/5686d8fa-2003-4837-8e66-8e887fabe21e/RESECT/NIFTI/Case21/US/Case21-US-during.nii.gz | RESECT/NIFTI/Case21/US/Case21-US-during.nii.gz |  gzip compressed data | 40283369 | 2017-05-24 | c5a026291dd8cb16a642840967f547c1
https://data.archive.sigma2.no/dataset/5686d8fa-2003-4837-8e66-8e887fabe21e/download/RESECT/NIFTI/Case23/.DS_Store | s3://archive-ro/5686d8fa-2003-4837-8e66-8e887fabe21e/RESECT/NIFTI/Case23/.DS_Store | RESECT/NIFTI/Case23/.DS_Store |  data | 6148 | 2017-05-24 | 257fe7a4aa3cb9096bc249cb804e1436
https://data.archive.sigma2.no/dataset/5686d8fa-2003-4837-8e66-8e887fabe21e/download/RESECT/NIFTI/Case23/Landmarks/Case23-MRI-afterUS.tag | s3://archive-ro/5686d8fa-2003-4837-8e66-8e887fabe21e/RESECT/NIFTI/Case23/Landmarks/Case23-MRI-afterUS.tag | RESECT/NIFTI/Case23/Landmarks/Case23-MRI-afterUS.tag |  ASCII text | 1008 | 2017-05-24 | 5f8fac2b506bf00429312ea4b37b1917
https://data.archive.sigma2.no/dataset/5686d8fa-2003-4837-8e66-8e887fabe21e/download/RESECT/NIFTI/Case23/Landmarks/Case23-MRI-beforeUS.tag | s3://archive-ro/5686d8fa-2003-4837-8e66-8e887fabe21e/RESECT/NIFTI/Case23/Landmarks/Case23-MRI-beforeUS.tag | RESECT/NIFTI/Case23/Landmarks/Case23-MRI-beforeUS.tag |  ASCII text | 1007 | 2017-05-24 | 4bd562c9459e740ec4052b6eddb2a0f0
https://data.archive.sigma2.no/dataset/5686d8fa-2003-4837-8e66-8e887fabe21e/download/RESECT/NIFTI/Case23/MRI/Case23-FLAIR.nii.gz | s3://archive-ro/5686d8fa-2003-4837-8e66-8e887fabe21e/RESECT/NIFTI/Case23/MRI/Case23-FLAIR.nii.gz | RESECT/NIFTI/Case23/MRI/Case23-FLAIR.nii.gz |  gzip compressed data | 8006366 | 2017-05-24 | 9adf6cd82200ee87301b5f5ee13628fe
https://data.archive.sigma2.no/dataset/5686d8fa-2003-4837-8e66-8e887fabe21e/download/RESECT/NIFTI/Case23/MRI/Case23-T1.nii.gz | s3://archive-ro/5686d8fa-2003-4837-8e66-8e887fabe21e/RESECT/NIFTI/Case23/MRI/Case23-T1.nii.gz | RESECT/NIFTI/Case23/MRI/Case23-T1.nii.gz |  gzip compressed data | 9650064 | 2017-05-24 | 0b43b96495be1423106ccee24a7df226
https://data.archive.sigma2.no/dataset/5686d8fa-2003-4837-8e66-8e887fabe21e/download/RESECT/NIFTI/Case23/US/Case23-US-after.nii.gz | s3://archive-ro/5686d8fa-2003-4837-8e66-8e887fabe21e/RESECT/NIFTI/Case23/US/Case23-US-after.nii.gz | RESECT/NIFTI/Case23/US/Case23-US-after.nii.gz |  gzip compressed data | 26426798 | 2017-05-24 | 92ab54c999b8f990ea5301a669f0da5b
https://data.archive.sigma2.no/dataset/5686d8fa-2003-4837-8e66-8e887fabe21e/download/RESECT/NIFTI/Case24/Landmarks/Case24-beforeUS-duringUS-full.tag | s3://archive-ro/5686d8fa-2003-4837-8e66-8e887fabe21e/RESECT/NIFTI/Case24/Landmarks/Case24-beforeUS-duringUS-full.tag | RESECT/NIFTI/Case24/Landmarks/Case24-beforeUS-duringUS-full.tag |  ASCII text | 1410 | 2017-05-24 | d23dac7e16238ceefadc91f34fd80505
https://data.archive.sigma2.no/dataset/5686d8fa-2003-4837-8e66-8e887fabe21e/download/RESECT/NIFTI/Case24/Landmarks/Case24-beforeUS-duringUS.tag | s3://archive-ro/5686d8fa-2003-4837-8e66-8e887fabe21e/RESECT/NIFTI/Case24/Landmarks/Case24-beforeUS-duringUS.tag | RESECT/NIFTI/Case24/Landmarks/Case24-beforeUS-duringUS.tag |  ASCII text | 959 | 2017-05-24 | a9cf736d079b56a8dbef2f681dbc43ca
https://data.archive.sigma2.no/dataset/5686d8fa-2003-4837-8e66-8e887fabe21e/download/RESECT/NIFTI/Case24/Landmarks/Case24-MRI-afterUS.tag | s3://archive-ro/5686d8fa-2003-4837-8e66-8e887fabe21e/RESECT/NIFTI/Case24/Landmarks/Case24-MRI-afterUS.tag | RESECT/NIFTI/Case24/Landmarks/Case24-MRI-afterUS.tag |  ASCII text | 1023 | 2017-05-24 | bba0bd2ca894d27aeaf4684397019eb2
https://data.archive.sigma2.no/dataset/5686d8fa-2003-4837-8e66-8e887fabe21e/download/RESECT/NIFTI/Case24/Landmarks/Case24-MRI-beforeUS.tag | s3://archive-ro/5686d8fa-2003-4837-8e66-8e887fabe21e/RESECT/NIFTI/Case24/Landmarks/Case24-MRI-beforeUS.tag | RESECT/NIFTI/Case24/Landmarks/Case24-MRI-beforeUS.tag |  ASCII text | 1091 | 2017-05-24 | d5746ee7fc4ba1d47fd4ee25c129b07e
https://data.archive.sigma2.no/dataset/5686d8fa-2003-4837-8e66-8e887fabe21e/download/RESECT/NIFTI/Case24/MRI/Case24-FLAIR.nii.gz | s3://archive-ro/5686d8fa-2003-4837-8e66-8e887fabe21e/RESECT/NIFTI/Case24/MRI/Case24-FLAIR.nii.gz | RESECT/NIFTI/Case24/MRI/Case24-FLAIR.nii.gz |  gzip compressed data | 8541353 | 2017-05-24 | 39329bed7e8aff5f124ce346f69cde93
https://data.archive.sigma2.no/dataset/5686d8fa-2003-4837-8e66-8e887fabe21e/download/RESECT/NIFTI/Case24/MRI/Case24-T1.nii.gz | s3://archive-ro/5686d8fa-2003-4837-8e66-8e887fabe21e/RESECT/NIFTI/Case24/MRI/Case24-T1.nii.gz | RESECT/NIFTI/Case24/MRI/Case24-T1.nii.gz |  gzip compressed data | 9983454 | 2017-05-24 | 25d5717f6713d2f621ba037349caa6a4
https://data.archive.sigma2.no/dataset/5686d8fa-2003-4837-8e66-8e887fabe21e/download/RESECT/NIFTI/Case24/US/Case24-US-after.nii.gz | s3://archive-ro/5686d8fa-2003-4837-8e66-8e887fabe21e/RESECT/NIFTI/Case24/US/Case24-US-after.nii.gz | RESECT/NIFTI/Case24/US/Case24-US-after.nii.gz |  gzip compressed data | 29799833 | 2017-05-24 | e7adace53cf3f93301496bdcbaa9ccf1
https://data.archive.sigma2.no/dataset/5686d8fa-2003-4837-8e66-8e887fabe21e/download/RESECT/NIFTI/Case24/US/Case24-US-before.nii.gz | s3://archive-ro/5686d8fa-2003-4837-8e66-8e887fabe21e/RESECT/NIFTI/Case24/US/Case24-US-before.nii.gz | RESECT/NIFTI/Case24/US/Case24-US-before.nii.gz |  gzip compressed data | 39564813 | 2017-05-24 | de610e4043e9793898f18e3400052e9f
https://data.archive.sigma2.no/dataset/5686d8fa-2003-4837-8e66-8e887fabe21e/download/RESECT/NIFTI/Case24/US/Case24-US-during.nii.gz | s3://archive-ro/5686d8fa-2003-4837-8e66-8e887fabe21e/RESECT/NIFTI/Case24/US/Case24-US-during.nii.gz | RESECT/NIFTI/Case24/US/Case24-US-during.nii.gz |  gzip compressed data | 32603719 | 2017-05-24 | 74ae927bfc4981ffff636b50673b5f21
https://data.archive.sigma2.no/dataset/5686d8fa-2003-4837-8e66-8e887fabe21e/download/RESECT/NIFTI/Case25/.DS_Store | s3://archive-ro/5686d8fa-2003-4837-8e66-8e887fabe21e/RESECT/NIFTI/Case25/.DS_Store | RESECT/NIFTI/Case25/.DS_Store |  data | 6148 | 2017-05-24 | bbd37b83cb5a88eb7169998cab780d91
https://data.archive.sigma2.no/dataset/5686d8fa-2003-4837-8e66-8e887fabe21e/download/RESECT/NIFTI/Case25/Landmarks/Case25-beforeUS-afterUS.tag | s3://archive-ro/5686d8fa-2003-4837-8e66-8e887fabe21e/RESECT/NIFTI/Case25/Landmarks/Case25-beforeUS-afterUS.tag | RESECT/NIFTI/Case25/Landmarks/Case25-beforeUS-afterUS.tag |  ASCII text | 871 | 2017-05-24 | 334369fec5a903b87ece09506f025f0e
https://data.archive.sigma2.no/dataset/5686d8fa-2003-4837-8e66-8e887fabe21e/download/RESECT/NIFTI/Case25/Landmarks/Case25-beforeUS-duringUS-full.tag | s3://archive-ro/5686d8fa-2003-4837-8e66-8e887fabe21e/RESECT/NIFTI/Case25/Landmarks/Case25-beforeUS-duringUS-full.tag | RESECT/NIFTI/Case25/Landmarks/Case25-beforeUS-duringUS-full.tag |  ASCII text | 1394 | 2017-05-24 | 8f0eb8c25286d5ecc145bce29c059a03
https://data.archive.sigma2.no/dataset/5686d8fa-2003-4837-8e66-8e887fabe21e/download/RESECT/NIFTI/Case25/Landmarks/Case25-beforeUS-duringUS.tag | s3://archive-ro/5686d8fa-2003-4837-8e66-8e887fabe21e/RESECT/NIFTI/Case25/Landmarks/Case25-beforeUS-duringUS.tag | RESECT/NIFTI/Case25/Landmarks/Case25-beforeUS-duringUS.tag |  ASCII text | 867 | 2017-05-24 | a5369c2a195956dfa428744d8a2929d2
https://data.archive.sigma2.no/dataset/5686d8fa-2003-4837-8e66-8e887fabe21e/download/RESECT/NIFTI/Case25/Landmarks/Case25-MRI-afterUS.tag | s3://archive-ro/5686d8fa-2003-4837-8e66-8e887fabe21e/RESECT/NIFTI/Case25/Landmarks/Case25-MRI-afterUS.tag | RESECT/NIFTI/Case25/Landmarks/Case25-MRI-afterUS.tag |  ASCII text | 869 | 2017-05-24 | d6fc51a626247995a956a2bba8857fbd
https://data.archive.sigma2.no/dataset/5686d8fa-2003-4837-8e66-8e887fabe21e/download/RESECT/NIFTI/Case25/Landmarks/Case25-MRI-beforeUS.tag | s3://archive-ro/5686d8fa-2003-4837-8e66-8e887fabe21e/RESECT/NIFTI/Case25/Landmarks/Case25-MRI-beforeUS.tag | RESECT/NIFTI/Case25/Landmarks/Case25-MRI-beforeUS.tag |  ASCII text | 1056 | 2017-05-24 | 646fc6585c19b2f3a0b3a76696023315
https://data.archive.sigma2.no/dataset/5686d8fa-2003-4837-8e66-8e887fabe21e/download/RESECT/NIFTI/Case25/MRI/Case25-FLAIR.nii.gz | s3://archive-ro/5686d8fa-2003-4837-8e66-8e887fabe21e/RESECT/NIFTI/Case25/MRI/Case25-FLAIR.nii.gz | RESECT/NIFTI/Case25/MRI/Case25-FLAIR.nii.gz |  gzip compressed data | 10278591 | 2017-05-24 | 655374e6af15eab74e2088617654630d
https://data.archive.sigma2.no/dataset/5686d8fa-2003-4837-8e66-8e887fabe21e/download/RESECT/NIFTI/Case25/MRI/Case25-T1.nii.gz | s3://archive-ro/5686d8fa-2003-4837-8e66-8e887fabe21e/RESECT/NIFTI/Case25/MRI/Case25-T1.nii.gz | RESECT/NIFTI/Case25/MRI/Case25-T1.nii.gz |  gzip compressed data | 12512980 | 2017-05-24 | 6fd5f39f2c2fc1eaa46155ae989a7b41
https://data.archive.sigma2.no/dataset/5686d8fa-2003-4837-8e66-8e887fabe21e/download/RESECT/NIFTI/Case25/US/Case25-US-after.nii.gz | s3://archive-ro/5686d8fa-2003-4837-8e66-8e887fabe21e/RESECT/NIFTI/Case25/US/Case25-US-after.nii.gz | RESECT/NIFTI/Case25/US/Case25-US-after.nii.gz |  gzip compressed data | 26492415 | 2017-05-24 | 1cecf1cf555977f6bc021b522ff74ac8
https://data.archive.sigma2.no/dataset/5686d8fa-2003-4837-8e66-8e887fabe21e/download/RESECT/NIFTI/Case25/US/Case25-US-before.nii.gz | s3://archive-ro/5686d8fa-2003-4837-8e66-8e887fabe21e/RESECT/NIFTI/Case25/US/Case25-US-before.nii.gz | RESECT/NIFTI/Case25/US/Case25-US-before.nii.gz |  gzip compressed data | 26094518 | 2017-05-24 | 33960582c55aa887e0470bf976ef9d9b
https://data.archive.sigma2.no/dataset/5686d8fa-2003-4837-8e66-8e887fabe21e/download/RESECT/NIFTI/Case25/US/Case25-US-during.nii.gz | s3://archive-ro/5686d8fa-2003-4837-8e66-8e887fabe21e/RESECT/NIFTI/Case25/US/Case25-US-during.nii.gz | RESECT/NIFTI/Case25/US/Case25-US-during.nii.gz |  gzip compressed data | 29442412 | 2017-05-24 | c402e8168bb66f6ec932d06f2ca6b652
https://data.archive.sigma2.no/dataset/5686d8fa-2003-4837-8e66-8e887fabe21e/download/RESECT/NIFTI/Case26/.DS_Store | s3://archive-ro/5686d8fa-2003-4837-8e66-8e887fabe21e/RESECT/NIFTI/Case26/.DS_Store | RESECT/NIFTI/Case26/.DS_Store |  data | 6148 | 2017-05-24 | 8921a67f2b7d487399faf656f308f300
https://data.archive.sigma2.no/dataset/5686d8fa-2003-4837-8e66-8e887fabe21e/download/RESECT/NIFTI/Case26/Landmarks/Case26-MRI-beforeUS.tag | s3://archive-ro/5686d8fa-2003-4837-8e66-8e887fabe21e/RESECT/NIFTI/Case26/Landmarks/Case26-MRI-beforeUS.tag | RESECT/NIFTI/Case26/Landmarks/Case26-MRI-beforeUS.tag |  ASCII text | 1089 | 2017-05-24 | 290897f245fdbbbb88618c83968e5385
https://data.archive.sigma2.no/dataset/5686d8fa-2003-4837-8e66-8e887fabe21e/download/RESECT/NIFTI/Case26/MRI/Case26-FLAIR.nii.gz | s3://archive-ro/5686d8fa-2003-4837-8e66-8e887fabe21e/RESECT/NIFTI/Case26/MRI/Case26-FLAIR.nii.gz | RESECT/NIFTI/Case26/MRI/Case26-FLAIR.nii.gz |  gzip compressed data | 8282579 | 2017-05-24 | f9fd406fdf946a8792060a650643e235
https://data.archive.sigma2.no/dataset/5686d8fa-2003-4837-8e66-8e887fabe21e/download/RESECT/NIFTI/Case26/MRI/Case26-T1.nii.gz | s3://archive-ro/5686d8fa-2003-4837-8e66-8e887fabe21e/RESECT/NIFTI/Case26/MRI/Case26-T1.nii.gz | RESECT/NIFTI/Case26/MRI/Case26-T1.nii.gz |  gzip compressed data | 9532533 | 2017-05-24 | 4ae0f27aa37134c2d7c17ff1e6e1d7ae
https://data.archive.sigma2.no/dataset/5686d8fa-2003-4837-8e66-8e887fabe21e/download/RESECT/NIFTI/Case26/US/Case26-US-after.nii.gz | s3://archive-ro/5686d8fa-2003-4837-8e66-8e887fabe21e/RESECT/NIFTI/Case26/US/Case26-US-after.nii.gz | RESECT/NIFTI/Case26/US/Case26-US-after.nii.gz |  gzip compressed data | 26874229 | 2017-05-24 | 05048b21899bb2b1d5f89478ffa4871f
https://data.archive.sigma2.no/dataset/5686d8fa-2003-4837-8e66-8e887fabe21e/download/RESECT/NIFTI/Case26/US/Case26-US-before.nii.gz | s3://archive-ro/5686d8fa-2003-4837-8e66-8e887fabe21e/RESECT/NIFTI/Case26/US/Case26-US-before.nii.gz | RESECT/NIFTI/Case26/US/Case26-US-before.nii.gz |  gzip compressed data | 27249479 | 2017-05-24 | 53090bc62ab42ab5c8120f51d8de5421
https://data.archive.sigma2.no/dataset/5686d8fa-2003-4837-8e66-8e887fabe21e/download/RESECT/NIFTI/Case27/Landmarks/Case27-beforeUS-duringUS-full.tag | s3://archive-ro/5686d8fa-2003-4837-8e66-8e887fabe21e/RESECT/NIFTI/Case27/Landmarks/Case27-beforeUS-duringUS-full.tag | RESECT/NIFTI/Case27/Landmarks/Case27-beforeUS-duringUS-full.tag |  ASCII text | 1122 | 2017-05-24 | 6dadd72b1aefdcec68ecdf549dbec9a5
https://data.archive.sigma2.no/dataset/5686d8fa-2003-4837-8e66-8e887fabe21e/download/RESECT/NIFTI/Case27/Landmarks/Case27-beforeUS-duringUS.tag | s3://archive-ro/5686d8fa-2003-4837-8e66-8e887fabe21e/RESECT/NIFTI/Case27/Landmarks/Case27-beforeUS-duringUS.tag | RESECT/NIFTI/Case27/Landmarks/Case27-beforeUS-duringUS.tag |  ASCII text | 860 | 2017-05-24 | 490fe7e5042c6a3751e3f6f6c69c899e
https://data.archive.sigma2.no/dataset/5686d8fa-2003-4837-8e66-8e887fabe21e/download/RESECT/NIFTI/Case27/Landmarks/Case27-MRI-afterUS.tag | s3://archive-ro/5686d8fa-2003-4837-8e66-8e887fabe21e/RESECT/NIFTI/Case27/Landmarks/Case27-MRI-afterUS.tag | RESECT/NIFTI/Case27/Landmarks/Case27-MRI-afterUS.tag |  ASCII text | 988 | 2017-05-24 | 94bcc1d0d08c121ecd829e51b08090e2
https://data.archive.sigma2.no/dataset/5686d8fa-2003-4837-8e66-8e887fabe21e/download/RESECT/NIFTI/Case27/Landmarks/Case27-MRI-beforeUS.tag | s3://archive-ro/5686d8fa-2003-4837-8e66-8e887fabe21e/RESECT/NIFTI/Case27/Landmarks/Case27-MRI-beforeUS.tag | RESECT/NIFTI/Case27/Landmarks/Case27-MRI-beforeUS.tag |  ASCII text | 1117 | 2017-05-24 | b686edee4611b8413aec7768dd3b8504
https://data.archive.sigma2.no/dataset/5686d8fa-2003-4837-8e66-8e887fabe21e/download/RESECT/NIFTI/Case27/MRI/.DS_Store | s3://archive-ro/5686d8fa-2003-4837-8e66-8e887fabe21e/RESECT/NIFTI/Case27/MRI/.DS_Store | RESECT/NIFTI/Case27/MRI/.DS_Store |  data | 6148 | 2017-05-24 | 194577a7e20bdcc7afbb718f502c134c
https://data.archive.sigma2.no/dataset/5686d8fa-2003-4837-8e66-8e887fabe21e/download/RESECT/NIFTI/Case27/MRI/Case27-FLAIR.nii.gz | s3://archive-ro/5686d8fa-2003-4837-8e66-8e887fabe21e/RESECT/NIFTI/Case27/MRI/Case27-FLAIR.nii.gz | RESECT/NIFTI/Case27/MRI/Case27-FLAIR.nii.gz |  gzip compressed data | 9589665 | 2017-05-24 | 7a8f8e482c4957e7cd105fd0ba184d15
https://data.archive.sigma2.no/dataset/5686d8fa-2003-4837-8e66-8e887fabe21e/download/RESECT/NIFTI/Case27/MRI/Case27-T1.nii.gz | s3://archive-ro/5686d8fa-2003-4837-8e66-8e887fabe21e/RESECT/NIFTI/Case27/MRI/Case27-T1.nii.gz | RESECT/NIFTI/Case27/MRI/Case27-T1.nii.gz |  gzip compressed data | 11939387 | 2017-05-24 | c426532ed4ddf2a2b91f9b9b20d8d66f
https://data.archive.sigma2.no/dataset/5686d8fa-2003-4837-8e66-8e887fabe21e/download/RESECT/NIFTI/Case27/US/Case27-US-after.nii.gz | s3://archive-ro/5686d8fa-2003-4837-8e66-8e887fabe21e/RESECT/NIFTI/Case27/US/Case27-US-after.nii.gz | RESECT/NIFTI/Case27/US/Case27-US-after.nii.gz |  gzip compressed data | 28658156 | 2017-05-24 | 64cbaa53d420988935cedd8a8a5b9868
https://data.archive.sigma2.no/dataset/5686d8fa-2003-4837-8e66-8e887fabe21e/download/RESECT/NIFTI/Case27/US/Case27-US-before.nii.gz | s3://archive-ro/5686d8fa-2003-4837-8e66-8e887fabe21e/RESECT/NIFTI/Case27/US/Case27-US-before.nii.gz | RESECT/NIFTI/Case27/US/Case27-US-before.nii.gz |  gzip compressed data | 29844670 | 2017-05-24 | 15a372026249894f457fa036afe255f5
https://data.archive.sigma2.no/dataset/5686d8fa-2003-4837-8e66-8e887fabe21e/download/RESECT/NIFTI/Case27/US/Case27-US-during.nii.gz | s3://archive-ro/5686d8fa-2003-4837-8e66-8e887fabe21e/RESECT/NIFTI/Case27/US/Case27-US-during.nii.gz | RESECT/NIFTI/Case27/US/Case27-US-during.nii.gz |  gzip compressed data | 28469485 | 2017-05-24 | 1d260658c73e552a78132c08f4b1b906
https://data.archive.sigma2.no/dataset/5686d8fa-2003-4837-8e66-8e887fabe21e/download/RESECT/NIFTI/Case3/.DS_Store | s3://archive-ro/5686d8fa-2003-4837-8e66-8e887fabe21e/RESECT/NIFTI/Case3/.DS_Store | RESECT/NIFTI/Case3/.DS_Store |  data | 6148 | 2017-05-24 | 3139ad7e12afdb79065c939a70f9d700
https://data.archive.sigma2.no/dataset/5686d8fa-2003-4837-8e66-8e887fabe21e/download/RESECT/NIFTI/Case3/Landmarks/Case3-beforeUS-afterUS.tag | s3://archive-ro/5686d8fa-2003-4837-8e66-8e887fabe21e/RESECT/NIFTI/Case3/Landmarks/Case3-beforeUS-afterUS.tag | RESECT/NIFTI/Case3/Landmarks/Case3-beforeUS-afterUS.tag |  ASCII text | 792 | 2017-05-24 | bf9af18439c8708296e65a92ac0a5cbd
https://data.archive.sigma2.no/dataset/5686d8fa-2003-4837-8e66-8e887fabe21e/download/RESECT/NIFTI/Case3/Landmarks/Case3-beforeUS-duringUS-full.tag | s3://archive-ro/5686d8fa-2003-4837-8e66-8e887fabe21e/RESECT/NIFTI/Case3/Landmarks/Case3-beforeUS-duringUS-full.tag | RESECT/NIFTI/Case3/Landmarks/Case3-beforeUS-duringUS-full.tag |  ASCII text | 1190 | 2017-05-24 | 7da1af98668545fd39bd8abbafec9370
https://data.archive.sigma2.no/dataset/5686d8fa-2003-4837-8e66-8e887fabe21e/download/RESECT/NIFTI/Case3/Landmarks/Case3-beforeUS-duringUS.tag | s3://archive-ro/5686d8fa-2003-4837-8e66-8e887fabe21e/RESECT/NIFTI/Case3/Landmarks/Case3-beforeUS-duringUS.tag | RESECT/NIFTI/Case3/Landmarks/Case3-beforeUS-duringUS.tag |  ASCII text | 792 | 2017-05-24 | 263471250e91d05356e2803bfeef9352
https://data.archive.sigma2.no/dataset/5686d8fa-2003-4837-8e66-8e887fabe21e/download/RESECT/NIFTI/Case3/Landmarks/Case3-MRI-afterUS.tag | s3://archive-ro/5686d8fa-2003-4837-8e66-8e887fabe21e/RESECT/NIFTI/Case3/Landmarks/Case3-MRI-afterUS.tag | RESECT/NIFTI/Case3/Landmarks/Case3-MRI-afterUS.tag |  ASCII text | 1058 | 2017-05-24 | a330f102784d0dc22695af5f583750d4
https://data.archive.sigma2.no/dataset/5686d8fa-2003-4837-8e66-8e887fabe21e/download/RESECT/NIFTI/Case3/Landmarks/Case3-MRI-beforeUS.tag | s3://archive-ro/5686d8fa-2003-4837-8e66-8e887fabe21e/RESECT/NIFTI/Case3/Landmarks/Case3-MRI-beforeUS.tag | RESECT/NIFTI/Case3/Landmarks/Case3-MRI-beforeUS.tag |  ASCII text | 1057 | 2017-05-24 | dea22892533e113c261e3acd5d958124
https://data.archive.sigma2.no/dataset/5686d8fa-2003-4837-8e66-8e887fabe21e/download/RESECT/NIFTI/Case3/MRI/Case3-FLAIR.nii.gz | s3://archive-ro/5686d8fa-2003-4837-8e66-8e887fabe21e/RESECT/NIFTI/Case3/MRI/Case3-FLAIR.nii.gz | RESECT/NIFTI/Case3/MRI/Case3-FLAIR.nii.gz |  gzip compressed data | 8055939 | 2017-05-24 | d4d1a7d490531be9d769cc7f9b91f30f
https://data.archive.sigma2.no/dataset/5686d8fa-2003-4837-8e66-8e887fabe21e/download/RESECT/NIFTI/Case3/MRI/Case3-T1.nii.gz | s3://archive-ro/5686d8fa-2003-4837-8e66-8e887fabe21e/RESECT/NIFTI/Case3/MRI/Case3-T1.nii.gz | RESECT/NIFTI/Case3/MRI/Case3-T1.nii.gz |  gzip compressed data | 10724338 | 2017-05-24 | 5310664ab7a4e6746dddac1e9dec4859
https://data.archive.sigma2.no/dataset/5686d8fa-2003-4837-8e66-8e887fabe21e/download/RESECT/NIFTI/Case3/US/Case3-US-after.nii.gz | s3://archive-ro/5686d8fa-2003-4837-8e66-8e887fabe21e/RESECT/NIFTI/Case3/US/Case3-US-after.nii.gz | RESECT/NIFTI/Case3/US/Case3-US-after.nii.gz |  gzip compressed data | 12285987 | 2017-05-24 | b6794875e56efe2d6549654ae0413ece
https://data.archive.sigma2.no/dataset/5686d8fa-2003-4837-8e66-8e887fabe21e/download/RESECT/NIFTI/Case3/US/Case3-US-before.nii.gz | s3://archive-ro/5686d8fa-2003-4837-8e66-8e887fabe21e/RESECT/NIFTI/Case3/US/Case3-US-before.nii.gz | RESECT/NIFTI/Case3/US/Case3-US-before.nii.gz |  gzip compressed data | 9822564 | 2017-05-24 | 16ea554e1deb97e12759d89c078bff34
https://data.archive.sigma2.no/dataset/5686d8fa-2003-4837-8e66-8e887fabe21e/download/RESECT/NIFTI/Case3/US/Case3-US-during.nii.gz | s3://archive-ro/5686d8fa-2003-4837-8e66-8e887fabe21e/RESECT/NIFTI/Case3/US/Case3-US-during.nii.gz | RESECT/NIFTI/Case3/US/Case3-US-during.nii.gz |  gzip compressed data | 9156131 | 2017-05-24 | 5043491e6b4cea1fe3be1003a42a2cf5
https://data.archive.sigma2.no/dataset/5686d8fa-2003-4837-8e66-8e887fabe21e/download/RESECT/NIFTI/Case4/.DS_Store | s3://archive-ro/5686d8fa-2003-4837-8e66-8e887fabe21e/RESECT/NIFTI/Case4/.DS_Store | RESECT/NIFTI/Case4/.DS_Store |  data | 6148 | 2017-05-24 | a4d8969a6e63a3c227f976a515832eee
https://data.archive.sigma2.no/dataset/5686d8fa-2003-4837-8e66-8e887fabe21e/download/RESECT/NIFTI/Case4/Landmarks/Case4-beforeUS-afterUS.tag | s3://archive-ro/5686d8fa-2003-4837-8e66-8e887fabe21e/RESECT/NIFTI/Case4/Landmarks/Case4-beforeUS-afterUS.tag | RESECT/NIFTI/Case4/Landmarks/Case4-beforeUS-afterUS.tag |  ASCII text | 850 | 2017-05-24 | 9041fa0cc8100c20a17d99cf026448c4
https://data.archive.sigma2.no/dataset/5686d8fa-2003-4837-8e66-8e887fabe21e/download/RESECT/NIFTI/Case4/Landmarks/Case4-beforeUS-duringUS-full.tag | s3://archive-ro/5686d8fa-2003-4837-8e66-8e887fabe21e/RESECT/NIFTI/Case4/Landmarks/Case4-beforeUS-duringUS-full.tag | RESECT/NIFTI/Case4/Landmarks/Case4-beforeUS-duringUS-full.tag |  ASCII text | 1304 | 2017-05-24 | 14259fc0f9ab32dfecbe1f2b8830ae86
https://data.archive.sigma2.no/dataset/5686d8fa-2003-4837-8e66-8e887fabe21e/download/RESECT/NIFTI/Case4/Landmarks/Case4-beforeUS-duringUS.tag | s3://archive-ro/5686d8fa-2003-4837-8e66-8e887fabe21e/RESECT/NIFTI/Case4/Landmarks/Case4-beforeUS-duringUS.tag | RESECT/NIFTI/Case4/Landmarks/Case4-beforeUS-duringUS.tag |  ASCII text | 844 | 2017-05-24 | 9d04bd0a67d8685a51258dbae8c18254
https://data.archive.sigma2.no/dataset/5686d8fa-2003-4837-8e66-8e887fabe21e/download/RESECT/NIFTI/Case4/Landmarks/Case4-MRI-afterUS.tag | s3://archive-ro/5686d8fa-2003-4837-8e66-8e887fabe21e/RESECT/NIFTI/Case4/Landmarks/Case4-MRI-afterUS.tag | RESECT/NIFTI/Case4/Landmarks/Case4-MRI-afterUS.tag |  ASCII text | 978 | 2017-05-24 | eaf98044aca058c6ca259eba5719b7db
https://data.archive.sigma2.no/dataset/5686d8fa-2003-4837-8e66-8e887fabe21e/download/RESECT/NIFTI/Case6/Landmarks/Case6-beforeUS-duringUS-full.tag | s3://archive-ro/5686d8fa-2003-4837-8e66-8e887fabe21e/RESECT/NIFTI/Case6/Landmarks/Case6-beforeUS-duringUS-full.tag | RESECT/NIFTI/Case6/Landmarks/Case6-beforeUS-duringUS-full.tag |  ASCII text | 1485 | 2017-05-24 | edbd878b4f170fe1cec95abb11375fa4
https://data.archive.sigma2.no/dataset/5686d8fa-2003-4837-8e66-8e887fabe21e/download/RESECT/NIFTI/Case6/Landmarks/Case6-beforeUS-duringUS.tag | s3://archive-ro/5686d8fa-2003-4837-8e66-8e887fabe21e/RESECT/NIFTI/Case6/Landmarks/Case6-beforeUS-duringUS.tag | RESECT/NIFTI/Case6/Landmarks/Case6-beforeUS-duringUS.tag |  ASCII text | 814 | 2017-05-24 | 64cbd350e7cee2fb4b7f37a3c6d03c65
https://data.archive.sigma2.no/dataset/5686d8fa-2003-4837-8e66-8e887fabe21e/download/RESECT/NIFTI/Case6/Landmarks/Case6-MRI-afterUS.tag | s3://archive-ro/5686d8fa-2003-4837-8e66-8e887fabe21e/RESECT/NIFTI/Case6/Landmarks/Case6-MRI-afterUS.tag | RESECT/NIFTI/Case6/Landmarks/Case6-MRI-afterUS.tag |  ASCII text | 673 | 2017-05-24 | 64c86498f1184b7ad45d3369557ea285
https://data.archive.sigma2.no/dataset/5686d8fa-2003-4837-8e66-8e887fabe21e/download/RESECT/NIFTI/Case6/Landmarks/Case6-MRI-beforeUS.tag | s3://archive-ro/5686d8fa-2003-4837-8e66-8e887fabe21e/RESECT/NIFTI/Case6/Landmarks/Case6-MRI-beforeUS.tag | RESECT/NIFTI/Case6/Landmarks/Case6-MRI-beforeUS.tag |  ASCII text | 1067 | 2017-05-24 | 8ee49c0d08e0b7019a145f6925e94943
https://data.archive.sigma2.no/dataset/5686d8fa-2003-4837-8e66-8e887fabe21e/download/RESECT/NIFTI/Case6/MRI/Case6-FLAIR.nii.gz | s3://archive-ro/5686d8fa-2003-4837-8e66-8e887fabe21e/RESECT/NIFTI/Case6/MRI/Case6-FLAIR.nii.gz | RESECT/NIFTI/Case6/MRI/Case6-FLAIR.nii.gz |  gzip compressed data | 8796816 | 2017-05-24 | 2e4a9eb6dfb609795c28a4b71e9bfd93
https://data.archive.sigma2.no/dataset/5686d8fa-2003-4837-8e66-8e887fabe21e/download/RESECT/NIFTI/Case6/MRI/Case6-T1.nii.gz | s3://archive-ro/5686d8fa-2003-4837-8e66-8e887fabe21e/RESECT/NIFTI/Case6/MRI/Case6-T1.nii.gz | RESECT/NIFTI/Case6/MRI/Case6-T1.nii.gz |  gzip compressed data | 11509227 | 2017-05-24 | cc862f6bdc1668437871bb00c2d2e2ca
https://data.archive.sigma2.no/dataset/5686d8fa-2003-4837-8e66-8e887fabe21e/download/RESECT/NIFTI/Case6/US/Case6-US-after.nii.gz | s3://archive-ro/5686d8fa-2003-4837-8e66-8e887fabe21e/RESECT/NIFTI/Case6/US/Case6-US-after.nii.gz | RESECT/NIFTI/Case6/US/Case6-US-after.nii.gz |  gzip compressed data | 19311105 | 2017-05-24 | f2add2b411a357394ab602891511c02b
https://data.archive.sigma2.no/dataset/5686d8fa-2003-4837-8e66-8e887fabe21e/download/RESECT/NIFTI/Case6/US/Case6-US-before.nii.gz | s3://archive-ro/5686d8fa-2003-4837-8e66-8e887fabe21e/RESECT/NIFTI/Case6/US/Case6-US-before.nii.gz | RESECT/NIFTI/Case6/US/Case6-US-before.nii.gz |  gzip compressed data | 18065118 | 2017-05-24 | d3504c0da01bec0a2b54a6f7002cc1d4
https://data.archive.sigma2.no/dataset/5686d8fa-2003-4837-8e66-8e887fabe21e/download/RESECT/NIFTI/Case6/US/Case6-US-during.nii.gz | s3://archive-ro/5686d8fa-2003-4837-8e66-8e887fabe21e/RESECT/NIFTI/Case6/US/Case6-US-during.nii.gz | RESECT/NIFTI/Case6/US/Case6-US-during.nii.gz |  gzip compressed data | 19032694 | 2017-05-24 | 8bd24c638b022a410cfc0fc40f421537
https://data.archive.sigma2.no/dataset/5686d8fa-2003-4837-8e66-8e887fabe21e/download/RESECT/NIFTI/Case7/.DS_Store | s3://archive-ro/5686d8fa-2003-4837-8e66-8e887fabe21e/RESECT/NIFTI/Case7/.DS_Store | RESECT/NIFTI/Case7/.DS_Store |  data | 6148 | 2017-05-24 | da50aa5a208367b26823e7dcc500da1d
https://data.archive.sigma2.no/dataset/5686d8fa-2003-4837-8e66-8e887fabe21e/download/RESECT/NIFTI/Case7/Landmarks/Case7-beforeUS-afterUS.tag | s3://archive-ro/5686d8fa-2003-4837-8e66-8e887fabe21e/RESECT/NIFTI/Case7/Landmarks/Case7-beforeUS-afterUS.tag | RESECT/NIFTI/Case7/Landmarks/Case7-beforeUS-afterUS.tag |  ASCII text | 1236 | 2017-05-24 | 7fb5491913e8a8d523be0961440eb1dd
https://data.archive.sigma2.no/dataset/5686d8fa-2003-4837-8e66-8e887fabe21e/download/RESECT/NIFTI/Case7/Landmarks/Case7-beforeUS-duringUS-full.tag | s3://archive-ro/5686d8fa-2003-4837-8e66-8e887fabe21e/RESECT/NIFTI/Case7/Landmarks/Case7-beforeUS-duringUS-full.tag | RESECT/NIFTI/Case7/Landmarks/Case7-beforeUS-duringUS-full.tag |  ASCII text | 1499 | 2017-05-24 | b112d56a4319fd0dfd0c386585795c69
https://data.archive.sigma2.no/dataset/5686d8fa-2003-4837-8e66-8e887fabe21e/download/RESECT/NIFTI/Case7/Landmarks/Case7-beforeUS-duringUS.tag | s3://archive-ro/5686d8fa-2003-4837-8e66-8e887fabe21e/RESECT/NIFTI/Case7/Landmarks/Case7-beforeUS-duringUS.tag | RESECT/NIFTI/Case7/Landmarks/Case7-beforeUS-duringUS.tag |  ASCII text | 1237 | 2017-05-24 | ea3a4fe8cfb0875a15116dad6ffd7c7d
https://data.archive.sigma2.no/dataset/5686d8fa-2003-4837-8e66-8e887fabe21e/download/RESECT/NIFTI/Case7/Landmarks/Case7-MRI-afterUS.tag | s3://archive-ro/5686d8fa-2003-4837-8e66-8e887fabe21e/RESECT/NIFTI/Case7/Landmarks/Case7-MRI-afterUS.tag | RESECT/NIFTI/Case7/Landmarks/Case7-MRI-afterUS.tag |  ASCII text | 1039 | 2017-05-24 | d7a479884569d7c3a65e790d114ed986
https://data.archive.sigma2.no/dataset/5686d8fa-2003-4837-8e66-8e887fabe21e/download/RESECT/NIFTI/Case7/Landmarks/Case7-MRI-beforeUS.tag | s3://archive-ro/5686d8fa-2003-4837-8e66-8e887fabe21e/RESECT/NIFTI/Case7/Landmarks/Case7-MRI-beforeUS.tag | RESECT/NIFTI/Case7/Landmarks/Case7-MRI-beforeUS.tag |  ASCII text | 1039 | 2017-05-24 | 197daabac5d9826be231a70314160273
https://data.archive.sigma2.no/dataset/5686d8fa-2003-4837-8e66-8e887fabe21e/download/RESECT/NIFTI/Case7/MRI/Case7-FLAIR.nii.gz | s3://archive-ro/5686d8fa-2003-4837-8e66-8e887fabe21e/RESECT/NIFTI/Case7/MRI/Case7-FLAIR.nii.gz | RESECT/NIFTI/Case7/MRI/Case7-FLAIR.nii.gz |  gzip compressed data | 8760613 | 2017-05-24 | 7f86f70acb587488678604bbd702e5d4
https://data.archive.sigma2.no/dataset/5686d8fa-2003-4837-8e66-8e887fabe21e/download/RESECT/NIFTI/Case7/MRI/Case7-T1.nii.gz | s3://archive-ro/5686d8fa-2003-4837-8e66-8e887fabe21e/RESECT/NIFTI/Case7/MRI/Case7-T1.nii.gz | RESECT/NIFTI/Case7/MRI/Case7-T1.nii.gz |  gzip compressed data | 11099798 | 2017-05-24 | 476a02ffd01f689dd959566c7a7a03ff
https://data.archive.sigma2.no/dataset/5686d8fa-2003-4837-8e66-8e887fabe21e/download/RESECT/NIFTI/Case7/US/Case7-US-after.nii.gz | s3://archive-ro/5686d8fa-2003-4837-8e66-8e887fabe21e/RESECT/NIFTI/Case7/US/Case7-US-after.nii.gz | RESECT/NIFTI/Case7/US/Case7-US-after.nii.gz |  gzip compressed data | 19072334 | 2017-05-24 | 573c135399b986a7921629679a52fb72
https://data.archive.sigma2.no/dataset/5686d8fa-2003-4837-8e66-8e887fabe21e/download/RESECT/NIFTI/Case7/US/Case7-US-before.nii.gz | s3://archive-ro/5686d8fa-2003-4837-8e66-8e887fabe21e/RESECT/NIFTI/Case7/US/Case7-US-before.nii.gz | RESECT/NIFTI/Case7/US/Case7-US-before.nii.gz |  gzip compressed data | 21128403 | 2017-05-24 | acdb24af7d6222cf6b126e5eb147651d
https://data.archive.sigma2.no/dataset/5686d8fa-2003-4837-8e66-8e887fabe21e/download/RESECT/NIFTI/Case7/US/Case7-US-during.nii.gz | s3://archive-ro/5686d8fa-2003-4837-8e66-8e887fabe21e/RESECT/NIFTI/Case7/US/Case7-US-during.nii.gz | RESECT/NIFTI/Case7/US/Case7-US-during.nii.gz |  gzip compressed data | 21363715 | 2017-05-24 | cdfa763c0b31aa7c6a0d08a022f90197
https://data.archive.sigma2.no/dataset/5686d8fa-2003-4837-8e66-8e887fabe21e/download/RESECT/NIFTI/Case8/.DS_Store | s3://archive-ro/5686d8fa-2003-4837-8e66-8e887fabe21e/RESECT/NIFTI/Case8/.DS_Store | RESECT/NIFTI/Case8/.DS_Store |  data | 6148 | 2017-05-24 | 79c15372da3eddd3b431e6b985a0de97
https://data.archive.sigma2.no/dataset/5686d8fa-2003-4837-8e66-8e887fabe21e/download/RESECT/NIFTI/Case8/Landmarks/Case8-MRI-afterUS.tag | s3://archive-ro/5686d8fa-2003-4837-8e66-8e887fabe21e/RESECT/NIFTI/Case8/Landmarks/Case8-MRI-afterUS.tag | RESECT/NIFTI/Case8/Landmarks/Case8-MRI-afterUS.tag |  ASCII text | 815 | 2017-05-24 | c3923ec106cbadae4da8f465fff7aa6f
https://data.archive.sigma2.no/dataset/5686d8fa-2003-4837-8e66-8e887fabe21e/download/RESECT/NIFTI/Case8/Landmarks/Case8-MRI-beforeUS.tag | s3://archive-ro/5686d8fa-2003-4837-8e66-8e887fabe21e/RESECT/NIFTI/Case8/Landmarks/Case8-MRI-beforeUS.tag | RESECT/NIFTI/Case8/Landmarks/Case8-MRI-beforeUS.tag |  ASCII text | 1089 | 2017-05-24 | cebd088d86ddb69dd6c910357aa7be02
https://data.archive.sigma2.no/dataset/5686d8fa-2003-4837-8e66-8e887fabe21e/download/RESECT/NIFTI/Case8/MRI/Case8-FLAIR.nii.gz | s3://archive-ro/5686d8fa-2003-4837-8e66-8e887fabe21e/RESECT/NIFTI/Case8/MRI/Case8-FLAIR.nii.gz | RESECT/NIFTI/Case8/MRI/Case8-FLAIR.nii.gz |  gzip compressed data | 6656178 | 2017-05-24 | 6034a9e5dd88b3e1507481017b1eda4a
https://data.archive.sigma2.no/dataset/5686d8fa-2003-4837-8e66-8e887fabe21e/download/RESECT/NIFTI/Case8/MRI/Case8-T1.nii.gz | s3://archive-ro/5686d8fa-2003-4837-8e66-8e887fabe21e/RESECT/NIFTI/Case8/MRI/Case8-T1.nii.gz | RESECT/NIFTI/Case8/MRI/Case8-T1.nii.gz |  gzip compressed data | 8483524 | 2017-05-24 | e59cea1d937babc3157714609117c853
https://data.archive.sigma2.no/dataset/5686d8fa-2003-4837-8e66-8e887fabe21e/download/RESECT/NIFTI/Case8/US/Case8-US-after.nii.gz | s3://archive-ro/5686d8fa-2003-4837-8e66-8e887fabe21e/RESECT/NIFTI/Case8/US/Case8-US-after.nii.gz | RESECT/NIFTI/Case8/US/Case8-US-after.nii.gz |  gzip compressed data | 19004596 | 2017-05-24 | 75e44f29ba9239742a813b26f344389a
https://data.archive.sigma2.no/dataset/5686d8fa-2003-4837-8e66-8e887fabe21e/download/__MACOSX/RESECT/MINC/Case1/landmarks/._Case1-beforeUS-afterUS.tag | s3://archive-ro/5686d8fa-2003-4837-8e66-8e887fabe21e/__MACOSX/RESECT/MINC/Case1/landmarks/._Case1-beforeUS-afterUS.tag | __MACOSX/RESECT/MINC/Case1/landmarks/._Case1-beforeUS-afterUS.tag |  AppleDouble encoded Macintosh file | 239 | 2017-05-24 | 736e67a87666305f604d2e3bf801122f
https://data.archive.sigma2.no/dataset/5686d8fa-2003-4837-8e66-8e887fabe21e/download/__MACOSX/RESECT/MINC/Case1/landmarks/._Case1-beforeUS-duringUS-full.tag | s3://archive-ro/5686d8fa-2003-4837-8e66-8e887fabe21e/__MACOSX/RESECT/MINC/Case1/landmarks/._Case1-beforeUS-duringUS-full.tag | __MACOSX/RESECT/MINC/Case1/landmarks/._Case1-beforeUS-duringUS-full.tag |  AppleDouble encoded Macintosh file | 239 | 2017-05-24 | 8064fdadf6828cc624c8fe606e38f6d3
https://data.archive.sigma2.no/dataset/5686d8fa-2003-4837-8e66-8e887fabe21e/download/__MACOSX/RESECT/MINC/Case1/landmarks/._Case1-beforeUS-duringUS.tag | s3://archive-ro/5686d8fa-2003-4837-8e66-8e887fabe21e/__MACOSX/RESECT/MINC/Case1/landmarks/._Case1-beforeUS-duringUS.tag | __MACOSX/RESECT/MINC/Case1/landmarks/._Case1-beforeUS-duringUS.tag |  AppleDouble encoded Macintosh file | 239 | 2017-05-24 | 80c62216b8cadef6235de753811755d2
https://data.archive.sigma2.no/dataset/5686d8fa-2003-4837-8e66-8e887fabe21e/download/__MACOSX/RESECT/MINC/Case1/landmarks/._Case1-MRI-afterUS.tag | s3://archive-ro/5686d8fa-2003-4837-8e66-8e887fabe21e/__MACOSX/RESECT/MINC/Case1/landmarks/._Case1-MRI-afterUS.tag | __MACOSX/RESECT/MINC/Case1/landmarks/._Case1-MRI-afterUS.tag |  AppleDouble encoded Macintosh file | 239 | 2017-05-24 | 3f7493c39244e33e1f1ec6686f180ad4
https://data.archive.sigma2.no/dataset/5686d8fa-2003-4837-8e66-8e887fabe21e/download/__MACOSX/RESECT/MINC/Case1/landmarks/._Case1-MRI-beforeUS.tag | s3://archive-ro/5686d8fa-2003-4837-8e66-8e887fabe21e/__MACOSX/RESECT/MINC/Case1/landmarks/._Case1-MRI-beforeUS.tag | __MACOSX/RESECT/MINC/Case1/landmarks/._Case1-MRI-beforeUS.tag |  AppleDouble encoded Macintosh file | 239 | 2017-05-24 | c49069e32f2f0b6375c8bf6fbfe84a3d
https://data.archive.sigma2.no/dataset/5686d8fa-2003-4837-8e66-8e887fabe21e/download/__MACOSX/RESECT/MINC/Case1/._landmarks | s3://archive-ro/5686d8fa-2003-4837-8e66-8e887fabe21e/__MACOSX/RESECT/MINC/Case1/._landmarks | __MACOSX/RESECT/MINC/Case1/._landmarks |  AppleDouble encoded Macintosh file | 239 | 2017-05-24 | 8da42471fba9145ef5b9f070db0767de
https://data.archive.sigma2.no/dataset/5686d8fa-2003-4837-8e66-8e887fabe21e/download/__MACOSX/RESECT/MINC/Case1/MRI/._.DS_Store | s3://archive-ro/5686d8fa-2003-4837-8e66-8e887fabe21e/__MACOSX/RESECT/MINC/Case1/MRI/._.DS_Store | __MACOSX/RESECT/MINC/Case1/MRI/._.DS_Store |  AppleDouble encoded Macintosh file | 120 | 2017-05-24 | f0d9d90674bab5908378533975df5a01
https://data.archive.sigma2.no/dataset/5686d8fa-2003-4837-8e66-8e887fabe21e/download/__MACOSX/RESECT/MINC/Case1/US/._.DS_Store | s3://archive-ro/5686d8fa-2003-4837-8e66-8e887fabe21e/__MACOSX/RESECT/MINC/Case1/US/._.DS_Store | __MACOSX/RESECT/MINC/Case1/US/._.DS_Store |  AppleDouble encoded Macintosh file | 120 | 2017-05-24 | f0d9d90674bab5908378533975df5a01
https://data.archive.sigma2.no/dataset/5686d8fa-2003-4837-8e66-8e887fabe21e/download/__MACOSX/RESECT/MINC/Case1/._US | s3://archive-ro/5686d8fa-2003-4837-8e66-8e887fabe21e/__MACOSX/RESECT/MINC/Case1/._US | __MACOSX/RESECT/MINC/Case1/._US |  AppleDouble encoded Macintosh file | 239 | 2017-05-24 | 21e2e16418695a99fc655756bd1d328d
https://data.archive.sigma2.no/dataset/5686d8fa-2003-4837-8e66-8e887fabe21e/download/__MACOSX/RESECT/MINC/._Case1 | s3://archive-ro/5686d8fa-2003-4837-8e66-8e887fabe21e/__MACOSX/RESECT/MINC/._Case1 | __MACOSX/RESECT/MINC/._Case1 |  AppleDouble encoded Macintosh file | 239 | 2017-05-24 | 9b237f6ac54935fc8b4da79f3f089bb1
https://data.archive.sigma2.no/dataset/5686d8fa-2003-4837-8e66-8e887fabe21e/download/__MACOSX/RESECT/MINC/Case11/._.DS_Store | s3://archive-ro/5686d8fa-2003-4837-8e66-8e887fabe21e/__MACOSX/RESECT/MINC/Case11/._.DS_Store | __MACOSX/RESECT/MINC/Case11/._.DS_Store |  AppleDouble encoded Macintosh file | 120 | 2017-05-24 | f0d9d90674bab5908378533975df5a01
https://data.archive.sigma2.no/dataset/5686d8fa-2003-4837-8e66-8e887fabe21e/download/__MACOSX/RESECT/MINC/Case11/landmarks/._Case11-MRI-afterUS.tag | s3://archive-ro/5686d8fa-2003-4837-8e66-8e887fabe21e/__MACOSX/RESECT/MINC/Case11/landmarks/._Case11-MRI-afterUS.tag | __MACOSX/RESECT/MINC/Case11/landmarks/._Case11-MRI-afterUS.tag |  AppleDouble encoded Macintosh file | 239 | 2017-05-24 | 11a7b762360eff81aa97a5aa9bf7c44e
https://data.archive.sigma2.no/dataset/5686d8fa-2003-4837-8e66-8e887fabe21e/download/__MACOSX/RESECT/MINC/Case11/._landmarks | s3://archive-ro/5686d8fa-2003-4837-8e66-8e887fabe21e/__MACOSX/RESECT/MINC/Case11/._landmarks | __MACOSX/RESECT/MINC/Case11/._landmarks |  AppleDouble encoded Macintosh file | 239 | 2017-05-24 | dcd11d325b0d4f01a940ccd1be93ca47
https://data.archive.sigma2.no/dataset/5686d8fa-2003-4837-8e66-8e887fabe21e/download/__MACOSX/RESECT/MINC/Case11/._US | s3://archive-ro/5686d8fa-2003-4837-8e66-8e887fabe21e/__MACOSX/RESECT/MINC/Case11/._US | __MACOSX/RESECT/MINC/Case11/._US |  AppleDouble encoded Macintosh file | 239 | 2017-05-24 | f0b8caa0fac3c7af8a047b5d73a88cd4
https://data.archive.sigma2.no/dataset/5686d8fa-2003-4837-8e66-8e887fabe21e/download/__MACOSX/RESECT/MINC/._Case11 | s3://archive-ro/5686d8fa-2003-4837-8e66-8e887fabe21e/__MACOSX/RESECT/MINC/._Case11 | __MACOSX/RESECT/MINC/._Case11 |  AppleDouble encoded Macintosh file | 239 | 2017-05-24 | 5147c04c6ce4d7f4e287b006bb77a913
https://data.archive.sigma2.no/dataset/5686d8fa-2003-4837-8e66-8e887fabe21e/download/__MACOSX/RESECT/MINC/Case12/._.DS_Store | s3://archive-ro/5686d8fa-2003-4837-8e66-8e887fabe21e/__MACOSX/RESECT/MINC/Case12/._.DS_Store | __MACOSX/RESECT/MINC/Case12/._.DS_Store |  AppleDouble encoded Macintosh file | 120 | 2017-05-24 | f0d9d90674bab5908378533975df5a01
https://data.archive.sigma2.no/dataset/5686d8fa-2003-4837-8e66-8e887fabe21e/download/__MACOSX/RESECT/MINC/Case12/landmarks/._Case12-beforeUS-afterUS.tag | s3://archive-ro/5686d8fa-2003-4837-8e66-8e887fabe21e/__MACOSX/RESECT/MINC/Case12/landmarks/._Case12-beforeUS-afterUS.tag | __MACOSX/RESECT/MINC/Case12/landmarks/._Case12-beforeUS-afterUS.tag |  AppleDouble encoded Macintosh file | 239 | 2017-05-24 | abfec4675059f4a2989c460f8e2f9b04
https://data.archive.sigma2.no/dataset/5686d8fa-2003-4837-8e66-8e887fabe21e/download/__MACOSX/RESECT/MINC/Case12/landmarks/._Case12-beforeUS-duringUS-full.tag | s3://archive-ro/5686d8fa-2003-4837-8e66-8e887fabe21e/__MACOSX/RESECT/MINC/Case12/landmarks/._Case12-beforeUS-duringUS-full.tag | __MACOSX/RESECT/MINC/Case12/landmarks/._Case12-beforeUS-duringUS-full.tag |  AppleDouble encoded Macintosh file | 239 | 2017-05-24 | 41263687c3bc3348f404c3a627d31f85
https://data.archive.sigma2.no/dataset/5686d8fa-2003-4837-8e66-8e887fabe21e/download/__MACOSX/RESECT/MINC/Case12/landmarks/._Case12-beforeUS-duringUS.tag | s3://archive-ro/5686d8fa-2003-4837-8e66-8e887fabe21e/__MACOSX/RESECT/MINC/Case12/landmarks/._Case12-beforeUS-duringUS.tag | __MACOSX/RESECT/MINC/Case12/landmarks/._Case12-beforeUS-duringUS.tag |  AppleDouble encoded Macintosh file | 239 | 2017-05-24 | 3fe98804d0e2d452ffa587df119ed91b
https://data.archive.sigma2.no/dataset/5686d8fa-2003-4837-8e66-8e887fabe21e/download/__MACOSX/RESECT/MINC/Case12/landmarks/._Case12-MRI-afterUS.tag | s3://archive-ro/5686d8fa-2003-4837-8e66-8e887fabe21e/__MACOSX/RESECT/MINC/Case12/landmarks/._Case12-MRI-afterUS.tag | __MACOSX/RESECT/MINC/Case12/landmarks/._Case12-MRI-afterUS.tag |  AppleDouble encoded Macintosh file | 239 | 2017-05-24 | e1b309c50c0606e5bc0d7d87d6f79d23
https://data.archive.sigma2.no/dataset/5686d8fa-2003-4837-8e66-8e887fabe21e/download/__MACOSX/RESECT/MINC/Case12/landmarks/._Case12-MRI-beforeUS.tag | s3://archive-ro/5686d8fa-2003-4837-8e66-8e887fabe21e/__MACOSX/RESECT/MINC/Case12/landmarks/._Case12-MRI-beforeUS.tag | __MACOSX/RESECT/MINC/Case12/landmarks/._Case12-MRI-beforeUS.tag |  AppleDouble encoded Macintosh file | 239 | 2017-05-24 | 1bc880aa0112b39ab391fe411cfff5dd
https://data.archive.sigma2.no/dataset/5686d8fa-2003-4837-8e66-8e887fabe21e/download/__MACOSX/RESECT/MINC/Case12/._landmarks | s3://archive-ro/5686d8fa-2003-4837-8e66-8e887fabe21e/__MACOSX/RESECT/MINC/Case12/._landmarks | __MACOSX/RESECT/MINC/Case12/._landmarks |  AppleDouble encoded Macintosh file | 239 | 2017-05-24 | daef4313177378252422f6b8dd45c12a
https://data.archive.sigma2.no/dataset/5686d8fa-2003-4837-8e66-8e887fabe21e/download/__MACOSX/RESECT/MINC/Case12/._US | s3://archive-ro/5686d8fa-2003-4837-8e66-8e887fabe21e/__MACOSX/RESECT/MINC/Case12/._US | __MACOSX/RESECT/MINC/Case12/._US |  AppleDouble encoded Macintosh file | 239 | 2017-05-24 | 67807831e6f6fb6eef216c9fda88f5b0
https://data.archive.sigma2.no/dataset/5686d8fa-2003-4837-8e66-8e887fabe21e/download/__MACOSX/RESECT/MINC/._Case12 | s3://archive-ro/5686d8fa-2003-4837-8e66-8e887fabe21e/__MACOSX/RESECT/MINC/._Case12 | __MACOSX/RESECT/MINC/._Case12 |  AppleDouble encoded Macintosh file | 239 | 2017-05-24 | f6bd74e68b6f06b017d8df4c133e73de
https://data.archive.sigma2.no/dataset/5686d8fa-2003-4837-8e66-8e887fabe21e/download/__MACOSX/RESECT/MINC/Case13/landmarks/._Case13-MRI-beforeUS.tag | s3://archive-ro/5686d8fa-2003-4837-8e66-8e887fabe21e/__MACOSX/RESECT/MINC/Case13/landmarks/._Case13-MRI-beforeUS.tag | __MACOSX/RESECT/MINC/Case13/landmarks/._Case13-MRI-beforeUS.tag |  AppleDouble encoded Macintosh file | 239 | 2017-05-24 | 8153be5f12ad3760b71d467a5913670a
https://data.archive.sigma2.no/dataset/5686d8fa-2003-4837-8e66-8e887fabe21e/download/__MACOSX/RESECT/MINC/Case13/._landmarks | s3://archive-ro/5686d8fa-2003-4837-8e66-8e887fabe21e/__MACOSX/RESECT/MINC/Case13/._landmarks | __MACOSX/RESECT/MINC/Case13/._landmarks |  AppleDouble encoded Macintosh file | 239 | 2017-05-24 | d43be08353c3f7dec36c039eec95f768
https://data.archive.sigma2.no/dataset/5686d8fa-2003-4837-8e66-8e887fabe21e/download/__MACOSX/RESECT/MINC/Case13/._US | s3://archive-ro/5686d8fa-2003-4837-8e66-8e887fabe21e/__MACOSX/RESECT/MINC/Case13/._US | __MACOSX/RESECT/MINC/Case13/._US |  AppleDouble encoded Macintosh file | 239 | 2017-05-24 | df65c634a3ff3d11cbf07dd9b0b02534
https://data.archive.sigma2.no/dataset/5686d8fa-2003-4837-8e66-8e887fabe21e/download/__MACOSX/RESECT/MINC/._Case13 | s3://archive-ro/5686d8fa-2003-4837-8e66-8e887fabe21e/__MACOSX/RESECT/MINC/._Case13 | __MACOSX/RESECT/MINC/._Case13 |  AppleDouble encoded Macintosh file | 239 | 2017-05-24 | b572e8f7ba6d54832fe5e7a0a3f4b8d8
https://data.archive.sigma2.no/dataset/5686d8fa-2003-4837-8e66-8e887fabe21e/download/__MACOSX/RESECT/MINC/Case14/._.DS_Store | s3://archive-ro/5686d8fa-2003-4837-8e66-8e887fabe21e/__MACOSX/RESECT/MINC/Case14/._.DS_Store | __MACOSX/RESECT/MINC/Case14/._.DS_Store |  AppleDouble encoded Macintosh file | 120 | 2017-05-24 | f0d9d90674bab5908378533975df5a01
https://data.archive.sigma2.no/dataset/5686d8fa-2003-4837-8e66-8e887fabe21e/download/__MACOSX/RESECT/MINC/Case14/landmarks/._Case14-beforeUS-afterUS.tag | s3://archive-ro/5686d8fa-2003-4837-8e66-8e887fabe21e/__MACOSX/RESECT/MINC/Case14/landmarks/._Case14-beforeUS-afterUS.tag | __MACOSX/RESECT/MINC/Case14/landmarks/._Case14-beforeUS-afterUS.tag |  AppleDouble encoded Macintosh file | 239 | 2017-05-24 | de6b2f937cab1f177e94d93ae759a622
https://data.archive.sigma2.no/dataset/5686d8fa-2003-4837-8e66-8e887fabe21e/download/__MACOSX/RESECT/MINC/Case14/landmarks/._Case14-beforeUS-duringUS-full.tag | s3://archive-ro/5686d8fa-2003-4837-8e66-8e887fabe21e/__MACOSX/RESECT/MINC/Case14/landmarks/._Case14-beforeUS-duringUS-full.tag | __MACOSX/RESECT/MINC/Case14/landmarks/._Case14-beforeUS-duringUS-full.tag |  AppleDouble encoded Macintosh file | 239 | 2017-05-24 | 5293f259e7580f196b064a4dc9b0711b
https://data.archive.sigma2.no/dataset/5686d8fa-2003-4837-8e66-8e887fabe21e/download/__MACOSX/RESECT/MINC/Case14/landmarks/._Case14-beforeUS-duringUS.tag | s3://archive-ro/5686d8fa-2003-4837-8e66-8e887fabe21e/__MACOSX/RESECT/MINC/Case14/landmarks/._Case14-beforeUS-duringUS.tag | __MACOSX/RESECT/MINC/Case14/landmarks/._Case14-beforeUS-duringUS.tag |  AppleDouble encoded Macintosh file | 239 | 2017-05-24 | 4ffb48a184791a3d598f36570c4abe5c
https://data.archive.sigma2.no/dataset/5686d8fa-2003-4837-8e66-8e887fabe21e/download/__MACOSX/RESECT/MINC/Case14/landmarks/._Case14-MRI-afterUS.tag | s3://archive-ro/5686d8fa-2003-4837-8e66-8e887fabe21e/__MACOSX/RESECT/MINC/Case14/landmarks/._Case14-MRI-afterUS.tag | __MACOSX/RESECT/MINC/Case14/landmarks/._Case14-MRI-afterUS.tag |  AppleDouble encoded Macintosh file | 239 | 2017-05-24 | 36c73d2b1211c54fe7544379c1026adc
https://data.archive.sigma2.no/dataset/5686d8fa-2003-4837-8e66-8e887fabe21e/download/__MACOSX/RESECT/MINC/Case14/landmarks/._Case14-MRI-beforeUS.tag | s3://archive-ro/5686d8fa-2003-4837-8e66-8e887fabe21e/__MACOSX/RESECT/MINC/Case14/landmarks/._Case14-MRI-beforeUS.tag | __MACOSX/RESECT/MINC/Case14/landmarks/._Case14-MRI-beforeUS.tag |  AppleDouble encoded Macintosh file | 239 | 2017-05-24 | f34657f0da5866eb151e8027fdd1bb5b
https://data.archive.sigma2.no/dataset/5686d8fa-2003-4837-8e66-8e887fabe21e/download/__MACOSX/RESECT/MINC/Case14/._landmarks | s3://archive-ro/5686d8fa-2003-4837-8e66-8e887fabe21e/__MACOSX/RESECT/MINC/Case14/._landmarks | __MACOSX/RESECT/MINC/Case14/._landmarks |  AppleDouble encoded Macintosh file | 239 | 2017-05-24 | e3f0a56cb75cf48359d12c40d6fe5843
https://data.archive.sigma2.no/dataset/5686d8fa-2003-4837-8e66-8e887fabe21e/download/__MACOSX/RESECT/MINC/Case14/._US | s3://archive-ro/5686d8fa-2003-4837-8e66-8e887fabe21e/__MACOSX/RESECT/MINC/Case14/._US | __MACOSX/RESECT/MINC/Case14/._US |  AppleDouble encoded Macintosh file | 239 | 2017-05-24 | d07cbaa9460150ced5e0c5eb72f76498
https://data.archive.sigma2.no/dataset/5686d8fa-2003-4837-8e66-8e887fabe21e/download/__MACOSX/RESECT/MINC/._Case14 | s3://archive-ro/5686d8fa-2003-4837-8e66-8e887fabe21e/__MACOSX/RESECT/MINC/._Case14 | __MACOSX/RESECT/MINC/._Case14 |  AppleDouble encoded Macintosh file | 239 | 2017-05-24 | 463956858493eb014dde64ef821688bd
https://data.archive.sigma2.no/dataset/5686d8fa-2003-4837-8e66-8e887fabe21e/download/__MACOSX/RESECT/MINC/Case15/._.DS_Store | s3://archive-ro/5686d8fa-2003-4837-8e66-8e887fabe21e/__MACOSX/RESECT/MINC/Case15/._.DS_Store | __MACOSX/RESECT/MINC/Case15/._.DS_Store |  AppleDouble encoded Macintosh file | 120 | 2017-05-24 | f0d9d90674bab5908378533975df5a01
https://data.archive.sigma2.no/dataset/5686d8fa-2003-4837-8e66-8e887fabe21e/download/__MACOSX/RESECT/MINC/Case15/landmarks/._Case15-beforeUS-afterUS.tag | s3://archive-ro/5686d8fa-2003-4837-8e66-8e887fabe21e/__MACOSX/RESECT/MINC/Case15/landmarks/._Case15-beforeUS-afterUS.tag | __MACOSX/RESECT/MINC/Case15/landmarks/._Case15-beforeUS-afterUS.tag |  AppleDouble encoded Macintosh file | 239 | 2017-05-24 | 5d29642a74faeb1bb4683ae88a5cb0c4
https://data.archive.sigma2.no/dataset/5686d8fa-2003-4837-8e66-8e887fabe21e/download/__MACOSX/RESECT/MINC/Case15/landmarks/._Case15-beforeUS-duringUS-full.tag | s3://archive-ro/5686d8fa-2003-4837-8e66-8e887fabe21e/__MACOSX/RESECT/MINC/Case15/landmarks/._Case15-beforeUS-duringUS-full.tag | __MACOSX/RESECT/MINC/Case15/landmarks/._Case15-beforeUS-duringUS-full.tag |  AppleDouble encoded Macintosh file | 239 | 2017-05-24 | 7e03d0ea3521ee9ac6e0fd1eb31bc5a3
https://data.archive.sigma2.no/dataset/5686d8fa-2003-4837-8e66-8e887fabe21e/download/__MACOSX/RESECT/MINC/Case15/landmarks/._Case15-beforeUS-duringUS.tag | s3://archive-ro/5686d8fa-2003-4837-8e66-8e887fabe21e/__MACOSX/RESECT/MINC/Case15/landmarks/._Case15-beforeUS-duringUS.tag | __MACOSX/RESECT/MINC/Case15/landmarks/._Case15-beforeUS-duringUS.tag |  AppleDouble encoded Macintosh file | 239 | 2017-05-24 | 16cc191a69dc9b007075ed5aaf3f3d1d
https://data.archive.sigma2.no/dataset/5686d8fa-2003-4837-8e66-8e887fabe21e/download/__MACOSX/RESECT/MINC/Case15/landmarks/._Case15-MRI-afterUS.tag | s3://archive-ro/5686d8fa-2003-4837-8e66-8e887fabe21e/__MACOSX/RESECT/MINC/Case15/landmarks/._Case15-MRI-afterUS.tag | __MACOSX/RESECT/MINC/Case15/landmarks/._Case15-MRI-afterUS.tag |  AppleDouble encoded Macintosh file | 239 | 2017-05-24 | e95d314e78e6ce12ebdc7f2ee0f35d4f
https://data.archive.sigma2.no/dataset/5686d8fa-2003-4837-8e66-8e887fabe21e/download/__MACOSX/RESECT/MINC/Case15/landmarks/._Case15-MRI-beforeUS.tag | s3://archive-ro/5686d8fa-2003-4837-8e66-8e887fabe21e/__MACOSX/RESECT/MINC/Case15/landmarks/._Case15-MRI-beforeUS.tag | __MACOSX/RESECT/MINC/Case15/landmarks/._Case15-MRI-beforeUS.tag |  AppleDouble encoded Macintosh file | 239 | 2017-05-24 | c0a34c211358be8669fb3f6ed66d7473
https://data.archive.sigma2.no/dataset/5686d8fa-2003-4837-8e66-8e887fabe21e/download/__MACOSX/RESECT/MINC/Case15/._landmarks | s3://archive-ro/5686d8fa-2003-4837-8e66-8e887fabe21e/__MACOSX/RESECT/MINC/Case15/._landmarks | __MACOSX/RESECT/MINC/Case15/._landmarks |  AppleDouble encoded Macintosh file | 239 | 2017-05-24 | 037c502f92ed42f7fde3b6192010279c
https://data.archive.sigma2.no/dataset/5686d8fa-2003-4837-8e66-8e887fabe21e/download/__MACOSX/RESECT/MINC/Case15/._US | s3://archive-ro/5686d8fa-2003-4837-8e66-8e887fabe21e/__MACOSX/RESECT/MINC/Case15/._US | __MACOSX/RESECT/MINC/Case15/._US |  AppleDouble encoded Macintosh file | 239 | 2017-05-24 | 2a3f9f505cfcedbae26fc8bbe36363eb
https://data.archive.sigma2.no/dataset/5686d8fa-2003-4837-8e66-8e887fabe21e/download/__MACOSX/RESECT/MINC/._Case21 | s3://archive-ro/5686d8fa-2003-4837-8e66-8e887fabe21e/__MACOSX/RESECT/MINC/._Case21 | __MACOSX/RESECT/MINC/._Case21 |  AppleDouble encoded Macintosh file | 239 | 2017-05-24 | c51f1499caee53aaf03d17f69aec7444
https://data.archive.sigma2.no/dataset/5686d8fa-2003-4837-8e66-8e887fabe21e/download/__MACOSX/RESECT/MINC/._Case15 | s3://archive-ro/5686d8fa-2003-4837-8e66-8e887fabe21e/__MACOSX/RESECT/MINC/._Case15 | __MACOSX/RESECT/MINC/._Case15 |  AppleDouble encoded Macintosh file | 239 | 2017-05-24 | d4016ffa619b83bbfb0c60976eef287e
https://data.archive.sigma2.no/dataset/5686d8fa-2003-4837-8e66-8e887fabe21e/download/__MACOSX/RESECT/MINC/Case16/._.DS_Store | s3://archive-ro/5686d8fa-2003-4837-8e66-8e887fabe21e/__MACOSX/RESECT/MINC/Case16/._.DS_Store | __MACOSX/RESECT/MINC/Case16/._.DS_Store |  AppleDouble encoded Macintosh file | 120 | 2017-05-24 | f0d9d90674bab5908378533975df5a01
https://data.archive.sigma2.no/dataset/5686d8fa-2003-4837-8e66-8e887fabe21e/download/__MACOSX/RESECT/MINC/Case16/landmarks/._Case16-beforeUS-afterUS.tag | s3://archive-ro/5686d8fa-2003-4837-8e66-8e887fabe21e/__MACOSX/RESECT/MINC/Case16/landmarks/._Case16-beforeUS-afterUS.tag | __MACOSX/RESECT/MINC/Case16/landmarks/._Case16-beforeUS-afterUS.tag |  AppleDouble encoded Macintosh file | 239 | 2017-05-24 | e0f7f86c5d06b728746ebb5572924ba1
https://data.archive.sigma2.no/dataset/5686d8fa-2003-4837-8e66-8e887fabe21e/download/__MACOSX/RESECT/MINC/Case16/landmarks/._Case16-beforeUS-duringUS-full.tag | s3://archive-ro/5686d8fa-2003-4837-8e66-8e887fabe21e/__MACOSX/RESECT/MINC/Case16/landmarks/._Case16-beforeUS-duringUS-full.tag | __MACOSX/RESECT/MINC/Case16/landmarks/._Case16-beforeUS-duringUS-full.tag |  AppleDouble encoded Macintosh file | 239 | 2017-05-24 | a3c86eafe99b3f7dbba6b71618183624
https://data.archive.sigma2.no/dataset/5686d8fa-2003-4837-8e66-8e887fabe21e/download/__MACOSX/RESECT/MINC/Case16/landmarks/._Case16-beforeUS-duringUS.tag | s3://archive-ro/5686d8fa-2003-4837-8e66-8e887fabe21e/__MACOSX/RESECT/MINC/Case16/landmarks/._Case16-beforeUS-duringUS.tag | __MACOSX/RESECT/MINC/Case16/landmarks/._Case16-beforeUS-duringUS.tag |  AppleDouble encoded Macintosh file | 239 | 2017-05-24 | c1aecaa4dc2c982012369cf5d397d55d
https://data.archive.sigma2.no/dataset/5686d8fa-2003-4837-8e66-8e887fabe21e/download/__MACOSX/RESECT/MINC/Case16/landmarks/._Case16-MRI-afterUS.tag | s3://archive-ro/5686d8fa-2003-4837-8e66-8e887fabe21e/__MACOSX/RESECT/MINC/Case16/landmarks/._Case16-MRI-afterUS.tag | __MACOSX/RESECT/MINC/Case16/landmarks/._Case16-MRI-afterUS.tag |  AppleDouble encoded Macintosh file | 239 | 2017-05-24 | 502d59aaf3787f83134420ddc37957b0
https://data.archive.sigma2.no/dataset/5686d8fa-2003-4837-8e66-8e887fabe21e/download/__MACOSX/RESECT/MINC/Case16/landmarks/._Case16-MRI-beforeUS.tag | s3://archive-ro/5686d8fa-2003-4837-8e66-8e887fabe21e/__MACOSX/RESECT/MINC/Case16/landmarks/._Case16-MRI-beforeUS.tag | __MACOSX/RESECT/MINC/Case16/landmarks/._Case16-MRI-beforeUS.tag |  AppleDouble encoded Macintosh file | 239 | 2017-05-24 | c89718200c467c30abb8570ea6769ffb
https://data.archive.sigma2.no/dataset/5686d8fa-2003-4837-8e66-8e887fabe21e/download/__MACOSX/RESECT/MINC/Case16/._landmarks | s3://archive-ro/5686d8fa-2003-4837-8e66-8e887fabe21e/__MACOSX/RESECT/MINC/Case16/._landmarks | __MACOSX/RESECT/MINC/Case16/._landmarks |  AppleDouble encoded Macintosh file | 239 | 2017-05-24 | d41d264f3aed74c0907984e441c7e5ac
https://data.archive.sigma2.no/dataset/5686d8fa-2003-4837-8e66-8e887fabe21e/download/__MACOSX/RESECT/MINC/Case16/._US | s3://archive-ro/5686d8fa-2003-4837-8e66-8e887fabe21e/__MACOSX/RESECT/MINC/Case16/._US | __MACOSX/RESECT/MINC/Case16/._US |  AppleDouble encoded Macintosh file | 239 | 2017-05-24 | 97f4df08c8dc45ce7e9b52ae212865b5
https://data.archive.sigma2.no/dataset/5686d8fa-2003-4837-8e66-8e887fabe21e/download/__MACOSX/RESECT/MINC/._Case16 | s3://archive-ro/5686d8fa-2003-4837-8e66-8e887fabe21e/__MACOSX/RESECT/MINC/._Case16 | __MACOSX/RESECT/MINC/._Case16 |  AppleDouble encoded Macintosh file | 239 | 2017-05-24 | 28c8672084b0e1feec384d8918359556
https://data.archive.sigma2.no/dataset/5686d8fa-2003-4837-8e66-8e887fabe21e/download/__MACOSX/RESECT/MINC/Case17/._.DS_Store | s3://archive-ro/5686d8fa-2003-4837-8e66-8e887fabe21e/__MACOSX/RESECT/MINC/Case17/._.DS_Store | __MACOSX/RESECT/MINC/Case17/._.DS_Store |  AppleDouble encoded Macintosh file | 120 | 2017-05-24 | f0d9d90674bab5908378533975df5a01
https://data.archive.sigma2.no/dataset/5686d8fa-2003-4837-8e66-8e887fabe21e/download/__MACOSX/RESECT/MINC/Case17/landmarks/._Case17-beforeUS-afterUS.tag | s3://archive-ro/5686d8fa-2003-4837-8e66-8e887fabe21e/__MACOSX/RESECT/MINC/Case17/landmarks/._Case17-beforeUS-afterUS.tag | __MACOSX/RESECT/MINC/Case17/landmarks/._Case17-beforeUS-afterUS.tag |  AppleDouble encoded Macintosh file | 239 | 2017-05-24 | a36c38a861675edcd2b33a9094283d1b
https://data.archive.sigma2.no/dataset/5686d8fa-2003-4837-8e66-8e887fabe21e/download/__MACOSX/RESECT/MINC/Case17/landmarks/._Case17-beforeUS-duringUS-full.tag | s3://archive-ro/5686d8fa-2003-4837-8e66-8e887fabe21e/__MACOSX/RESECT/MINC/Case17/landmarks/._Case17-beforeUS-duringUS-full.tag | __MACOSX/RESECT/MINC/Case17/landmarks/._Case17-beforeUS-duringUS-full.tag |  AppleDouble encoded Macintosh file | 239 | 2017-05-24 | 4d4ce2b09c8a3ccfb9b79ba0afc2e507
https://data.archive.sigma2.no/dataset/5686d8fa-2003-4837-8e66-8e887fabe21e/download/__MACOSX/RESECT/MINC/Case17/landmarks/._Case17-beforeUS-duringUS.tag | s3://archive-ro/5686d8fa-2003-4837-8e66-8e887fabe21e/__MACOSX/RESECT/MINC/Case17/landmarks/._Case17-beforeUS-duringUS.tag | __MACOSX/RESECT/MINC/Case17/landmarks/._Case17-beforeUS-duringUS.tag |  AppleDouble encoded Macintosh file | 239 | 2017-05-24 | b47837f31b35307b8183ab18468a535a
https://data.archive.sigma2.no/dataset/5686d8fa-2003-4837-8e66-8e887fabe21e/download/__MACOSX/RESECT/MINC/Case17/landmarks/._Case17-MRI-afterUS.tag | s3://archive-ro/5686d8fa-2003-4837-8e66-8e887fabe21e/__MACOSX/RESECT/MINC/Case17/landmarks/._Case17-MRI-afterUS.tag | __MACOSX/RESECT/MINC/Case17/landmarks/._Case17-MRI-afterUS.tag |  AppleDouble encoded Macintosh file | 239 | 2017-05-24 | 4b5e22a624c542f5bf3f5b27356dbe00
https://data.archive.sigma2.no/dataset/5686d8fa-2003-4837-8e66-8e887fabe21e/download/__MACOSX/RESECT/MINC/Case17/landmarks/._Case17-MRI-beforeUS.tag | s3://archive-ro/5686d8fa-2003-4837-8e66-8e887fabe21e/__MACOSX/RESECT/MINC/Case17/landmarks/._Case17-MRI-beforeUS.tag | __MACOSX/RESECT/MINC/Case17/landmarks/._Case17-MRI-beforeUS.tag |  AppleDouble encoded Macintosh file | 239 | 2017-05-24 | a7e23ed35bb0204a5b3620af2cd5f01b
https://data.archive.sigma2.no/dataset/5686d8fa-2003-4837-8e66-8e887fabe21e/download/__MACOSX/RESECT/MINC/Case17/._landmarks | s3://archive-ro/5686d8fa-2003-4837-8e66-8e887fabe21e/__MACOSX/RESECT/MINC/Case17/._landmarks | __MACOSX/RESECT/MINC/Case17/._landmarks |  AppleDouble encoded Macintosh file | 239 | 2017-05-24 | 666fe149e313d6cf242e843292ffd075
https://data.archive.sigma2.no/dataset/5686d8fa-2003-4837-8e66-8e887fabe21e/download/__MACOSX/RESECT/MINC/Case17/._US | s3://archive-ro/5686d8fa-2003-4837-8e66-8e887fabe21e/__MACOSX/RESECT/MINC/Case17/._US | __MACOSX/RESECT/MINC/Case17/._US |  AppleDouble encoded Macintosh file | 239 | 2017-05-24 | 5db1aa530047ea5a3a4f24c8b9a6d536
https://data.archive.sigma2.no/dataset/5686d8fa-2003-4837-8e66-8e887fabe21e/download/__MACOSX/RESECT/MINC/._Case17 | s3://archive-ro/5686d8fa-2003-4837-8e66-8e887fabe21e/__MACOSX/RESECT/MINC/._Case17 | __MACOSX/RESECT/MINC/._Case17 |  AppleDouble encoded Macintosh file | 239 | 2017-05-24 | b575e461423bcc046f2f0b9e62dfb13f
https://data.archive.sigma2.no/dataset/5686d8fa-2003-4837-8e66-8e887fabe21e/download/__MACOSX/RESECT/MINC/Case18/._.DS_Store | s3://archive-ro/5686d8fa-2003-4837-8e66-8e887fabe21e/__MACOSX/RESECT/MINC/Case18/._.DS_Store | __MACOSX/RESECT/MINC/Case18/._.DS_Store |  AppleDouble encoded Macintosh file | 120 | 2017-05-24 | f0d9d90674bab5908378533975df5a01
https://data.archive.sigma2.no/dataset/5686d8fa-2003-4837-8e66-8e887fabe21e/download/__MACOSX/RESECT/MINC/Case18/landmarks/._Case18-beforeUS-afterUS.tag | s3://archive-ro/5686d8fa-2003-4837-8e66-8e887fabe21e/__MACOSX/RESECT/MINC/Case18/landmarks/._Case18-beforeUS-afterUS.tag | __MACOSX/RESECT/MINC/Case18/landmarks/._Case18-beforeUS-afterUS.tag |  AppleDouble encoded Macintosh file | 239 | 2017-05-24 | 5ad94005cfd12973827c855ec30b410d
https://data.archive.sigma2.no/dataset/5686d8fa-2003-4837-8e66-8e887fabe21e/download/__MACOSX/RESECT/MINC/Case18/landmarks/._Case18-beforeUS-duringUS-full.tag | s3://archive-ro/5686d8fa-2003-4837-8e66-8e887fabe21e/__MACOSX/RESECT/MINC/Case18/landmarks/._Case18-beforeUS-duringUS-full.tag | __MACOSX/RESECT/MINC/Case18/landmarks/._Case18-beforeUS-duringUS-full.tag |  AppleDouble encoded Macintosh file | 239 | 2017-05-24 | ccc1c7152ba6783b8eb9b19492865607
https://data.archive.sigma2.no/dataset/5686d8fa-2003-4837-8e66-8e887fabe21e/download/__MACOSX/RESECT/MINC/Case18/landmarks/._Case18-beforeUS-duringUS.tag | s3://archive-ro/5686d8fa-2003-4837-8e66-8e887fabe21e/__MACOSX/RESECT/MINC/Case18/landmarks/._Case18-beforeUS-duringUS.tag | __MACOSX/RESECT/MINC/Case18/landmarks/._Case18-beforeUS-duringUS.tag |  AppleDouble encoded Macintosh file | 239 | 2017-05-24 | 7f6fdbde359b08e9770b827a773a97af
https://data.archive.sigma2.no/dataset/5686d8fa-2003-4837-8e66-8e887fabe21e/download/__MACOSX/RESECT/MINC/Case18/landmarks/._Case18-MRI-afterUS.tag | s3://archive-ro/5686d8fa-2003-4837-8e66-8e887fabe21e/__MACOSX/RESECT/MINC/Case18/landmarks/._Case18-MRI-afterUS.tag | __MACOSX/RESECT/MINC/Case18/landmarks/._Case18-MRI-afterUS.tag |  AppleDouble encoded Macintosh file | 239 | 2017-05-24 | 41e9932fccd912ada21407b407e943bc
https://data.archive.sigma2.no/dataset/5686d8fa-2003-4837-8e66-8e887fabe21e/download/__MACOSX/RESECT/MINC/Case18/landmarks/._Case18-MRI-beforeUS.tag | s3://archive-ro/5686d8fa-2003-4837-8e66-8e887fabe21e/__MACOSX/RESECT/MINC/Case18/landmarks/._Case18-MRI-beforeUS.tag | __MACOSX/RESECT/MINC/Case18/landmarks/._Case18-MRI-beforeUS.tag |  AppleDouble encoded Macintosh file | 239 | 2017-05-24 | a5a87c07a286e036e1045ee4c00b7031
https://data.archive.sigma2.no/dataset/5686d8fa-2003-4837-8e66-8e887fabe21e/download/__MACOSX/RESECT/MINC/Case19/landmarks/._Case19-beforeUS-afterUS.tag | s3://archive-ro/5686d8fa-2003-4837-8e66-8e887fabe21e/__MACOSX/RESECT/MINC/Case19/landmarks/._Case19-beforeUS-afterUS.tag | __MACOSX/RESECT/MINC/Case19/landmarks/._Case19-beforeUS-afterUS.tag |  AppleDouble encoded Macintosh file | 239 | 2017-05-24 | 5702d9d2ca401bcddd68efae8fa75397
https://data.archive.sigma2.no/dataset/5686d8fa-2003-4837-8e66-8e887fabe21e/download/__MACOSX/RESECT/MINC/Case19/landmarks/._Case19-beforeUS-duringUS-full.tag | s3://archive-ro/5686d8fa-2003-4837-8e66-8e887fabe21e/__MACOSX/RESECT/MINC/Case19/landmarks/._Case19-beforeUS-duringUS-full.tag | __MACOSX/RESECT/MINC/Case19/landmarks/._Case19-beforeUS-duringUS-full.tag |  AppleDouble encoded Macintosh file | 239 | 2017-05-24 | 46cd863adf3cbf79834db36907250a2d
https://data.archive.sigma2.no/dataset/5686d8fa-2003-4837-8e66-8e887fabe21e/download/__MACOSX/RESECT/MINC/Case19/landmarks/._Case19-beforeUS-duringUS.tag | s3://archive-ro/5686d8fa-2003-4837-8e66-8e887fabe21e/__MACOSX/RESECT/MINC/Case19/landmarks/._Case19-beforeUS-duringUS.tag | __MACOSX/RESECT/MINC/Case19/landmarks/._Case19-beforeUS-duringUS.tag |  AppleDouble encoded Macintosh file | 239 | 2017-05-24 | 3fce1db528dfcd34a18419792f6a4486
https://data.archive.sigma2.no/dataset/5686d8fa-2003-4837-8e66-8e887fabe21e/download/__MACOSX/RESECT/MINC/Case19/landmarks/._Case19-MRI-afterUS.tag | s3://archive-ro/5686d8fa-2003-4837-8e66-8e887fabe21e/__MACOSX/RESECT/MINC/Case19/landmarks/._Case19-MRI-afterUS.tag | __MACOSX/RESECT/MINC/Case19/landmarks/._Case19-MRI-afterUS.tag |  AppleDouble encoded Macintosh file | 239 | 2017-05-24 | ab63f910563aee2aa42a52b646752a26
https://data.archive.sigma2.no/dataset/5686d8fa-2003-4837-8e66-8e887fabe21e/download/__MACOSX/RESECT/MINC/Case19/landmarks/._Case19-MRI-beforeUS.tag | s3://archive-ro/5686d8fa-2003-4837-8e66-8e887fabe21e/__MACOSX/RESECT/MINC/Case19/landmarks/._Case19-MRI-beforeUS.tag | __MACOSX/RESECT/MINC/Case19/landmarks/._Case19-MRI-beforeUS.tag |  AppleDouble encoded Macintosh file | 239 | 2017-05-24 | d7398c0036d8f27a1b627b096166e781
https://data.archive.sigma2.no/dataset/5686d8fa-2003-4837-8e66-8e887fabe21e/download/__MACOSX/RESECT/MINC/Case19/._landmarks | s3://archive-ro/5686d8fa-2003-4837-8e66-8e887fabe21e/__MACOSX/RESECT/MINC/Case19/._landmarks | __MACOSX/RESECT/MINC/Case19/._landmarks |  AppleDouble encoded Macintosh file | 239 | 2017-05-24 | a2cfb68224c817b8f1bfe8086e6e6ca8
https://data.archive.sigma2.no/dataset/5686d8fa-2003-4837-8e66-8e887fabe21e/download/__MACOSX/RESECT/MINC/Case19/._US | s3://archive-ro/5686d8fa-2003-4837-8e66-8e887fabe21e/__MACOSX/RESECT/MINC/Case19/._US | __MACOSX/RESECT/MINC/Case19/._US |  AppleDouble encoded Macintosh file | 239 | 2017-05-24 | d3e97428a3100102c99d681f12d1e1fa
https://data.archive.sigma2.no/dataset/5686d8fa-2003-4837-8e66-8e887fabe21e/download/__MACOSX/RESECT/MINC/Case6/._.DS_Store | s3://archive-ro/5686d8fa-2003-4837-8e66-8e887fabe21e/__MACOSX/RESECT/MINC/Case6/._.DS_Store | __MACOSX/RESECT/MINC/Case6/._.DS_Store |  AppleDouble encoded Macintosh file | 120 | 2017-05-24 | f0d9d90674bab5908378533975df5a01
https://data.archive.sigma2.no/dataset/5686d8fa-2003-4837-8e66-8e887fabe21e/download/__MACOSX/RESECT/MINC/Case6/landmarks/._Case6-beforeUS-afterUS.tag | s3://archive-ro/5686d8fa-2003-4837-8e66-8e887fabe21e/__MACOSX/RESECT/MINC/Case6/landmarks/._Case6-beforeUS-afterUS.tag | __MACOSX/RESECT/MINC/Case6/landmarks/._Case6-beforeUS-afterUS.tag |  AppleDouble encoded Macintosh file | 239 | 2017-05-24 | 1797c2877d7d74d0e1e2272e8977fdbb
https://data.archive.sigma2.no/dataset/5686d8fa-2003-4837-8e66-8e887fabe21e/download/__MACOSX/RESECT/MINC/Case6/landmarks/._Case6-beforeUS-duringUS-full.tag | s3://archive-ro/5686d8fa-2003-4837-8e66-8e887fabe21e/__MACOSX/RESECT/MINC/Case6/landmarks/._Case6-beforeUS-duringUS-full.tag | __MACOSX/RESECT/MINC/Case6/landmarks/._Case6-beforeUS-duringUS-full.tag |  AppleDouble encoded Macintosh file | 239 | 2017-05-24 | 82699015767b306c7f69e7f568f19b0a
https://data.archive.sigma2.no/dataset/5686d8fa-2003-4837-8e66-8e887fabe21e/download/__MACOSX/RESECT/MINC/Case6/landmarks/._Case6-beforeUS-duringUS.tag | s3://archive-ro/5686d8fa-2003-4837-8e66-8e887fabe21e/__MACOSX/RESECT/MINC/Case6/landmarks/._Case6-beforeUS-duringUS.tag | __MACOSX/RESECT/MINC/Case6/landmarks/._Case6-beforeUS-duringUS.tag |  AppleDouble encoded Macintosh file | 239 | 2017-05-24 | 1990a8776dbbf6297427caffd3c4d726
https://data.archive.sigma2.no/dataset/5686d8fa-2003-4837-8e66-8e887fabe21e/download/__MACOSX/RESECT/MINC/Case6/landmarks/._Case6-MRI-afterUS.tag | s3://archive-ro/5686d8fa-2003-4837-8e66-8e887fabe21e/__MACOSX/RESECT/MINC/Case6/landmarks/._Case6-MRI-afterUS.tag | __MACOSX/RESECT/MINC/Case6/landmarks/._Case6-MRI-afterUS.tag |  AppleDouble encoded Macintosh file | 239 | 2017-05-24 | 1a25c66cdf13c6d271c4ad1adfa1fe81
https://data.archive.sigma2.no/dataset/5686d8fa-2003-4837-8e66-8e887fabe21e/download/__MACOSX/RESECT/MINC/Case6/landmarks/._Case6-MRI-beforeUS.tag | s3://archive-ro/5686d8fa-2003-4837-8e66-8e887fabe21e/__MACOSX/RESECT/MINC/Case6/landmarks/._Case6-MRI-beforeUS.tag | __MACOSX/RESECT/MINC/Case6/landmarks/._Case6-MRI-beforeUS.tag |  AppleDouble encoded Macintosh file | 239 | 2017-05-24 | d81778f0075886540658b778ca0551d2
https://data.archive.sigma2.no/dataset/5686d8fa-2003-4837-8e66-8e887fabe21e/download/__MACOSX/RESECT/MINC/Case6/._landmarks | s3://archive-ro/5686d8fa-2003-4837-8e66-8e887fabe21e/__MACOSX/RESECT/MINC/Case6/._landmarks | __MACOSX/RESECT/MINC/Case6/._landmarks |  AppleDouble encoded Macintosh file | 239 | 2017-05-24 | 5b36327c253ae62f7a45cb8fe0d88a49
https://data.archive.sigma2.no/dataset/5686d8fa-2003-4837-8e66-8e887fabe21e/download/__MACOSX/RESECT/MINC/Case6/._US | s3://archive-ro/5686d8fa-2003-4837-8e66-8e887fabe21e/__MACOSX/RESECT/MINC/Case6/._US | __MACOSX/RESECT/MINC/Case6/._US |  AppleDouble encoded Macintosh file | 239 | 2017-05-24 | 3a9c3b4003548bb268e63146a3609625
https://data.archive.sigma2.no/dataset/5686d8fa-2003-4837-8e66-8e887fabe21e/download/__MACOSX/RESECT/MINC/._Case19 | s3://archive-ro/5686d8fa-2003-4837-8e66-8e887fabe21e/__MACOSX/RESECT/MINC/._Case19 | __MACOSX/RESECT/MINC/._Case19 |  AppleDouble encoded Macintosh file | 239 | 2017-05-24 | 5996821729f1587be369db8b8cd6f0b1
https://data.archive.sigma2.no/dataset/5686d8fa-2003-4837-8e66-8e887fabe21e/download/__MACOSX/RESECT/MINC/Case2/._.DS_Store | s3://archive-ro/5686d8fa-2003-4837-8e66-8e887fabe21e/__MACOSX/RESECT/MINC/Case2/._.DS_Store | __MACOSX/RESECT/MINC/Case2/._.DS_Store |  AppleDouble encoded Macintosh file | 120 | 2017-05-24 | f0d9d90674bab5908378533975df5a01
https://data.archive.sigma2.no/dataset/5686d8fa-2003-4837-8e66-8e887fabe21e/download/__MACOSX/RESECT/MINC/Case2/landmarks/._Case2-beforeUS-afterUS.tag | s3://archive-ro/5686d8fa-2003-4837-8e66-8e887fabe21e/__MACOSX/RESECT/MINC/Case2/landmarks/._Case2-beforeUS-afterUS.tag | __MACOSX/RESECT/MINC/Case2/landmarks/._Case2-beforeUS-afterUS.tag |  AppleDouble encoded Macintosh file | 239 | 2017-05-24 | db696d40add57a5f5241cb8cd4789993
https://data.archive.sigma2.no/dataset/5686d8fa-2003-4837-8e66-8e887fabe21e/download/__MACOSX/RESECT/MINC/Case2/landmarks/._Case2-beforeUS-duringUS-full.tag | s3://archive-ro/5686d8fa-2003-4837-8e66-8e887fabe21e/__MACOSX/RESECT/MINC/Case2/landmarks/._Case2-beforeUS-duringUS-full.tag | __MACOSX/RESECT/MINC/Case2/landmarks/._Case2-beforeUS-duringUS-full.tag |  AppleDouble encoded Macintosh file | 239 | 2017-05-24 | e905c597a6a952c1a7e589c01169f299
https://data.archive.sigma2.no/dataset/5686d8fa-2003-4837-8e66-8e887fabe21e/download/__MACOSX/RESECT/MINC/Case2/landmarks/._Case2-beforeUS-duringUS.tag | s3://archive-ro/5686d8fa-2003-4837-8e66-8e887fabe21e/__MACOSX/RESECT/MINC/Case2/landmarks/._Case2-beforeUS-duringUS.tag | __MACOSX/RESECT/MINC/Case2/landmarks/._Case2-beforeUS-duringUS.tag |  AppleDouble encoded Macintosh file | 239 | 2017-05-24 | b428e76d3acb2580cdb3315594a2c86c
https://data.archive.sigma2.no/dataset/5686d8fa-2003-4837-8e66-8e887fabe21e/download/__MACOSX/RESECT/MINC/Case2/landmarks/._Case2-MRI-afterUS.tag | s3://archive-ro/5686d8fa-2003-4837-8e66-8e887fabe21e/__MACOSX/RESECT/MINC/Case2/landmarks/._Case2-MRI-afterUS.tag | __MACOSX/RESECT/MINC/Case2/landmarks/._Case2-MRI-afterUS.tag |  AppleDouble encoded Macintosh file | 239 | 2017-05-24 | 2d6245d96a4776190299b0da5c93406f
https://data.archive.sigma2.no/dataset/5686d8fa-2003-4837-8e66-8e887fabe21e/download/__MACOSX/RESECT/MINC/Case2/landmarks/._Case2-MRI-beforeUS.tag | s3://archive-ro/5686d8fa-2003-4837-8e66-8e887fabe21e/__MACOSX/RESECT/MINC/Case2/landmarks/._Case2-MRI-beforeUS.tag | __MACOSX/RESECT/MINC/Case2/landmarks/._Case2-MRI-beforeUS.tag |  AppleDouble encoded Macintosh file | 239 | 2017-05-24 | 5aadc58cfbbf80eec2e8a2bad84fa430
https://data.archive.sigma2.no/dataset/5686d8fa-2003-4837-8e66-8e887fabe21e/download/__MACOSX/RESECT/MINC/Case2/._landmarks | s3://archive-ro/5686d8fa-2003-4837-8e66-8e887fabe21e/__MACOSX/RESECT/MINC/Case2/._landmarks | __MACOSX/RESECT/MINC/Case2/._landmarks |  AppleDouble encoded Macintosh file | 239 | 2017-05-24 | 89389bff418f82120f7242ad14cc176d
https://data.archive.sigma2.no/dataset/5686d8fa-2003-4837-8e66-8e887fabe21e/download/__MACOSX/RESECT/MINC/Case21/landmarks/._Case21-beforeUS-afterUS.tag | s3://archive-ro/5686d8fa-2003-4837-8e66-8e887fabe21e/__MACOSX/RESECT/MINC/Case21/landmarks/._Case21-beforeUS-afterUS.tag | __MACOSX/RESECT/MINC/Case21/landmarks/._Case21-beforeUS-afterUS.tag |  AppleDouble encoded Macintosh file | 239 | 2017-05-24 | 05950d4183abf2f8d2ac69b066575843
https://data.archive.sigma2.no/dataset/5686d8fa-2003-4837-8e66-8e887fabe21e/download/__MACOSX/RESECT/MINC/Case21/landmarks/._Case21-beforeUS-duringUS-full.tag | s3://archive-ro/5686d8fa-2003-4837-8e66-8e887fabe21e/__MACOSX/RESECT/MINC/Case21/landmarks/._Case21-beforeUS-duringUS-full.tag | __MACOSX/RESECT/MINC/Case21/landmarks/._Case21-beforeUS-duringUS-full.tag |  AppleDouble encoded Macintosh file | 239 | 2017-05-24 | 8d1bd4b3acfc16754c4191a7c00c2e57
https://data.archive.sigma2.no/dataset/5686d8fa-2003-4837-8e66-8e887fabe21e/download/__MACOSX/RESECT/MINC/Case21/landmarks/._Case21-beforeUS-duringUS.tag | s3://archive-ro/5686d8fa-2003-4837-8e66-8e887fabe21e/__MACOSX/RESECT/MINC/Case21/landmarks/._Case21-beforeUS-duringUS.tag | __MACOSX/RESECT/MINC/Case21/landmarks/._Case21-beforeUS-duringUS.tag |  AppleDouble encoded Macintosh file | 239 | 2017-05-24 | 52cc4baa3bf0f85597ad03a7cdf7351a
https://data.archive.sigma2.no/dataset/5686d8fa-2003-4837-8e66-8e887fabe21e/download/__MACOSX/RESECT/MINC/Case21/landmarks/._Case21-MRI-afterUS.tag | s3://archive-ro/5686d8fa-2003-4837-8e66-8e887fabe21e/__MACOSX/RESECT/MINC/Case21/landmarks/._Case21-MRI-afterUS.tag | __MACOSX/RESECT/MINC/Case21/landmarks/._Case21-MRI-afterUS.tag |  AppleDouble encoded Macintosh file | 239 | 2017-05-24 | fb965c6d0fff5b01c334d3f69f13a699
https://data.archive.sigma2.no/dataset/5686d8fa-2003-4837-8e66-8e887fabe21e/download/__MACOSX/RESECT/MINC/Case21/landmarks/._Case21-MRI-beforeUS.tag | s3://archive-ro/5686d8fa-2003-4837-8e66-8e887fabe21e/__MACOSX/RESECT/MINC/Case21/landmarks/._Case21-MRI-beforeUS.tag | __MACOSX/RESECT/MINC/Case21/landmarks/._Case21-MRI-beforeUS.tag |  AppleDouble encoded Macintosh file | 239 | 2017-05-24 | fe858e2f9c7698fc2305c23550fc068c
https://data.archive.sigma2.no/dataset/5686d8fa-2003-4837-8e66-8e887fabe21e/download/__MACOSX/RESECT/MINC/Case21/._landmarks | s3://archive-ro/5686d8fa-2003-4837-8e66-8e887fabe21e/__MACOSX/RESECT/MINC/Case21/._landmarks | __MACOSX/RESECT/MINC/Case21/._landmarks |  AppleDouble encoded Macintosh file | 239 | 2017-05-24 | ddb8ad826dd77ce0a77ad6be83df7780
https://data.archive.sigma2.no/dataset/5686d8fa-2003-4837-8e66-8e887fabe21e/download/__MACOSX/RESECT/MINC/Case21/._US | s3://archive-ro/5686d8fa-2003-4837-8e66-8e887fabe21e/__MACOSX/RESECT/MINC/Case21/._US | __MACOSX/RESECT/MINC/Case21/._US |  AppleDouble encoded Macintosh file | 239 | 2017-05-24 | a4064c6658fd60c4156a4e68f5db9cdc
https://data.archive.sigma2.no/dataset/5686d8fa-2003-4837-8e66-8e887fabe21e/download/__MACOSX/RESECT/MINC/Case23/._.DS_Store | s3://archive-ro/5686d8fa-2003-4837-8e66-8e887fabe21e/__MACOSX/RESECT/MINC/Case23/._.DS_Store | __MACOSX/RESECT/MINC/Case23/._.DS_Store |  AppleDouble encoded Macintosh file | 120 | 2017-05-24 | f0d9d90674bab5908378533975df5a01
https://data.archive.sigma2.no/dataset/5686d8fa-2003-4837-8e66-8e887fabe21e/download/__MACOSX/RESECT/MINC/Case23/landmarks/._Case23-MRI-afterUS.tag | s3://archive-ro/5686d8fa-2003-4837-8e66-8e887fabe21e/__MACOSX/RESECT/MINC/Case23/landmarks/._Case23-MRI-afterUS.tag | __MACOSX/RESECT/MINC/Case23/landmarks/._Case23-MRI-afterUS.tag |  AppleDouble encoded Macintosh file | 239 | 2017-05-24 | 2217cd2affff41215edfbc72fc7ca0d2
https://data.archive.sigma2.no/dataset/5686d8fa-2003-4837-8e66-8e887fabe21e/download/__MACOSX/RESECT/MINC/Case23/landmarks/._Case23-MRI-beforeUS.tag | s3://archive-ro/5686d8fa-2003-4837-8e66-8e887fabe21e/__MACOSX/RESECT/MINC/Case23/landmarks/._Case23-MRI-beforeUS.tag | __MACOSX/RESECT/MINC/Case23/landmarks/._Case23-MRI-beforeUS.tag |  AppleDouble encoded Macintosh file | 239 | 2017-05-24 | ff3f8da3126e8248c51e1f2420291f03
https://data.archive.sigma2.no/dataset/5686d8fa-2003-4837-8e66-8e887fabe21e/download/__MACOSX/RESECT/MINC/Case23/._landmarks | s3://archive-ro/5686d8fa-2003-4837-8e66-8e887fabe21e/__MACOSX/RESECT/MINC/Case23/._landmarks | __MACOSX/RESECT/MINC/Case23/._landmarks |  AppleDouble encoded Macintosh file | 239 | 2017-05-24 | 8c6c4dbb93c4e88a7048d0448b8c0b55
https://data.archive.sigma2.no/dataset/5686d8fa-2003-4837-8e66-8e887fabe21e/download/__MACOSX/RESECT/MINC/Case23/._US | s3://archive-ro/5686d8fa-2003-4837-8e66-8e887fabe21e/__MACOSX/RESECT/MINC/Case23/._US | __MACOSX/RESECT/MINC/Case23/._US |  AppleDouble encoded Macintosh file | 239 | 2017-05-24 | a6ebb96d50cfbd067002b89c3716230f
https://data.archive.sigma2.no/dataset/5686d8fa-2003-4837-8e66-8e887fabe21e/download/__MACOSX/RESECT/MINC/._Case23 | s3://archive-ro/5686d8fa-2003-4837-8e66-8e887fabe21e/__MACOSX/RESECT/MINC/._Case23 | __MACOSX/RESECT/MINC/._Case23 |  AppleDouble encoded Macintosh file | 239 | 2017-05-24 | e93bc7f044baf9b2dd1af773b5328d48
https://data.archive.sigma2.no/dataset/5686d8fa-2003-4837-8e66-8e887fabe21e/download/__MACOSX/RESECT/MINC/Case24/._.DS_Store | s3://archive-ro/5686d8fa-2003-4837-8e66-8e887fabe21e/__MACOSX/RESECT/MINC/Case24/._.DS_Store | __MACOSX/RESECT/MINC/Case24/._.DS_Store |  AppleDouble encoded Macintosh file | 120 | 2017-05-24 | f0d9d90674bab5908378533975df5a01
https://data.archive.sigma2.no/dataset/5686d8fa-2003-4837-8e66-8e887fabe21e/download/__MACOSX/RESECT/MINC/Case24/landmarks/._Case24-beforeUS-afterUS.tag | s3://archive-ro/5686d8fa-2003-4837-8e66-8e887fabe21e/__MACOSX/RESECT/MINC/Case24/landmarks/._Case24-beforeUS-afterUS.tag | __MACOSX/RESECT/MINC/Case24/landmarks/._Case24-beforeUS-afterUS.tag |  AppleDouble encoded Macintosh file | 239 | 2017-05-24 | 825268b74d27cde5f0d466a2f5b82e92
https://data.archive.sigma2.no/dataset/5686d8fa-2003-4837-8e66-8e887fabe21e/download/__MACOSX/RESECT/MINC/Case24/landmarks/._Case24-beforeUS-duringUS-full.tag | s3://archive-ro/5686d8fa-2003-4837-8e66-8e887fabe21e/__MACOSX/RESECT/MINC/Case24/landmarks/._Case24-beforeUS-duringUS-full.tag | __MACOSX/RESECT/MINC/Case24/landmarks/._Case24-beforeUS-duringUS-full.tag |  AppleDouble encoded Macintosh file | 239 | 2017-05-24 | 7b65c86a4e0aa6e970cd026c8c2ef8ae
https://data.archive.sigma2.no/dataset/5686d8fa-2003-4837-8e66-8e887fabe21e/download/__MACOSX/RESECT/MINC/Case24/landmarks/._Case24-beforeUS-duringUS.tag | s3://archive-ro/5686d8fa-2003-4837-8e66-8e887fabe21e/__MACOSX/RESECT/MINC/Case24/landmarks/._Case24-beforeUS-duringUS.tag | __MACOSX/RESECT/MINC/Case24/landmarks/._Case24-beforeUS-duringUS.tag |  AppleDouble encoded Macintosh file | 239 | 2017-05-24 | bc7d0612897340764fc4df1f2bded9f3
https://data.archive.sigma2.no/dataset/5686d8fa-2003-4837-8e66-8e887fabe21e/download/__MACOSX/RESECT/MINC/Case24/landmarks/._Case24-MRI-afterUS.tag | s3://archive-ro/5686d8fa-2003-4837-8e66-8e887fabe21e/__MACOSX/RESECT/MINC/Case24/landmarks/._Case24-MRI-afterUS.tag | __MACOSX/RESECT/MINC/Case24/landmarks/._Case24-MRI-afterUS.tag |  AppleDouble encoded Macintosh file | 239 | 2017-05-24 | 91535201c1a2aa30d346a523b381c50d
https://data.archive.sigma2.no/dataset/5686d8fa-2003-4837-8e66-8e887fabe21e/download/__MACOSX/RESECT/MINC/Case24/landmarks/._Case24-MRI-beforeUS.tag | s3://archive-ro/5686d8fa-2003-4837-8e66-8e887fabe21e/__MACOSX/RESECT/MINC/Case24/landmarks/._Case24-MRI-beforeUS.tag | __MACOSX/RESECT/MINC/Case24/landmarks/._Case24-MRI-beforeUS.tag |  AppleDouble encoded Macintosh file | 239 | 2017-05-24 | c78bc547366bd97e98bcec910fb6d61e
https://data.archive.sigma2.no/dataset/5686d8fa-2003-4837-8e66-8e887fabe21e/download/__MACOSX/RESECT/MINC/Case24/._landmarks | s3://archive-ro/5686d8fa-2003-4837-8e66-8e887fabe21e/__MACOSX/RESECT/MINC/Case24/._landmarks | __MACOSX/RESECT/MINC/Case24/._landmarks |  AppleDouble encoded Macintosh file | 239 | 2017-05-24 | f5eb93eaa3f3b3b3fd28523ece636810
https://data.archive.sigma2.no/dataset/5686d8fa-2003-4837-8e66-8e887fabe21e/download/__MACOSX/RESECT/MINC/Case24/._US | s3://archive-ro/5686d8fa-2003-4837-8e66-8e887fabe21e/__MACOSX/RESECT/MINC/Case24/._US | __MACOSX/RESECT/MINC/Case24/._US |  AppleDouble encoded Macintosh file | 239 | 2017-05-24 | 929d7c8ccacea8565a4d1ee1c42d5b5e
https://data.archive.sigma2.no/dataset/5686d8fa-2003-4837-8e66-8e887fabe21e/download/__MACOSX/RESECT/MINC/._Case24 | s3://archive-ro/5686d8fa-2003-4837-8e66-8e887fabe21e/__MACOSX/RESECT/MINC/._Case24 | __MACOSX/RESECT/MINC/._Case24 |  AppleDouble encoded Macintosh file | 239 | 2017-05-24 | 476fde4d763cbdae53c34a0fea973117
https://data.archive.sigma2.no/dataset/5686d8fa-2003-4837-8e66-8e887fabe21e/download/__MACOSX/RESECT/MINC/Case25/._.DS_Store | s3://archive-ro/5686d8fa-2003-4837-8e66-8e887fabe21e/__MACOSX/RESECT/MINC/Case25/._.DS_Store | __MACOSX/RESECT/MINC/Case25/._.DS_Store |  AppleDouble encoded Macintosh file | 120 | 2017-05-24 | f0d9d90674bab5908378533975df5a01
https://data.archive.sigma2.no/dataset/5686d8fa-2003-4837-8e66-8e887fabe21e/download/__MACOSX/RESECT/MINC/Case25/landmarks/._Case25-beforeUS-afterUS.tag | s3://archive-ro/5686d8fa-2003-4837-8e66-8e887fabe21e/__MACOSX/RESECT/MINC/Case25/landmarks/._Case25-beforeUS-afterUS.tag | __MACOSX/RESECT/MINC/Case25/landmarks/._Case25-beforeUS-afterUS.tag |  AppleDouble encoded Macintosh file | 239 | 2017-05-24 | 3a01944d735e61b4c5dfab146c5bfa7b
https://data.archive.sigma2.no/dataset/5686d8fa-2003-4837-8e66-8e887fabe21e/download/__MACOSX/RESECT/MINC/Case25/landmarks/._Case25-beforeUS-duringUS-full.tag | s3://archive-ro/5686d8fa-2003-4837-8e66-8e887fabe21e/__MACOSX/RESECT/MINC/Case25/landmarks/._Case25-beforeUS-duringUS-full.tag | __MACOSX/RESECT/MINC/Case25/landmarks/._Case25-beforeUS-duringUS-full.tag |  AppleDouble encoded Macintosh file | 239 | 2017-05-24 | 97d41554ad73d03350c9c6b1d7a710a5
https://data.archive.sigma2.no/dataset/5686d8fa-2003-4837-8e66-8e887fabe21e/download/__MACOSX/RESECT/MINC/Case25/landmarks/._Case25-beforeUS-duringUS.tag | s3://archive-ro/5686d8fa-2003-4837-8e66-8e887fabe21e/__MACOSX/RESECT/MINC/Case25/landmarks/._Case25-beforeUS-duringUS.tag | __MACOSX/RESECT/MINC/Case25/landmarks/._Case25-beforeUS-duringUS.tag |  AppleDouble encoded Macintosh file | 239 | 2017-05-24 | 88ca39cfabbc9c8e20bbcb8599e868fb
https://data.archive.sigma2.no/dataset/5686d8fa-2003-4837-8e66-8e887fabe21e/download/__MACOSX/RESECT/MINC/Case25/landmarks/._Case25-MRI-afterUS.tag | s3://archive-ro/5686d8fa-2003-4837-8e66-8e887fabe21e/__MACOSX/RESECT/MINC/Case25/landmarks/._Case25-MRI-afterUS.tag | __MACOSX/RESECT/MINC/Case25/landmarks/._Case25-MRI-afterUS.tag |  AppleDouble encoded Macintosh file | 239 | 2017-05-24 | eb663a1e7943aa6c112b80ecb0212048
https://data.archive.sigma2.no/dataset/5686d8fa-2003-4837-8e66-8e887fabe21e/download/__MACOSX/RESECT/MINC/Case25/landmarks/._Case25-MRI-beforeUS.tag | s3://archive-ro/5686d8fa-2003-4837-8e66-8e887fabe21e/__MACOSX/RESECT/MINC/Case25/landmarks/._Case25-MRI-beforeUS.tag | __MACOSX/RESECT/MINC/Case25/landmarks/._Case25-MRI-beforeUS.tag |  AppleDouble encoded Macintosh file | 239 | 2017-05-24 | ee5685ed4ecf63441ce5734f2d124849
https://data.archive.sigma2.no/dataset/5686d8fa-2003-4837-8e66-8e887fabe21e/download/__MACOSX/RESECT/MINC/Case25/._landmarks | s3://archive-ro/5686d8fa-2003-4837-8e66-8e887fabe21e/__MACOSX/RESECT/MINC/Case25/._landmarks | __MACOSX/RESECT/MINC/Case25/._landmarks |  AppleDouble encoded Macintosh file | 239 | 2017-05-24 | 28167d8b5a1853c9149985b9029bac4d
https://data.archive.sigma2.no/dataset/5686d8fa-2003-4837-8e66-8e887fabe21e/download/__MACOSX/RESECT/MINC/Case25/._US | s3://archive-ro/5686d8fa-2003-4837-8e66-8e887fabe21e/__MACOSX/RESECT/MINC/Case25/._US | __MACOSX/RESECT/MINC/Case25/._US |  AppleDouble encoded Macintosh file | 239 | 2017-05-24 | 44dd664a6ee201773f59e2f3e16f86d4
https://data.archive.sigma2.no/dataset/5686d8fa-2003-4837-8e66-8e887fabe21e/download/__MACOSX/RESECT/MINC/._Case25 | s3://archive-ro/5686d8fa-2003-4837-8e66-8e887fabe21e/__MACOSX/RESECT/MINC/._Case25 | __MACOSX/RESECT/MINC/._Case25 |  AppleDouble encoded Macintosh file | 239 | 2017-05-24 | a1fdc2337865c271d2d6698dc65aca33
https://data.archive.sigma2.no/dataset/5686d8fa-2003-4837-8e66-8e887fabe21e/download/__MACOSX/RESECT/MINC/Case26/._.DS_Store | s3://archive-ro/5686d8fa-2003-4837-8e66-8e887fabe21e/__MACOSX/RESECT/MINC/Case26/._.DS_Store | __MACOSX/RESECT/MINC/Case26/._.DS_Store |  AppleDouble encoded Macintosh file | 120 | 2017-05-24 | f0d9d90674bab5908378533975df5a01
https://data.archive.sigma2.no/dataset/5686d8fa-2003-4837-8e66-8e887fabe21e/download/__MACOSX/RESECT/MINC/Case26/landmarks/._Case26-MRI-beforeUS.tag | s3://archive-ro/5686d8fa-2003-4837-8e66-8e887fabe21e/__MACOSX/RESECT/MINC/Case26/landmarks/._Case26-MRI-beforeUS.tag | __MACOSX/RESECT/MINC/Case26/landmarks/._Case26-MRI-beforeUS.tag |  AppleDouble encoded Macintosh file | 239 | 2017-05-24 | d897756ceb31deba28049e8c5629149b
https://data.archive.sigma2.no/dataset/5686d8fa-2003-4837-8e66-8e887fabe21e/download/__MACOSX/RESECT/MINC/Case26/._landmarks | s3://archive-ro/5686d8fa-2003-4837-8e66-8e887fabe21e/__MACOSX/RESECT/MINC/Case26/._landmarks | __MACOSX/RESECT/MINC/Case26/._landmarks |  AppleDouble encoded Macintosh file | 239 | 2017-05-24 | dc4a76e462d8ae4bf64668aa0be2f7de
https://data.archive.sigma2.no/dataset/5686d8fa-2003-4837-8e66-8e887fabe21e/download/__MACOSX/RESECT/MINC/Case26/._US | s3://archive-ro/5686d8fa-2003-4837-8e66-8e887fabe21e/__MACOSX/RESECT/MINC/Case26/._US | __MACOSX/RESECT/MINC/Case26/._US |  AppleDouble encoded Macintosh file | 239 | 2017-05-24 | 7bb3fb62617c6b616dc61e2a0b2de637
https://data.archive.sigma2.no/dataset/5686d8fa-2003-4837-8e66-8e887fabe21e/download/__MACOSX/RESECT/MINC/._Case26 | s3://archive-ro/5686d8fa-2003-4837-8e66-8e887fabe21e/__MACOSX/RESECT/MINC/._Case26 | __MACOSX/RESECT/MINC/._Case26 |  AppleDouble encoded Macintosh file | 239 | 2017-05-24 | 2cb7b31344bd207084b4e97812ec89b0
https://data.archive.sigma2.no/dataset/5686d8fa-2003-4837-8e66-8e887fabe21e/download/__MACOSX/RESECT/MINC/Case27/._.DS_Store | s3://archive-ro/5686d8fa-2003-4837-8e66-8e887fabe21e/__MACOSX/RESECT/MINC/Case27/._.DS_Store | __MACOSX/RESECT/MINC/Case27/._.DS_Store |  AppleDouble encoded Macintosh file | 120 | 2017-05-24 | f0d9d90674bab5908378533975df5a01
https://data.archive.sigma2.no/dataset/5686d8fa-2003-4837-8e66-8e887fabe21e/download/__MACOSX/RESECT/MINC/Case27/landmarks/._Case27-beforeUS-afterUS.tag | s3://archive-ro/5686d8fa-2003-4837-8e66-8e887fabe21e/__MACOSX/RESECT/MINC/Case27/landmarks/._Case27-beforeUS-afterUS.tag | __MACOSX/RESECT/MINC/Case27/landmarks/._Case27-beforeUS-afterUS.tag |  AppleDouble encoded Macintosh file | 239 | 2017-05-24 | be08336b93bd9fbba8d3486fb417b010
https://data.archive.sigma2.no/dataset/5686d8fa-2003-4837-8e66-8e887fabe21e/download/__MACOSX/RESECT/MINC/Case27/landmarks/._Case27-beforeUS-duringUS-full.tag | s3://archive-ro/5686d8fa-2003-4837-8e66-8e887fabe21e/__MACOSX/RESECT/MINC/Case27/landmarks/._Case27-beforeUS-duringUS-full.tag | __MACOSX/RESECT/MINC/Case27/landmarks/._Case27-beforeUS-duringUS-full.tag |  AppleDouble encoded Macintosh file | 239 | 2017-05-24 | 795597c21de9a28abf99a185c83425ac
https://data.archive.sigma2.no/dataset/5686d8fa-2003-4837-8e66-8e887fabe21e/download/__MACOSX/RESECT/MINC/Case4/._landmarks | s3://archive-ro/5686d8fa-2003-4837-8e66-8e887fabe21e/__MACOSX/RESECT/MINC/Case4/._landmarks | __MACOSX/RESECT/MINC/Case4/._landmarks |  AppleDouble encoded Macintosh file | 239 | 2017-05-24 | 830d529f8170035daa68875c4c411ef7
https://data.archive.sigma2.no/dataset/5686d8fa-2003-4837-8e66-8e887fabe21e/download/__MACOSX/RESECT/MINC/Case27/landmarks/._Case27-beforeUS-duringUS.tag | s3://archive-ro/5686d8fa-2003-4837-8e66-8e887fabe21e/__MACOSX/RESECT/MINC/Case27/landmarks/._Case27-beforeUS-duringUS.tag | __MACOSX/RESECT/MINC/Case27/landmarks/._Case27-beforeUS-duringUS.tag |  AppleDouble encoded Macintosh file | 239 | 2017-05-24 | 209ec26431a5f10489c6367e8a7b4173
https://data.archive.sigma2.no/dataset/5686d8fa-2003-4837-8e66-8e887fabe21e/download/__MACOSX/RESECT/MINC/Case27/landmarks/._Case27-MRI-afterUS.tag | s3://archive-ro/5686d8fa-2003-4837-8e66-8e887fabe21e/__MACOSX/RESECT/MINC/Case27/landmarks/._Case27-MRI-afterUS.tag | __MACOSX/RESECT/MINC/Case27/landmarks/._Case27-MRI-afterUS.tag |  AppleDouble encoded Macintosh file | 239 | 2017-05-24 | 2822336eb9874b6dc6ee5a4375a21cde
https://data.archive.sigma2.no/dataset/5686d8fa-2003-4837-8e66-8e887fabe21e/download/__MACOSX/RESECT/MINC/Case27/landmarks/._Case27-MRI-beforeUS.tag | s3://archive-ro/5686d8fa-2003-4837-8e66-8e887fabe21e/__MACOSX/RESECT/MINC/Case27/landmarks/._Case27-MRI-beforeUS.tag | __MACOSX/RESECT/MINC/Case27/landmarks/._Case27-MRI-beforeUS.tag |  AppleDouble encoded Macintosh file | 239 | 2017-05-24 | a16dcf66d491562fda44a3e12a1f6b14
https://data.archive.sigma2.no/dataset/5686d8fa-2003-4837-8e66-8e887fabe21e/download/__MACOSX/RESECT/MINC/Case27/._landmarks | s3://archive-ro/5686d8fa-2003-4837-8e66-8e887fabe21e/__MACOSX/RESECT/MINC/Case27/._landmarks | __MACOSX/RESECT/MINC/Case27/._landmarks |  AppleDouble encoded Macintosh file | 239 | 2017-05-24 | 20ccd3d646d777da4fd06324195b627f
https://data.archive.sigma2.no/dataset/5686d8fa-2003-4837-8e66-8e887fabe21e/download/__MACOSX/RESECT/MINC/Case27/._US | s3://archive-ro/5686d8fa-2003-4837-8e66-8e887fabe21e/__MACOSX/RESECT/MINC/Case27/._US | __MACOSX/RESECT/MINC/Case27/._US |  AppleDouble encoded Macintosh file | 239 | 2017-05-24 | b5ab165ffcbdd99169ae58719324a006
https://data.archive.sigma2.no/dataset/5686d8fa-2003-4837-8e66-8e887fabe21e/download/__MACOSX/RESECT/MINC/._Case27 | s3://archive-ro/5686d8fa-2003-4837-8e66-8e887fabe21e/__MACOSX/RESECT/MINC/._Case27 | __MACOSX/RESECT/MINC/._Case27 |  AppleDouble encoded Macintosh file | 239 | 2017-05-24 | 8e85eaa2ad09b58d90ae52e3b53b7186
https://data.archive.sigma2.no/dataset/5686d8fa-2003-4837-8e66-8e887fabe21e/download/__MACOSX/RESECT/MINC/Case3/._.DS_Store | s3://archive-ro/5686d8fa-2003-4837-8e66-8e887fabe21e/__MACOSX/RESECT/MINC/Case3/._.DS_Store | __MACOSX/RESECT/MINC/Case3/._.DS_Store |  AppleDouble encoded Macintosh file | 120 | 2017-05-24 | f0d9d90674bab5908378533975df5a01
https://data.archive.sigma2.no/dataset/5686d8fa-2003-4837-8e66-8e887fabe21e/download/__MACOSX/RESECT/MINC/Case3/landmarks/._Case3-beforeUS-afterUS.tag | s3://archive-ro/5686d8fa-2003-4837-8e66-8e887fabe21e/__MACOSX/RESECT/MINC/Case3/landmarks/._Case3-beforeUS-afterUS.tag | __MACOSX/RESECT/MINC/Case3/landmarks/._Case3-beforeUS-afterUS.tag |  AppleDouble encoded Macintosh file | 239 | 2017-05-24 | e641e6260e5f5abd6e4a2f6c38558646
https://data.archive.sigma2.no/dataset/5686d8fa-2003-4837-8e66-8e887fabe21e/download/__MACOSX/RESECT/MINC/Case3/landmarks/._Case3-beforeUS-duringUS-full.tag | s3://archive-ro/5686d8fa-2003-4837-8e66-8e887fabe21e/__MACOSX/RESECT/MINC/Case3/landmarks/._Case3-beforeUS-duringUS-full.tag | __MACOSX/RESECT/MINC/Case3/landmarks/._Case3-beforeUS-duringUS-full.tag |  AppleDouble encoded Macintosh file | 239 | 2017-05-24 | 9187f86543ef04bea53d2139c0a361d4
https://data.archive.sigma2.no/dataset/5686d8fa-2003-4837-8e66-8e887fabe21e/download/__MACOSX/RESECT/MINC/Case3/landmarks/._Case3-beforeUS-duringUS.tag | s3://archive-ro/5686d8fa-2003-4837-8e66-8e887fabe21e/__MACOSX/RESECT/MINC/Case3/landmarks/._Case3-beforeUS-duringUS.tag | __MACOSX/RESECT/MINC/Case3/landmarks/._Case3-beforeUS-duringUS.tag |  AppleDouble encoded Macintosh file | 239 | 2017-05-24 | 99b333fe8b2c0b8121c22784f93a99af
https://data.archive.sigma2.no/dataset/5686d8fa-2003-4837-8e66-8e887fabe21e/download/__MACOSX/RESECT/MINC/Case3/landmarks/._Case3-MRI-afterUS.tag | s3://archive-ro/5686d8fa-2003-4837-8e66-8e887fabe21e/__MACOSX/RESECT/MINC/Case3/landmarks/._Case3-MRI-afterUS.tag | __MACOSX/RESECT/MINC/Case3/landmarks/._Case3-MRI-afterUS.tag |  AppleDouble encoded Macintosh file | 239 | 2017-05-24 | 32d24b64a65ec0d214607dff524a0466
https://data.archive.sigma2.no/dataset/5686d8fa-2003-4837-8e66-8e887fabe21e/download/__MACOSX/RESECT/MINC/Case3/landmarks/._Case3-MRI-beforeUS.tag | s3://archive-ro/5686d8fa-2003-4837-8e66-8e887fabe21e/__MACOSX/RESECT/MINC/Case3/landmarks/._Case3-MRI-beforeUS.tag | __MACOSX/RESECT/MINC/Case3/landmarks/._Case3-MRI-beforeUS.tag |  AppleDouble encoded Macintosh file | 239 | 2017-05-24 | c132b0ad39c138cc06c74e913cab443f
https://data.archive.sigma2.no/dataset/5686d8fa-2003-4837-8e66-8e887fabe21e/download/__MACOSX/RESECT/MINC/Case3/._landmarks | s3://archive-ro/5686d8fa-2003-4837-8e66-8e887fabe21e/__MACOSX/RESECT/MINC/Case3/._landmarks | __MACOSX/RESECT/MINC/Case3/._landmarks |  AppleDouble encoded Macintosh file | 239 | 2017-05-24 | d01a17bafa8366c0efa436c1c04737ab
https://data.archive.sigma2.no/dataset/5686d8fa-2003-4837-8e66-8e887fabe21e/download/__MACOSX/RESECT/MINC/Case3/._US | s3://archive-ro/5686d8fa-2003-4837-8e66-8e887fabe21e/__MACOSX/RESECT/MINC/Case3/._US | __MACOSX/RESECT/MINC/Case3/._US |  AppleDouble encoded Macintosh file | 239 | 2017-05-24 | fb8b5a49a7b8335a5892e84c13190e66
https://data.archive.sigma2.no/dataset/5686d8fa-2003-4837-8e66-8e887fabe21e/download/__MACOSX/RESECT/MINC/._Case3 | s3://archive-ro/5686d8fa-2003-4837-8e66-8e887fabe21e/__MACOSX/RESECT/MINC/._Case3 | __MACOSX/RESECT/MINC/._Case3 |  AppleDouble encoded Macintosh file | 239 | 2017-05-24 | be28a9c5fb9b7c44d28c43798973d50d
https://data.archive.sigma2.no/dataset/5686d8fa-2003-4837-8e66-8e887fabe21e/download/__MACOSX/RESECT/MINC/Case4/._.DS_Store | s3://archive-ro/5686d8fa-2003-4837-8e66-8e887fabe21e/__MACOSX/RESECT/MINC/Case4/._.DS_Store | __MACOSX/RESECT/MINC/Case4/._.DS_Store |  AppleDouble encoded Macintosh file | 120 | 2017-05-24 | f0d9d90674bab5908378533975df5a01
https://data.archive.sigma2.no/dataset/5686d8fa-2003-4837-8e66-8e887fabe21e/download/__MACOSX/RESECT/MINC/Case4/landmarks/._Case4-beforeUS-afterUS.tag | s3://archive-ro/5686d8fa-2003-4837-8e66-8e887fabe21e/__MACOSX/RESECT/MINC/Case4/landmarks/._Case4-beforeUS-afterUS.tag | __MACOSX/RESECT/MINC/Case4/landmarks/._Case4-beforeUS-afterUS.tag |  AppleDouble encoded Macintosh file | 239 | 2017-05-24 | 0efdb381c15469fc7daa82199fb18548
https://data.archive.sigma2.no/dataset/5686d8fa-2003-4837-8e66-8e887fabe21e/download/__MACOSX/RESECT/MINC/Case4/landmarks/._Case4-beforeUS-duringUS-full.tag | s3://archive-ro/5686d8fa-2003-4837-8e66-8e887fabe21e/__MACOSX/RESECT/MINC/Case4/landmarks/._Case4-beforeUS-duringUS-full.tag | __MACOSX/RESECT/MINC/Case4/landmarks/._Case4-beforeUS-duringUS-full.tag |  AppleDouble encoded Macintosh file | 239 | 2017-05-24 | f2b504ddeb80e8b33507880c10ef0112
https://data.archive.sigma2.no/dataset/5686d8fa-2003-4837-8e66-8e887fabe21e/download/__MACOSX/RESECT/MINC/Case4/landmarks/._Case4-beforeUS-duringUS.tag | s3://archive-ro/5686d8fa-2003-4837-8e66-8e887fabe21e/__MACOSX/RESECT/MINC/Case4/landmarks/._Case4-beforeUS-duringUS.tag | __MACOSX/RESECT/MINC/Case4/landmarks/._Case4-beforeUS-duringUS.tag |  AppleDouble encoded Macintosh file | 239 | 2017-05-24 | 594b87e0aed2423a8f4640ae93d6f983
https://data.archive.sigma2.no/dataset/5686d8fa-2003-4837-8e66-8e887fabe21e/download/__MACOSX/RESECT/MINC/Case4/landmarks/._Case4-MRI-afterUS.tag | s3://archive-ro/5686d8fa-2003-4837-8e66-8e887fabe21e/__MACOSX/RESECT/MINC/Case4/landmarks/._Case4-MRI-afterUS.tag | __MACOSX/RESECT/MINC/Case4/landmarks/._Case4-MRI-afterUS.tag |  AppleDouble encoded Macintosh file | 239 | 2017-05-24 | f89390900c4b5a07c2fe3d0a777adab5
https://data.archive.sigma2.no/dataset/5686d8fa-2003-4837-8e66-8e887fabe21e/download/__MACOSX/RESECT/MINC/Case4/landmarks/._Case4-MRI-beforeUS.tag | s3://archive-ro/5686d8fa-2003-4837-8e66-8e887fabe21e/__MACOSX/RESECT/MINC/Case4/landmarks/._Case4-MRI-beforeUS.tag | __MACOSX/RESECT/MINC/Case4/landmarks/._Case4-MRI-beforeUS.tag |  AppleDouble encoded Macintosh file | 239 | 2017-05-24 | a5232345a49005bdf147033a2248d01f
https://data.archive.sigma2.no/dataset/5686d8fa-2003-4837-8e66-8e887fabe21e/download/__MACOSX/RESECT/MINC/Case4/._US | s3://archive-ro/5686d8fa-2003-4837-8e66-8e887fabe21e/__MACOSX/RESECT/MINC/Case4/._US | __MACOSX/RESECT/MINC/Case4/._US |  AppleDouble encoded Macintosh file | 239 | 2017-05-24 | b08504fadb618069324d3cf7a5dab51e
https://data.archive.sigma2.no/dataset/5686d8fa-2003-4837-8e66-8e887fabe21e/download/__MACOSX/RESECT/MINC/._Case4 | s3://archive-ro/5686d8fa-2003-4837-8e66-8e887fabe21e/__MACOSX/RESECT/MINC/._Case4 | __MACOSX/RESECT/MINC/._Case4 |  AppleDouble encoded Macintosh file | 239 | 2017-05-24 | 47f491182ae87ae7f4e43f07636886b9
https://data.archive.sigma2.no/dataset/5686d8fa-2003-4837-8e66-8e887fabe21e/download/__MACOSX/RESECT/MINC/Case5/._.DS_Store | s3://archive-ro/5686d8fa-2003-4837-8e66-8e887fabe21e/__MACOSX/RESECT/MINC/Case5/._.DS_Store | __MACOSX/RESECT/MINC/Case5/._.DS_Store |  AppleDouble encoded Macintosh file | 120 | 2017-05-24 | f0d9d90674bab5908378533975df5a01
https://data.archive.sigma2.no/dataset/5686d8fa-2003-4837-8e66-8e887fabe21e/download/__MACOSX/RESECT/MINC/Case5/landmarks/._Case5-MRI-beforeUS.tag | s3://archive-ro/5686d8fa-2003-4837-8e66-8e887fabe21e/__MACOSX/RESECT/MINC/Case5/landmarks/._Case5-MRI-beforeUS.tag | __MACOSX/RESECT/MINC/Case5/landmarks/._Case5-MRI-beforeUS.tag |  AppleDouble encoded Macintosh file | 239 | 2017-05-24 | 1fa71ab7e1200c4df382d361ef79abb9
https://data.archive.sigma2.no/dataset/5686d8fa-2003-4837-8e66-8e887fabe21e/download/__MACOSX/RESECT/MINC/Case5/._landmarks | s3://archive-ro/5686d8fa-2003-4837-8e66-8e887fabe21e/__MACOSX/RESECT/MINC/Case5/._landmarks | __MACOSX/RESECT/MINC/Case5/._landmarks |  AppleDouble encoded Macintosh file | 239 | 2017-05-24 | 0216230137f4f1d381a1ffddba881352
https://data.archive.sigma2.no/dataset/5686d8fa-2003-4837-8e66-8e887fabe21e/download/__MACOSX/RESECT/MINC/Case5/._US | s3://archive-ro/5686d8fa-2003-4837-8e66-8e887fabe21e/__MACOSX/RESECT/MINC/Case5/._US | __MACOSX/RESECT/MINC/Case5/._US |  AppleDouble encoded Macintosh file | 239 | 2017-05-24 | 261115c3b6cdda0aa562fc47feb62cf4
https://data.archive.sigma2.no/dataset/5686d8fa-2003-4837-8e66-8e887fabe21e/download/__MACOSX/RESECT/MINC/._Case5 | s3://archive-ro/5686d8fa-2003-4837-8e66-8e887fabe21e/__MACOSX/RESECT/MINC/._Case5 | __MACOSX/RESECT/MINC/._Case5 |  AppleDouble encoded Macintosh file | 239 | 2017-05-24 | af4afcd59f7c7a7ae0fa29a5bd18a0a1
https://data.archive.sigma2.no/dataset/5686d8fa-2003-4837-8e66-8e887fabe21e/download/__MACOSX/RESECT/MINC/._Case6 | s3://archive-ro/5686d8fa-2003-4837-8e66-8e887fabe21e/__MACOSX/RESECT/MINC/._Case6 | __MACOSX/RESECT/MINC/._Case6 |  AppleDouble encoded Macintosh file | 239 | 2017-05-24 | aa6e43ee8e5ea61fd675eaf7e9f742a5
https://data.archive.sigma2.no/dataset/5686d8fa-2003-4837-8e66-8e887fabe21e/download/__MACOSX/RESECT/MINC/Case7/._.DS_Store | s3://archive-ro/5686d8fa-2003-4837-8e66-8e887fabe21e/__MACOSX/RESECT/MINC/Case7/._.DS_Store | __MACOSX/RESECT/MINC/Case7/._.DS_Store |  AppleDouble encoded Macintosh file | 120 | 2017-05-24 | f0d9d90674bab5908378533975df5a01
https://data.archive.sigma2.no/dataset/5686d8fa-2003-4837-8e66-8e887fabe21e/download/__MACOSX/RESECT/MINC/Case7/landmarks/._Case7-beforeUS-afterUS.tag | s3://archive-ro/5686d8fa-2003-4837-8e66-8e887fabe21e/__MACOSX/RESECT/MINC/Case7/landmarks/._Case7-beforeUS-afterUS.tag | __MACOSX/RESECT/MINC/Case7/landmarks/._Case7-beforeUS-afterUS.tag |  AppleDouble encoded Macintosh file | 239 | 2017-05-24 | af0469e9aeb56830025b33090da34fca
https://data.archive.sigma2.no/dataset/5686d8fa-2003-4837-8e66-8e887fabe21e/download/__MACOSX/RESECT/MINC/Case7/landmarks/._Case7-beforeUS-duringUS-full.tag | s3://archive-ro/5686d8fa-2003-4837-8e66-8e887fabe21e/__MACOSX/RESECT/MINC/Case7/landmarks/._Case7-beforeUS-duringUS-full.tag | __MACOSX/RESECT/MINC/Case7/landmarks/._Case7-beforeUS-duringUS-full.tag |  AppleDouble encoded Macintosh file | 239 | 2017-05-24 | 43e3b26824165b5f803de6773e6c0bca
https://data.archive.sigma2.no/dataset/5686d8fa-2003-4837-8e66-8e887fabe21e/download/__MACOSX/RESECT/MINC/Case7/landmarks/._Case7-beforeUS-duringUS.tag | s3://archive-ro/5686d8fa-2003-4837-8e66-8e887fabe21e/__MACOSX/RESECT/MINC/Case7/landmarks/._Case7-beforeUS-duringUS.tag | __MACOSX/RESECT/MINC/Case7/landmarks/._Case7-beforeUS-duringUS.tag |  AppleDouble encoded Macintosh file | 239 | 2017-05-24 | 0799e0d8b14f6c54ac1b16879cdafd01
https://data.archive.sigma2.no/dataset/5686d8fa-2003-4837-8e66-8e887fabe21e/download/__MACOSX/RESECT/MINC/Case7/landmarks/._Case7-MRI-afterUS.tag | s3://archive-ro/5686d8fa-2003-4837-8e66-8e887fabe21e/__MACOSX/RESECT/MINC/Case7/landmarks/._Case7-MRI-afterUS.tag | __MACOSX/RESECT/MINC/Case7/landmarks/._Case7-MRI-afterUS.tag |  AppleDouble encoded Macintosh file | 239 | 2017-05-24 | 2dbf7eaf3f36a3ae67e9627bf1e95cc1
https://data.archive.sigma2.no/dataset/5686d8fa-2003-4837-8e66-8e887fabe21e/download/__MACOSX/RESECT/MINC/Case7/landmarks/._Case7-MRI-beforeUS.tag | s3://archive-ro/5686d8fa-2003-4837-8e66-8e887fabe21e/__MACOSX/RESECT/MINC/Case7/landmarks/._Case7-MRI-beforeUS.tag | __MACOSX/RESECT/MINC/Case7/landmarks/._Case7-MRI-beforeUS.tag |  AppleDouble encoded Macintosh file | 239 | 2017-05-24 | b5362c8bb039cd127007fb8fc4cb923d
https://data.archive.sigma2.no/dataset/5686d8fa-2003-4837-8e66-8e887fabe21e/download/__MACOSX/RESECT/MINC/Case7/._landmarks | s3://archive-ro/5686d8fa-2003-4837-8e66-8e887fabe21e/__MACOSX/RESECT/MINC/Case7/._landmarks | __MACOSX/RESECT/MINC/Case7/._landmarks |  AppleDouble encoded Macintosh file | 239 | 2017-05-24 | da73500324b2dadbed2805c7946fa943
https://data.archive.sigma2.no/dataset/5686d8fa-2003-4837-8e66-8e887fabe21e/download/__MACOSX/RESECT/MINC/Case7/._US | s3://archive-ro/5686d8fa-2003-4837-8e66-8e887fabe21e/__MACOSX/RESECT/MINC/Case7/._US | __MACOSX/RESECT/MINC/Case7/._US |  AppleDouble encoded Macintosh file | 239 | 2017-05-24 | 46cabc2a46b97be3ac22e597cbc91c92
https://data.archive.sigma2.no/dataset/5686d8fa-2003-4837-8e66-8e887fabe21e/download/__MACOSX/RESECT/MINC/._Case7 | s3://archive-ro/5686d8fa-2003-4837-8e66-8e887fabe21e/__MACOSX/RESECT/MINC/._Case7 | __MACOSX/RESECT/MINC/._Case7 |  AppleDouble encoded Macintosh file | 239 | 2017-05-24 | 47e67ae4aeb22ecbf16050bc48304d53
https://data.archive.sigma2.no/dataset/5686d8fa-2003-4837-8e66-8e887fabe21e/download/__MACOSX/RESECT/MINC/Case8/._.DS_Store | s3://archive-ro/5686d8fa-2003-4837-8e66-8e887fabe21e/__MACOSX/RESECT/MINC/Case8/._.DS_Store | __MACOSX/RESECT/MINC/Case8/._.DS_Store |  AppleDouble encoded Macintosh file | 120 | 2017-05-24 | f0d9d90674bab5908378533975df5a01
https://data.archive.sigma2.no/dataset/5686d8fa-2003-4837-8e66-8e887fabe21e/download/__MACOSX/RESECT/MINC/Case8/landmarks/._Case8-MRI-afterUS.tag | s3://archive-ro/5686d8fa-2003-4837-8e66-8e887fabe21e/__MACOSX/RESECT/MINC/Case8/landmarks/._Case8-MRI-afterUS.tag | __MACOSX/RESECT/MINC/Case8/landmarks/._Case8-MRI-afterUS.tag |  AppleDouble encoded Macintosh file | 239 | 2017-05-24 | f541800cad4a78cc2f4e83ec2e31d439
https://data.archive.sigma2.no/dataset/5686d8fa-2003-4837-8e66-8e887fabe21e/download/__MACOSX/RESECT/MINC/Case8/landmarks/._Case8-MRI-beforeUS.tag | s3://archive-ro/5686d8fa-2003-4837-8e66-8e887fabe21e/__MACOSX/RESECT/MINC/Case8/landmarks/._Case8-MRI-beforeUS.tag | __MACOSX/RESECT/MINC/Case8/landmarks/._Case8-MRI-beforeUS.tag |  AppleDouble encoded Macintosh file | 239 | 2017-05-24 | 5d41906d1c46d9929275ae250388aaaa
https://data.archive.sigma2.no/dataset/5686d8fa-2003-4837-8e66-8e887fabe21e/download/__MACOSX/RESECT/MINC/Case8/._landmarks | s3://archive-ro/5686d8fa-2003-4837-8e66-8e887fabe21e/__MACOSX/RESECT/MINC/Case8/._landmarks | __MACOSX/RESECT/MINC/Case8/._landmarks |  AppleDouble encoded Macintosh file | 239 | 2017-05-24 | cf890ec602970a4a052c040eafcf9010
https://data.archive.sigma2.no/dataset/5686d8fa-2003-4837-8e66-8e887fabe21e/download/__MACOSX/RESECT/MINC/Case8/._US | s3://archive-ro/5686d8fa-2003-4837-8e66-8e887fabe21e/__MACOSX/RESECT/MINC/Case8/._US | __MACOSX/RESECT/MINC/Case8/._US |  AppleDouble encoded Macintosh file | 239 | 2017-05-24 | 8b868bf8e034798050bf2eafbe381c2c
https://data.archive.sigma2.no/dataset/5686d8fa-2003-4837-8e66-8e887fabe21e/download/__MACOSX/RESECT/MINC/._Case8 | s3://archive-ro/5686d8fa-2003-4837-8e66-8e887fabe21e/__MACOSX/RESECT/MINC/._Case8 | __MACOSX/RESECT/MINC/._Case8 |  AppleDouble encoded Macintosh file | 239 | 2017-05-24 | 49a51bd9b6acf711033edfb24e91be6d
https://data.archive.sigma2.no/dataset/5686d8fa-2003-4837-8e66-8e887fabe21e/download/__MACOSX/RESECT/NIFTI/._.DS_Store | s3://archive-ro/5686d8fa-2003-4837-8e66-8e887fabe21e/__MACOSX/RESECT/NIFTI/._.DS_Store | __MACOSX/RESECT/NIFTI/._.DS_Store |  AppleDouble encoded Macintosh file | 120 | 2017-05-24 | f0d9d90674bab5908378533975df5a01
https://data.archive.sigma2.no/dataset/5686d8fa-2003-4837-8e66-8e887fabe21e/download/__MACOSX/RESECT/NIFTI/Case1/._.DS_Store | s3://archive-ro/5686d8fa-2003-4837-8e66-8e887fabe21e/__MACOSX/RESECT/NIFTI/Case1/._.DS_Store | __MACOSX/RESECT/NIFTI/Case1/._.DS_Store |  AppleDouble encoded Macintosh file | 120 | 2017-05-24 | f0d9d90674bab5908378533975df5a01
https://data.archive.sigma2.no/dataset/5686d8fa-2003-4837-8e66-8e887fabe21e/download/__MACOSX/RESECT/NIFTI/Case1/Landmarks/._Case1-beforeUS-afterUS.tag | s3://archive-ro/5686d8fa-2003-4837-8e66-8e887fabe21e/__MACOSX/RESECT/NIFTI/Case1/Landmarks/._Case1-beforeUS-afterUS.tag | __MACOSX/RESECT/NIFTI/Case1/Landmarks/._Case1-beforeUS-afterUS.tag |  AppleDouble encoded Macintosh file | 239 | 2017-05-24 | 736e67a87666305f604d2e3bf801122f
https://data.archive.sigma2.no/dataset/5686d8fa-2003-4837-8e66-8e887fabe21e/download/__MACOSX/RESECT/NIFTI/Case1/Landmarks/._Case1-beforeUS-duringUS-full.tag | s3://archive-ro/5686d8fa-2003-4837-8e66-8e887fabe21e/__MACOSX/RESECT/NIFTI/Case1/Landmarks/._Case1-beforeUS-duringUS-full.tag | __MACOSX/RESECT/NIFTI/Case1/Landmarks/._Case1-beforeUS-duringUS-full.tag |  AppleDouble encoded Macintosh file | 239 | 2017-05-24 | 8064fdadf6828cc624c8fe606e38f6d3
https://data.archive.sigma2.no/dataset/5686d8fa-2003-4837-8e66-8e887fabe21e/download/__MACOSX/RESECT/NIFTI/Case1/Landmarks/._Case1-beforeUS-duringUS.tag | s3://archive-ro/5686d8fa-2003-4837-8e66-8e887fabe21e/__MACOSX/RESECT/NIFTI/Case1/Landmarks/._Case1-beforeUS-duringUS.tag | __MACOSX/RESECT/NIFTI/Case1/Landmarks/._Case1-beforeUS-duringUS.tag |  AppleDouble encoded Macintosh file | 239 | 2017-05-24 | 80c62216b8cadef6235de753811755d2
https://data.archive.sigma2.no/dataset/5686d8fa-2003-4837-8e66-8e887fabe21e/download/__MACOSX/RESECT/NIFTI/Case1/Landmarks/._Case1-MRI-afterUS.tag | s3://archive-ro/5686d8fa-2003-4837-8e66-8e887fabe21e/__MACOSX/RESECT/NIFTI/Case1/Landmarks/._Case1-MRI-afterUS.tag | __MACOSX/RESECT/NIFTI/Case1/Landmarks/._Case1-MRI-afterUS.tag |  AppleDouble encoded Macintosh file | 239 | 2017-05-24 | 3f7493c39244e33e1f1ec6686f180ad4
https://data.archive.sigma2.no/dataset/5686d8fa-2003-4837-8e66-8e887fabe21e/download/__MACOSX/RESECT/NIFTI/Case1/Landmarks/._Case1-MRI-beforeUS.tag | s3://archive-ro/5686d8fa-2003-4837-8e66-8e887fabe21e/__MACOSX/RESECT/NIFTI/Case1/Landmarks/._Case1-MRI-beforeUS.tag | __MACOSX/RESECT/NIFTI/Case1/Landmarks/._Case1-MRI-beforeUS.tag |  AppleDouble encoded Macintosh file | 239 | 2017-05-24 | c49069e32f2f0b6375c8bf6fbfe84a3d
https://data.archive.sigma2.no/dataset/5686d8fa-2003-4837-8e66-8e887fabe21e/download/__MACOSX/RESECT/NIFTI/Case1/MRI/._.DS_Store | s3://archive-ro/5686d8fa-2003-4837-8e66-8e887fabe21e/__MACOSX/RESECT/NIFTI/Case1/MRI/._.DS_Store | __MACOSX/RESECT/NIFTI/Case1/MRI/._.DS_Store |  AppleDouble encoded Macintosh file | 120 | 2017-05-24 | f0d9d90674bab5908378533975df5a01
https://data.archive.sigma2.no/dataset/5686d8fa-2003-4837-8e66-8e887fabe21e/download/__MACOSX/RESECT/NIFTI/Case11/._.DS_Store | s3://archive-ro/5686d8fa-2003-4837-8e66-8e887fabe21e/__MACOSX/RESECT/NIFTI/Case11/._.DS_Store | __MACOSX/RESECT/NIFTI/Case11/._.DS_Store |  AppleDouble encoded Macintosh file | 120 | 2017-05-24 | f0d9d90674bab5908378533975df5a01
https://data.archive.sigma2.no/dataset/5686d8fa-2003-4837-8e66-8e887fabe21e/download/__MACOSX/RESECT/NIFTI/Case11/Landmarks/._Case11-MRI-afterUS.tag | s3://archive-ro/5686d8fa-2003-4837-8e66-8e887fabe21e/__MACOSX/RESECT/NIFTI/Case11/Landmarks/._Case11-MRI-afterUS.tag | __MACOSX/RESECT/NIFTI/Case11/Landmarks/._Case11-MRI-afterUS.tag |  AppleDouble encoded Macintosh file | 239 | 2017-05-24 | 11a7b762360eff81aa97a5aa9bf7c44e
https://data.archive.sigma2.no/dataset/5686d8fa-2003-4837-8e66-8e887fabe21e/download/__MACOSX/RESECT/NIFTI/Case12/._.DS_Store | s3://archive-ro/5686d8fa-2003-4837-8e66-8e887fabe21e/__MACOSX/RESECT/NIFTI/Case12/._.DS_Store | __MACOSX/RESECT/NIFTI/Case12/._.DS_Store |  AppleDouble encoded Macintosh file | 120 | 2017-05-24 | f0d9d90674bab5908378533975df5a01
https://data.archive.sigma2.no/dataset/5686d8fa-2003-4837-8e66-8e887fabe21e/download/__MACOSX/RESECT/NIFTI/Case12/Landmarks/._Case12-beforeUS-afterUS.tag | s3://archive-ro/5686d8fa-2003-4837-8e66-8e887fabe21e/__MACOSX/RESECT/NIFTI/Case12/Landmarks/._Case12-beforeUS-afterUS.tag | __MACOSX/RESECT/NIFTI/Case12/Landmarks/._Case12-beforeUS-afterUS.tag |  AppleDouble encoded Macintosh file | 239 | 2017-05-24 | abfec4675059f4a2989c460f8e2f9b04
https://data.archive.sigma2.no/dataset/5686d8fa-2003-4837-8e66-8e887fabe21e/download/__MACOSX/RESECT/NIFTI/Case12/Landmarks/._Case12-beforeUS-duringUS-full.tag | s3://archive-ro/5686d8fa-2003-4837-8e66-8e887fabe21e/__MACOSX/RESECT/NIFTI/Case12/Landmarks/._Case12-beforeUS-duringUS-full.tag | __MACOSX/RESECT/NIFTI/Case12/Landmarks/._Case12-beforeUS-duringUS-full.tag |  AppleDouble encoded Macintosh file | 239 | 2017-05-24 | 41263687c3bc3348f404c3a627d31f85
https://data.archive.sigma2.no/dataset/5686d8fa-2003-4837-8e66-8e887fabe21e/download/__MACOSX/RESECT/NIFTI/Case12/Landmarks/._Case12-beforeUS-duringUS.tag | s3://archive-ro/5686d8fa-2003-4837-8e66-8e887fabe21e/__MACOSX/RESECT/NIFTI/Case12/Landmarks/._Case12-beforeUS-duringUS.tag | __MACOSX/RESECT/NIFTI/Case12/Landmarks/._Case12-beforeUS-duringUS.tag |  AppleDouble encoded Macintosh file | 239 | 2017-05-24 | 3fe98804d0e2d452ffa587df119ed91b
https://data.archive.sigma2.no/dataset/5686d8fa-2003-4837-8e66-8e887fabe21e/download/__MACOSX/RESECT/NIFTI/Case12/Landmarks/._Case12-MRI-afterUS.tag | s3://archive-ro/5686d8fa-2003-4837-8e66-8e887fabe21e/__MACOSX/RESECT/NIFTI/Case12/Landmarks/._Case12-MRI-afterUS.tag | __MACOSX/RESECT/NIFTI/Case12/Landmarks/._Case12-MRI-afterUS.tag |  AppleDouble encoded Macintosh file | 239 | 2017-05-24 | e1b309c50c0606e5bc0d7d87d6f79d23
https://data.archive.sigma2.no/dataset/5686d8fa-2003-4837-8e66-8e887fabe21e/download/__MACOSX/RESECT/NIFTI/Case12/Landmarks/._Case12-MRI-beforeUS.tag | s3://archive-ro/5686d8fa-2003-4837-8e66-8e887fabe21e/__MACOSX/RESECT/NIFTI/Case12/Landmarks/._Case12-MRI-beforeUS.tag | __MACOSX/RESECT/NIFTI/Case12/Landmarks/._Case12-MRI-beforeUS.tag |  AppleDouble encoded Macintosh file | 239 | 2017-05-24 | 1bc880aa0112b39ab391fe411cfff5dd
https://data.archive.sigma2.no/dataset/5686d8fa-2003-4837-8e66-8e887fabe21e/download/__MACOSX/RESECT/NIFTI/Case13/._.DS_Store | s3://archive-ro/5686d8fa-2003-4837-8e66-8e887fabe21e/__MACOSX/RESECT/NIFTI/Case13/._.DS_Store | __MACOSX/RESECT/NIFTI/Case13/._.DS_Store |  AppleDouble encoded Macintosh file | 120 | 2017-05-24 | f0d9d90674bab5908378533975df5a01
https://data.archive.sigma2.no/dataset/5686d8fa-2003-4837-8e66-8e887fabe21e/download/__MACOSX/RESECT/NIFTI/Case13/Landmarks/._Case13-MRI-beforeUS.tag | s3://archive-ro/5686d8fa-2003-4837-8e66-8e887fabe21e/__MACOSX/RESECT/NIFTI/Case13/Landmarks/._Case13-MRI-beforeUS.tag | __MACOSX/RESECT/NIFTI/Case13/Landmarks/._Case13-MRI-beforeUS.tag |  AppleDouble encoded Macintosh file | 239 | 2017-05-24 | 8153be5f12ad3760b71d467a5913670a
https://data.archive.sigma2.no/dataset/5686d8fa-2003-4837-8e66-8e887fabe21e/download/__MACOSX/RESECT/NIFTI/Case14/._.DS_Store | s3://archive-ro/5686d8fa-2003-4837-8e66-8e887fabe21e/__MACOSX/RESECT/NIFTI/Case14/._.DS_Store | __MACOSX/RESECT/NIFTI/Case14/._.DS_Store |  AppleDouble encoded Macintosh file | 120 | 2017-05-24 | f0d9d90674bab5908378533975df5a01
https://data.archive.sigma2.no/dataset/5686d8fa-2003-4837-8e66-8e887fabe21e/download/__MACOSX/RESECT/NIFTI/Case14/Landmarks/._Case14-beforeUS-afterUS.tag | s3://archive-ro/5686d8fa-2003-4837-8e66-8e887fabe21e/__MACOSX/RESECT/NIFTI/Case14/Landmarks/._Case14-beforeUS-afterUS.tag | __MACOSX/RESECT/NIFTI/Case14/Landmarks/._Case14-beforeUS-afterUS.tag |  AppleDouble encoded Macintosh file | 239 | 2017-05-24 | de6b2f937cab1f177e94d93ae759a622
https://data.archive.sigma2.no/dataset/5686d8fa-2003-4837-8e66-8e887fabe21e/download/__MACOSX/RESECT/NIFTI/Case14/Landmarks/._Case14-beforeUS-duringUS-full.tag | s3://archive-ro/5686d8fa-2003-4837-8e66-8e887fabe21e/__MACOSX/RESECT/NIFTI/Case14/Landmarks/._Case14-beforeUS-duringUS-full.tag | __MACOSX/RESECT/NIFTI/Case14/Landmarks/._Case14-beforeUS-duringUS-full.tag |  AppleDouble encoded Macintosh file | 239 | 2017-05-24 | 5293f259e7580f196b064a4dc9b0711b
https://data.archive.sigma2.no/dataset/5686d8fa-2003-4837-8e66-8e887fabe21e/download/__MACOSX/RESECT/NIFTI/Case14/Landmarks/._Case14-beforeUS-duringUS.tag | s3://archive-ro/5686d8fa-2003-4837-8e66-8e887fabe21e/__MACOSX/RESECT/NIFTI/Case14/Landmarks/._Case14-beforeUS-duringUS.tag | __MACOSX/RESECT/NIFTI/Case14/Landmarks/._Case14-beforeUS-duringUS.tag |  AppleDouble encoded Macintosh file | 239 | 2017-05-24 | 4ffb48a184791a3d598f36570c4abe5c
https://data.archive.sigma2.no/dataset/5686d8fa-2003-4837-8e66-8e887fabe21e/download/__MACOSX/RESECT/NIFTI/Case14/Landmarks/._Case14-MRI-afterUS.tag | s3://archive-ro/5686d8fa-2003-4837-8e66-8e887fabe21e/__MACOSX/RESECT/NIFTI/Case14/Landmarks/._Case14-MRI-afterUS.tag | __MACOSX/RESECT/NIFTI/Case14/Landmarks/._Case14-MRI-afterUS.tag |  AppleDouble encoded Macintosh file | 239 | 2017-05-24 | 36c73d2b1211c54fe7544379c1026adc
https://data.archive.sigma2.no/dataset/5686d8fa-2003-4837-8e66-8e887fabe21e/download/__MACOSX/RESECT/NIFTI/Case14/Landmarks/._Case14-MRI-beforeUS.tag | s3://archive-ro/5686d8fa-2003-4837-8e66-8e887fabe21e/__MACOSX/RESECT/NIFTI/Case14/Landmarks/._Case14-MRI-beforeUS.tag | __MACOSX/RESECT/NIFTI/Case14/Landmarks/._Case14-MRI-beforeUS.tag |  AppleDouble encoded Macintosh file | 239 | 2017-05-24 | f34657f0da5866eb151e8027fdd1bb5b
https://data.archive.sigma2.no/dataset/5686d8fa-2003-4837-8e66-8e887fabe21e/download/__MACOSX/RESECT/NIFTI/Case15/._.DS_Store | s3://archive-ro/5686d8fa-2003-4837-8e66-8e887fabe21e/__MACOSX/RESECT/NIFTI/Case15/._.DS_Store | __MACOSX/RESECT/NIFTI/Case15/._.DS_Store |  AppleDouble encoded Macintosh file | 120 | 2017-05-24 | f0d9d90674bab5908378533975df5a01
https://data.archive.sigma2.no/dataset/5686d8fa-2003-4837-8e66-8e887fabe21e/download/__MACOSX/RESECT/NIFTI/Case15/Landmarks/._Case15-beforeUS-afterUS.tag | s3://archive-ro/5686d8fa-2003-4837-8e66-8e887fabe21e/__MACOSX/RESECT/NIFTI/Case15/Landmarks/._Case15-beforeUS-afterUS.tag | __MACOSX/RESECT/NIFTI/Case15/Landmarks/._Case15-beforeUS-afterUS.tag |  AppleDouble encoded Macintosh file | 239 | 2017-05-24 | 5d29642a74faeb1bb4683ae88a5cb0c4
https://data.archive.sigma2.no/dataset/5686d8fa-2003-4837-8e66-8e887fabe21e/download/__MACOSX/RESECT/NIFTI/Case15/Landmarks/._Case15-beforeUS-duringUS-full.tag | s3://archive-ro/5686d8fa-2003-4837-8e66-8e887fabe21e/__MACOSX/RESECT/NIFTI/Case15/Landmarks/._Case15-beforeUS-duringUS-full.tag | __MACOSX/RESECT/NIFTI/Case15/Landmarks/._Case15-beforeUS-duringUS-full.tag |  AppleDouble encoded Macintosh file | 239 | 2017-05-24 | 7e03d0ea3521ee9ac6e0fd1eb31bc5a3
https://data.archive.sigma2.no/dataset/5686d8fa-2003-4837-8e66-8e887fabe21e/download/__MACOSX/RESECT/NIFTI/Case15/Landmarks/._Case15-beforeUS-duringUS.tag | s3://archive-ro/5686d8fa-2003-4837-8e66-8e887fabe21e/__MACOSX/RESECT/NIFTI/Case15/Landmarks/._Case15-beforeUS-duringUS.tag | __MACOSX/RESECT/NIFTI/Case15/Landmarks/._Case15-beforeUS-duringUS.tag |  AppleDouble encoded Macintosh file | 239 | 2017-05-24 | 16cc191a69dc9b007075ed5aaf3f3d1d
https://data.archive.sigma2.no/dataset/5686d8fa-2003-4837-8e66-8e887fabe21e/download/__MACOSX/RESECT/NIFTI/Case15/Landmarks/._Case15-MRI-afterUS.tag | s3://archive-ro/5686d8fa-2003-4837-8e66-8e887fabe21e/__MACOSX/RESECT/NIFTI/Case15/Landmarks/._Case15-MRI-afterUS.tag | __MACOSX/RESECT/NIFTI/Case15/Landmarks/._Case15-MRI-afterUS.tag |  AppleDouble encoded Macintosh file | 239 | 2017-05-24 | e95d314e78e6ce12ebdc7f2ee0f35d4f
https://data.archive.sigma2.no/dataset/5686d8fa-2003-4837-8e66-8e887fabe21e/download/__MACOSX/RESECT/NIFTI/Case15/Landmarks/._Case15-MRI-beforeUS.tag | s3://archive-ro/5686d8fa-2003-4837-8e66-8e887fabe21e/__MACOSX/RESECT/NIFTI/Case15/Landmarks/._Case15-MRI-beforeUS.tag | __MACOSX/RESECT/NIFTI/Case15/Landmarks/._Case15-MRI-beforeUS.tag |  AppleDouble encoded Macintosh file | 239 | 2017-05-24 | c0a34c211358be8669fb3f6ed66d7473
https://data.archive.sigma2.no/dataset/5686d8fa-2003-4837-8e66-8e887fabe21e/download/__MACOSX/RESECT/NIFTI/Case16/._.DS_Store | s3://archive-ro/5686d8fa-2003-4837-8e66-8e887fabe21e/__MACOSX/RESECT/NIFTI/Case16/._.DS_Store | __MACOSX/RESECT/NIFTI/Case16/._.DS_Store |  AppleDouble encoded Macintosh file | 120 | 2017-05-24 | f0d9d90674bab5908378533975df5a01
https://data.archive.sigma2.no/dataset/5686d8fa-2003-4837-8e66-8e887fabe21e/download/__MACOSX/RESECT/NIFTI/Case16/Landmarks/._Case16-beforeUS-afterUS.tag | s3://archive-ro/5686d8fa-2003-4837-8e66-8e887fabe21e/__MACOSX/RESECT/NIFTI/Case16/Landmarks/._Case16-beforeUS-afterUS.tag | __MACOSX/RESECT/NIFTI/Case16/Landmarks/._Case16-beforeUS-afterUS.tag |  AppleDouble encoded Macintosh file | 239 | 2017-05-24 | e0f7f86c5d06b728746ebb5572924ba1
https://data.archive.sigma2.no/dataset/5686d8fa-2003-4837-8e66-8e887fabe21e/download/__MACOSX/RESECT/NIFTI/Case16/Landmarks/._Case16-beforeUS-duringUS-full.tag | s3://archive-ro/5686d8fa-2003-4837-8e66-8e887fabe21e/__MACOSX/RESECT/NIFTI/Case16/Landmarks/._Case16-beforeUS-duringUS-full.tag | __MACOSX/RESECT/NIFTI/Case16/Landmarks/._Case16-beforeUS-duringUS-full.tag |  AppleDouble encoded Macintosh file | 239 | 2017-05-24 | a3c86eafe99b3f7dbba6b71618183624
https://data.archive.sigma2.no/dataset/5686d8fa-2003-4837-8e66-8e887fabe21e/download/__MACOSX/RESECT/NIFTI/Case16/Landmarks/._Case16-beforeUS-duringUS.tag | s3://archive-ro/5686d8fa-2003-4837-8e66-8e887fabe21e/__MACOSX/RESECT/NIFTI/Case16/Landmarks/._Case16-beforeUS-duringUS.tag | __MACOSX/RESECT/NIFTI/Case16/Landmarks/._Case16-beforeUS-duringUS.tag |  AppleDouble encoded Macintosh file | 239 | 2017-05-24 | c1aecaa4dc2c982012369cf5d397d55d
https://data.archive.sigma2.no/dataset/5686d8fa-2003-4837-8e66-8e887fabe21e/download/__MACOSX/RESECT/NIFTI/Case16/Landmarks/._Case16-MRI-afterUS.tag | s3://archive-ro/5686d8fa-2003-4837-8e66-8e887fabe21e/__MACOSX/RESECT/NIFTI/Case16/Landmarks/._Case16-MRI-afterUS.tag | __MACOSX/RESECT/NIFTI/Case16/Landmarks/._Case16-MRI-afterUS.tag |  AppleDouble encoded Macintosh file | 239 | 2017-05-24 | 502d59aaf3787f83134420ddc37957b0
https://data.archive.sigma2.no/dataset/5686d8fa-2003-4837-8e66-8e887fabe21e/download/__MACOSX/RESECT/NIFTI/Case16/Landmarks/._Case16-MRI-beforeUS.tag | s3://archive-ro/5686d8fa-2003-4837-8e66-8e887fabe21e/__MACOSX/RESECT/NIFTI/Case16/Landmarks/._Case16-MRI-beforeUS.tag | __MACOSX/RESECT/NIFTI/Case16/Landmarks/._Case16-MRI-beforeUS.tag |  AppleDouble encoded Macintosh file | 239 | 2017-05-24 | c89718200c467c30abb8570ea6769ffb
https://data.archive.sigma2.no/dataset/5686d8fa-2003-4837-8e66-8e887fabe21e/download/__MACOSX/RESECT/NIFTI/Case17/._.DS_Store | s3://archive-ro/5686d8fa-2003-4837-8e66-8e887fabe21e/__MACOSX/RESECT/NIFTI/Case17/._.DS_Store | __MACOSX/RESECT/NIFTI/Case17/._.DS_Store |  AppleDouble encoded Macintosh file | 120 | 2017-05-24 | f0d9d90674bab5908378533975df5a01
https://data.archive.sigma2.no/dataset/5686d8fa-2003-4837-8e66-8e887fabe21e/download/__MACOSX/RESECT/NIFTI/Case17/Landmarks/._Case17-beforeUS-afterUS.tag | s3://archive-ro/5686d8fa-2003-4837-8e66-8e887fabe21e/__MACOSX/RESECT/NIFTI/Case17/Landmarks/._Case17-beforeUS-afterUS.tag | __MACOSX/RESECT/NIFTI/Case17/Landmarks/._Case17-beforeUS-afterUS.tag |  AppleDouble encoded Macintosh file | 239 | 2017-05-24 | a36c38a861675edcd2b33a9094283d1b
https://data.archive.sigma2.no/dataset/5686d8fa-2003-4837-8e66-8e887fabe21e/download/__MACOSX/RESECT/NIFTI/Case17/Landmarks/._Case17-beforeUS-duringUS-full.tag | s3://archive-ro/5686d8fa-2003-4837-8e66-8e887fabe21e/__MACOSX/RESECT/NIFTI/Case17/Landmarks/._Case17-beforeUS-duringUS-full.tag | __MACOSX/RESECT/NIFTI/Case17/Landmarks/._Case17-beforeUS-duringUS-full.tag |  AppleDouble encoded Macintosh file | 239 | 2017-05-24 | 4d4ce2b09c8a3ccfb9b79ba0afc2e507
https://data.archive.sigma2.no/dataset/5686d8fa-2003-4837-8e66-8e887fabe21e/download/__MACOSX/RESECT/NIFTI/Case17/Landmarks/._Case17-beforeUS-duringUS.tag | s3://archive-ro/5686d8fa-2003-4837-8e66-8e887fabe21e/__MACOSX/RESECT/NIFTI/Case17/Landmarks/._Case17-beforeUS-duringUS.tag | __MACOSX/RESECT/NIFTI/Case17/Landmarks/._Case17-beforeUS-duringUS.tag |  AppleDouble encoded Macintosh file | 239 | 2017-05-24 | b47837f31b35307b8183ab18468a535a
https://data.archive.sigma2.no/dataset/5686d8fa-2003-4837-8e66-8e887fabe21e/download/__MACOSX/RESECT/NIFTI/Case17/Landmarks/._Case17-MRI-afterUS.tag | s3://archive-ro/5686d8fa-2003-4837-8e66-8e887fabe21e/__MACOSX/RESECT/NIFTI/Case17/Landmarks/._Case17-MRI-afterUS.tag | __MACOSX/RESECT/NIFTI/Case17/Landmarks/._Case17-MRI-afterUS.tag |  AppleDouble encoded Macintosh file | 239 | 2017-05-24 | 4b5e22a624c542f5bf3f5b27356dbe00
https://data.archive.sigma2.no/dataset/5686d8fa-2003-4837-8e66-8e887fabe21e/download/__MACOSX/RESECT/NIFTI/Case17/Landmarks/._Case17-MRI-beforeUS.tag | s3://archive-ro/5686d8fa-2003-4837-8e66-8e887fabe21e/__MACOSX/RESECT/NIFTI/Case17/Landmarks/._Case17-MRI-beforeUS.tag | __MACOSX/RESECT/NIFTI/Case17/Landmarks/._Case17-MRI-beforeUS.tag |  AppleDouble encoded Macintosh file | 239 | 2017-05-24 | a7e23ed35bb0204a5b3620af2cd5f01b
https://data.archive.sigma2.no/dataset/5686d8fa-2003-4837-8e66-8e887fabe21e/download/__MACOSX/RESECT/NIFTI/Case18/._.DS_Store | s3://archive-ro/5686d8fa-2003-4837-8e66-8e887fabe21e/__MACOSX/RESECT/NIFTI/Case18/._.DS_Store | __MACOSX/RESECT/NIFTI/Case18/._.DS_Store |  AppleDouble encoded Macintosh file | 120 | 2017-05-24 | f0d9d90674bab5908378533975df5a01
https://data.archive.sigma2.no/dataset/5686d8fa-2003-4837-8e66-8e887fabe21e/download/__MACOSX/RESECT/NIFTI/Case18/Landmarks/._Case18-beforeUS-afterUS.tag | s3://archive-ro/5686d8fa-2003-4837-8e66-8e887fabe21e/__MACOSX/RESECT/NIFTI/Case18/Landmarks/._Case18-beforeUS-afterUS.tag | __MACOSX/RESECT/NIFTI/Case18/Landmarks/._Case18-beforeUS-afterUS.tag |  AppleDouble encoded Macintosh file | 239 | 2017-05-24 | 5ad94005cfd12973827c855ec30b410d
https://data.archive.sigma2.no/dataset/5686d8fa-2003-4837-8e66-8e887fabe21e/download/__MACOSX/RESECT/NIFTI/Case18/Landmarks/._Case18-beforeUS-duringUS-full.tag | s3://archive-ro/5686d8fa-2003-4837-8e66-8e887fabe21e/__MACOSX/RESECT/NIFTI/Case18/Landmarks/._Case18-beforeUS-duringUS-full.tag | __MACOSX/RESECT/NIFTI/Case18/Landmarks/._Case18-beforeUS-duringUS-full.tag |  AppleDouble encoded Macintosh file | 239 | 2017-05-24 | ccc1c7152ba6783b8eb9b19492865607
https://data.archive.sigma2.no/dataset/5686d8fa-2003-4837-8e66-8e887fabe21e/download/__MACOSX/RESECT/NIFTI/Case18/Landmarks/._Case18-beforeUS-duringUS.tag | s3://archive-ro/5686d8fa-2003-4837-8e66-8e887fabe21e/__MACOSX/RESECT/NIFTI/Case18/Landmarks/._Case18-beforeUS-duringUS.tag | __MACOSX/RESECT/NIFTI/Case18/Landmarks/._Case18-beforeUS-duringUS.tag |  AppleDouble encoded Macintosh file | 239 | 2017-05-24 | 7f6fdbde359b08e9770b827a773a97af
https://data.archive.sigma2.no/dataset/5686d8fa-2003-4837-8e66-8e887fabe21e/download/__MACOSX/RESECT/NIFTI/Case18/Landmarks/._Case18-MRI-afterUS.tag | s3://archive-ro/5686d8fa-2003-4837-8e66-8e887fabe21e/__MACOSX/RESECT/NIFTI/Case18/Landmarks/._Case18-MRI-afterUS.tag | __MACOSX/RESECT/NIFTI/Case18/Landmarks/._Case18-MRI-afterUS.tag |  AppleDouble encoded Macintosh file | 239 | 2017-05-24 | 41e9932fccd912ada21407b407e943bc
https://data.archive.sigma2.no/dataset/5686d8fa-2003-4837-8e66-8e887fabe21e/download/__MACOSX/RESECT/NIFTI/Case18/Landmarks/._Case18-MRI-beforeUS.tag | s3://archive-ro/5686d8fa-2003-4837-8e66-8e887fabe21e/__MACOSX/RESECT/NIFTI/Case18/Landmarks/._Case18-MRI-beforeUS.tag | __MACOSX/RESECT/NIFTI/Case18/Landmarks/._Case18-MRI-beforeUS.tag |  AppleDouble encoded Macintosh file | 239 | 2017-05-24 | a5a87c07a286e036e1045ee4c00b7031
https://data.archive.sigma2.no/dataset/5686d8fa-2003-4837-8e66-8e887fabe21e/download/__MACOSX/RESECT/NIFTI/Case19/._.DS_Store | s3://archive-ro/5686d8fa-2003-4837-8e66-8e887fabe21e/__MACOSX/RESECT/NIFTI/Case19/._.DS_Store | __MACOSX/RESECT/NIFTI/Case19/._.DS_Store |  AppleDouble encoded Macintosh file | 120 | 2017-05-24 | f0d9d90674bab5908378533975df5a01
https://data.archive.sigma2.no/dataset/5686d8fa-2003-4837-8e66-8e887fabe21e/download/__MACOSX/RESECT/NIFTI/Case19/Landmarks/._Case19-beforeUS-afterUS.tag | s3://archive-ro/5686d8fa-2003-4837-8e66-8e887fabe21e/__MACOSX/RESECT/NIFTI/Case19/Landmarks/._Case19-beforeUS-afterUS.tag | __MACOSX/RESECT/NIFTI/Case19/Landmarks/._Case19-beforeUS-afterUS.tag |  AppleDouble encoded Macintosh file | 239 | 2017-05-24 | 5702d9d2ca401bcddd68efae8fa75397
https://data.archive.sigma2.no/dataset/5686d8fa-2003-4837-8e66-8e887fabe21e/download/__MACOSX/RESECT/NIFTI/Case19/Landmarks/._Case19-beforeUS-duringUS-full.tag | s3://archive-ro/5686d8fa-2003-4837-8e66-8e887fabe21e/__MACOSX/RESECT/NIFTI/Case19/Landmarks/._Case19-beforeUS-duringUS-full.tag | __MACOSX/RESECT/NIFTI/Case19/Landmarks/._Case19-beforeUS-duringUS-full.tag |  AppleDouble encoded Macintosh file | 239 | 2017-05-24 | 46cd863adf3cbf79834db36907250a2d
https://data.archive.sigma2.no/dataset/5686d8fa-2003-4837-8e66-8e887fabe21e/download/__MACOSX/RESECT/NIFTI/Case19/Landmarks/._Case19-beforeUS-duringUS.tag | s3://archive-ro/5686d8fa-2003-4837-8e66-8e887fabe21e/__MACOSX/RESECT/NIFTI/Case19/Landmarks/._Case19-beforeUS-duringUS.tag | __MACOSX/RESECT/NIFTI/Case19/Landmarks/._Case19-beforeUS-duringUS.tag |  AppleDouble encoded Macintosh file | 239 | 2017-05-24 | 3fce1db528dfcd34a18419792f6a4486
https://data.archive.sigma2.no/dataset/5686d8fa-2003-4837-8e66-8e887fabe21e/download/__MACOSX/RESECT/NIFTI/Case19/Landmarks/._Case19-MRI-afterUS.tag | s3://archive-ro/5686d8fa-2003-4837-8e66-8e887fabe21e/__MACOSX/RESECT/NIFTI/Case19/Landmarks/._Case19-MRI-afterUS.tag | __MACOSX/RESECT/NIFTI/Case19/Landmarks/._Case19-MRI-afterUS.tag |  AppleDouble encoded Macintosh file | 239 | 2017-05-24 | ab63f910563aee2aa42a52b646752a26
https://data.archive.sigma2.no/dataset/5686d8fa-2003-4837-8e66-8e887fabe21e/download/__MACOSX/RESECT/NIFTI/Case19/Landmarks/._Case19-MRI-beforeUS.tag | s3://archive-ro/5686d8fa-2003-4837-8e66-8e887fabe21e/__MACOSX/RESECT/NIFTI/Case19/Landmarks/._Case19-MRI-beforeUS.tag | __MACOSX/RESECT/NIFTI/Case19/Landmarks/._Case19-MRI-beforeUS.tag |  AppleDouble encoded Macintosh file | 239 | 2017-05-24 | d7398c0036d8f27a1b627b096166e781
https://data.archive.sigma2.no/dataset/5686d8fa-2003-4837-8e66-8e887fabe21e/download/__MACOSX/RESECT/NIFTI/Case2/._.DS_Store | s3://archive-ro/5686d8fa-2003-4837-8e66-8e887fabe21e/__MACOSX/RESECT/NIFTI/Case2/._.DS_Store | __MACOSX/RESECT/NIFTI/Case2/._.DS_Store |  AppleDouble encoded Macintosh file | 120 | 2017-05-24 | f0d9d90674bab5908378533975df5a01
https://data.archive.sigma2.no/dataset/5686d8fa-2003-4837-8e66-8e887fabe21e/download/__MACOSX/RESECT/NIFTI/Case2/Landmarks/._Case2-beforeUS-afterUS.tag | s3://archive-ro/5686d8fa-2003-4837-8e66-8e887fabe21e/__MACOSX/RESECT/NIFTI/Case2/Landmarks/._Case2-beforeUS-afterUS.tag | __MACOSX/RESECT/NIFTI/Case2/Landmarks/._Case2-beforeUS-afterUS.tag |  AppleDouble encoded Macintosh file | 239 | 2017-05-24 | db696d40add57a5f5241cb8cd4789993
https://data.archive.sigma2.no/dataset/5686d8fa-2003-4837-8e66-8e887fabe21e/download/__MACOSX/RESECT/NIFTI/Case2/Landmarks/._Case2-beforeUS-duringUS-full.tag | s3://archive-ro/5686d8fa-2003-4837-8e66-8e887fabe21e/__MACOSX/RESECT/NIFTI/Case2/Landmarks/._Case2-beforeUS-duringUS-full.tag | __MACOSX/RESECT/NIFTI/Case2/Landmarks/._Case2-beforeUS-duringUS-full.tag |  AppleDouble encoded Macintosh file | 239 | 2017-05-24 | e905c597a6a952c1a7e589c01169f299
https://data.archive.sigma2.no/dataset/5686d8fa-2003-4837-8e66-8e887fabe21e/download/__MACOSX/RESECT/NIFTI/Case2/Landmarks/._Case2-beforeUS-duringUS.tag | s3://archive-ro/5686d8fa-2003-4837-8e66-8e887fabe21e/__MACOSX/RESECT/NIFTI/Case2/Landmarks/._Case2-beforeUS-duringUS.tag | __MACOSX/RESECT/NIFTI/Case2/Landmarks/._Case2-beforeUS-duringUS.tag |  AppleDouble encoded Macintosh file | 239 | 2017-05-24 | b428e76d3acb2580cdb3315594a2c86c
https://data.archive.sigma2.no/dataset/5686d8fa-2003-4837-8e66-8e887fabe21e/download/__MACOSX/RESECT/NIFTI/Case2/Landmarks/._Case2-MRI-afterUS.tag | s3://archive-ro/5686d8fa-2003-4837-8e66-8e887fabe21e/__MACOSX/RESECT/NIFTI/Case2/Landmarks/._Case2-MRI-afterUS.tag | __MACOSX/RESECT/NIFTI/Case2/Landmarks/._Case2-MRI-afterUS.tag |  AppleDouble encoded Macintosh file | 239 | 2017-05-24 | 2d6245d96a4776190299b0da5c93406f
https://data.archive.sigma2.no/dataset/5686d8fa-2003-4837-8e66-8e887fabe21e/download/__MACOSX/RESECT/NIFTI/Case2/Landmarks/._Case2-MRI-beforeUS.tag | s3://archive-ro/5686d8fa-2003-4837-8e66-8e887fabe21e/__MACOSX/RESECT/NIFTI/Case2/Landmarks/._Case2-MRI-beforeUS.tag | __MACOSX/RESECT/NIFTI/Case2/Landmarks/._Case2-MRI-beforeUS.tag |  AppleDouble encoded Macintosh file | 239 | 2017-05-24 | 5aadc58cfbbf80eec2e8a2bad84fa430
https://data.archive.sigma2.no/dataset/5686d8fa-2003-4837-8e66-8e887fabe21e/download/__MACOSX/RESECT/NIFTI/Case21/._.DS_Store | s3://archive-ro/5686d8fa-2003-4837-8e66-8e887fabe21e/__MACOSX/RESECT/NIFTI/Case21/._.DS_Store | __MACOSX/RESECT/NIFTI/Case21/._.DS_Store |  AppleDouble encoded Macintosh file | 120 | 2017-05-24 | f0d9d90674bab5908378533975df5a01
https://data.archive.sigma2.no/dataset/5686d8fa-2003-4837-8e66-8e887fabe21e/download/__MACOSX/RESECT/NIFTI/Case21/Landmarks/._Case21-beforeUS-afterUS.tag | s3://archive-ro/5686d8fa-2003-4837-8e66-8e887fabe21e/__MACOSX/RESECT/NIFTI/Case21/Landmarks/._Case21-beforeUS-afterUS.tag | __MACOSX/RESECT/NIFTI/Case21/Landmarks/._Case21-beforeUS-afterUS.tag |  AppleDouble encoded Macintosh file | 239 | 2017-05-24 | 05950d4183abf2f8d2ac69b066575843
https://data.archive.sigma2.no/dataset/5686d8fa-2003-4837-8e66-8e887fabe21e/download/__MACOSX/RESECT/NIFTI/Case21/Landmarks/._Case21-beforeUS-duringUS-full.tag | s3://archive-ro/5686d8fa-2003-4837-8e66-8e887fabe21e/__MACOSX/RESECT/NIFTI/Case21/Landmarks/._Case21-beforeUS-duringUS-full.tag | __MACOSX/RESECT/NIFTI/Case21/Landmarks/._Case21-beforeUS-duringUS-full.tag |  AppleDouble encoded Macintosh file | 239 | 2017-05-24 | 8d1bd4b3acfc16754c4191a7c00c2e57
https://data.archive.sigma2.no/dataset/5686d8fa-2003-4837-8e66-8e887fabe21e/download/__MACOSX/RESECT/NIFTI/Case21/Landmarks/._Case21-beforeUS-duringUS.tag | s3://archive-ro/5686d8fa-2003-4837-8e66-8e887fabe21e/__MACOSX/RESECT/NIFTI/Case21/Landmarks/._Case21-beforeUS-duringUS.tag | __MACOSX/RESECT/NIFTI/Case21/Landmarks/._Case21-beforeUS-duringUS.tag |  AppleDouble encoded Macintosh file | 239 | 2017-05-24 | 52cc4baa3bf0f85597ad03a7cdf7351a
https://data.archive.sigma2.no/dataset/5686d8fa-2003-4837-8e66-8e887fabe21e/download/__MACOSX/RESECT/NIFTI/Case21/Landmarks/._Case21-MRI-afterUS.tag | s3://archive-ro/5686d8fa-2003-4837-8e66-8e887fabe21e/__MACOSX/RESECT/NIFTI/Case21/Landmarks/._Case21-MRI-afterUS.tag | __MACOSX/RESECT/NIFTI/Case21/Landmarks/._Case21-MRI-afterUS.tag |  AppleDouble encoded Macintosh file | 239 | 2017-05-24 | fb965c6d0fff5b01c334d3f69f13a699
https://data.archive.sigma2.no/dataset/5686d8fa-2003-4837-8e66-8e887fabe21e/download/__MACOSX/RESECT/NIFTI/Case21/Landmarks/._Case21-MRI-beforeUS.tag | s3://archive-ro/5686d8fa-2003-4837-8e66-8e887fabe21e/__MACOSX/RESECT/NIFTI/Case21/Landmarks/._Case21-MRI-beforeUS.tag | __MACOSX/RESECT/NIFTI/Case21/Landmarks/._Case21-MRI-beforeUS.tag |  AppleDouble encoded Macintosh file | 239 | 2017-05-24 | fe858e2f9c7698fc2305c23550fc068c
https://data.archive.sigma2.no/dataset/5686d8fa-2003-4837-8e66-8e887fabe21e/download/__MACOSX/RESECT/NIFTI/Case23/._.DS_Store | s3://archive-ro/5686d8fa-2003-4837-8e66-8e887fabe21e/__MACOSX/RESECT/NIFTI/Case23/._.DS_Store | __MACOSX/RESECT/NIFTI/Case23/._.DS_Store |  AppleDouble encoded Macintosh file | 120 | 2017-05-24 | f0d9d90674bab5908378533975df5a01
https://data.archive.sigma2.no/dataset/5686d8fa-2003-4837-8e66-8e887fabe21e/download/__MACOSX/RESECT/NIFTI/Case23/Landmarks/._Case23-MRI-afterUS.tag | s3://archive-ro/5686d8fa-2003-4837-8e66-8e887fabe21e/__MACOSX/RESECT/NIFTI/Case23/Landmarks/._Case23-MRI-afterUS.tag | __MACOSX/RESECT/NIFTI/Case23/Landmarks/._Case23-MRI-afterUS.tag |  AppleDouble encoded Macintosh file | 239 | 2017-05-24 | 2217cd2affff41215edfbc72fc7ca0d2
https://data.archive.sigma2.no/dataset/5686d8fa-2003-4837-8e66-8e887fabe21e/download/__MACOSX/RESECT/NIFTI/Case23/Landmarks/._Case23-MRI-beforeUS.tag | s3://archive-ro/5686d8fa-2003-4837-8e66-8e887fabe21e/__MACOSX/RESECT/NIFTI/Case23/Landmarks/._Case23-MRI-beforeUS.tag | __MACOSX/RESECT/NIFTI/Case23/Landmarks/._Case23-MRI-beforeUS.tag |  AppleDouble encoded Macintosh file | 239 | 2017-05-24 | ff3f8da3126e8248c51e1f2420291f03
https://data.archive.sigma2.no/dataset/5686d8fa-2003-4837-8e66-8e887fabe21e/download/__MACOSX/RESECT/NIFTI/Case24/._.DS_Store | s3://archive-ro/5686d8fa-2003-4837-8e66-8e887fabe21e/__MACOSX/RESECT/NIFTI/Case24/._.DS_Store | __MACOSX/RESECT/NIFTI/Case24/._.DS_Store |  AppleDouble encoded Macintosh file | 120 | 2017-05-24 | f0d9d90674bab5908378533975df5a01
https://data.archive.sigma2.no/dataset/5686d8fa-2003-4837-8e66-8e887fabe21e/download/__MACOSX/RESECT/NIFTI/Case24/Landmarks/._Case24-beforeUS-afterUS.tag | s3://archive-ro/5686d8fa-2003-4837-8e66-8e887fabe21e/__MACOSX/RESECT/NIFTI/Case24/Landmarks/._Case24-beforeUS-afterUS.tag | __MACOSX/RESECT/NIFTI/Case24/Landmarks/._Case24-beforeUS-afterUS.tag |  AppleDouble encoded Macintosh file | 239 | 2017-05-24 | 825268b74d27cde5f0d466a2f5b82e92
https://data.archive.sigma2.no/dataset/5686d8fa-2003-4837-8e66-8e887fabe21e/download/__MACOSX/RESECT/NIFTI/Case24/Landmarks/._Case24-beforeUS-duringUS-full.tag | s3://archive-ro/5686d8fa-2003-4837-8e66-8e887fabe21e/__MACOSX/RESECT/NIFTI/Case24/Landmarks/._Case24-beforeUS-duringUS-full.tag | __MACOSX/RESECT/NIFTI/Case24/Landmarks/._Case24-beforeUS-duringUS-full.tag |  AppleDouble encoded Macintosh file | 239 | 2017-05-24 | 7b65c86a4e0aa6e970cd026c8c2ef8ae
https://data.archive.sigma2.no/dataset/5686d8fa-2003-4837-8e66-8e887fabe21e/download/__MACOSX/RESECT/NIFTI/Case24/Landmarks/._Case24-beforeUS-duringUS.tag | s3://archive-ro/5686d8fa-2003-4837-8e66-8e887fabe21e/__MACOSX/RESECT/NIFTI/Case24/Landmarks/._Case24-beforeUS-duringUS.tag | __MACOSX/RESECT/NIFTI/Case24/Landmarks/._Case24-beforeUS-duringUS.tag |  AppleDouble encoded Macintosh file | 239 | 2017-05-24 | bc7d0612897340764fc4df1f2bded9f3
https://data.archive.sigma2.no/dataset/5686d8fa-2003-4837-8e66-8e887fabe21e/download/__MACOSX/RESECT/NIFTI/Case24/Landmarks/._Case24-MRI-afterUS.tag | s3://archive-ro/5686d8fa-2003-4837-8e66-8e887fabe21e/__MACOSX/RESECT/NIFTI/Case24/Landmarks/._Case24-MRI-afterUS.tag | __MACOSX/RESECT/NIFTI/Case24/Landmarks/._Case24-MRI-afterUS.tag |  AppleDouble encoded Macintosh file | 239 | 2017-05-24 | 91535201c1a2aa30d346a523b381c50d
https://data.archive.sigma2.no/dataset/5686d8fa-2003-4837-8e66-8e887fabe21e/download/__MACOSX/RESECT/NIFTI/Case24/Landmarks/._Case24-MRI-beforeUS.tag | s3://archive-ro/5686d8fa-2003-4837-8e66-8e887fabe21e/__MACOSX/RESECT/NIFTI/Case24/Landmarks/._Case24-MRI-beforeUS.tag | __MACOSX/RESECT/NIFTI/Case24/Landmarks/._Case24-MRI-beforeUS.tag |  AppleDouble encoded Macintosh file | 239 | 2017-05-24 | c78bc547366bd97e98bcec910fb6d61e
https://data.archive.sigma2.no/dataset/5686d8fa-2003-4837-8e66-8e887fabe21e/download/__MACOSX/RESECT/NIFTI/Case25/._.DS_Store | s3://archive-ro/5686d8fa-2003-4837-8e66-8e887fabe21e/__MACOSX/RESECT/NIFTI/Case25/._.DS_Store | __MACOSX/RESECT/NIFTI/Case25/._.DS_Store |  AppleDouble encoded Macintosh file | 120 | 2017-05-24 | f0d9d90674bab5908378533975df5a01
https://data.archive.sigma2.no/dataset/5686d8fa-2003-4837-8e66-8e887fabe21e/download/__MACOSX/RESECT/NIFTI/Case25/Landmarks/._Case25-beforeUS-afterUS.tag | s3://archive-ro/5686d8fa-2003-4837-8e66-8e887fabe21e/__MACOSX/RESECT/NIFTI/Case25/Landmarks/._Case25-beforeUS-afterUS.tag | __MACOSX/RESECT/NIFTI/Case25/Landmarks/._Case25-beforeUS-afterUS.tag |  AppleDouble encoded Macintosh file | 239 | 2017-05-24 | 3a01944d735e61b4c5dfab146c5bfa7b
https://data.archive.sigma2.no/dataset/5686d8fa-2003-4837-8e66-8e887fabe21e/download/__MACOSX/RESECT/NIFTI/Case25/Landmarks/._Case25-beforeUS-duringUS-full.tag | s3://archive-ro/5686d8fa-2003-4837-8e66-8e887fabe21e/__MACOSX/RESECT/NIFTI/Case25/Landmarks/._Case25-beforeUS-duringUS-full.tag | __MACOSX/RESECT/NIFTI/Case25/Landmarks/._Case25-beforeUS-duringUS-full.tag |  AppleDouble encoded Macintosh file | 239 | 2017-05-24 | 97d41554ad73d03350c9c6b1d7a710a5
https://data.archive.sigma2.no/dataset/5686d8fa-2003-4837-8e66-8e887fabe21e/download/__MACOSX/RESECT/NIFTI/Case25/Landmarks/._Case25-beforeUS-duringUS.tag | s3://archive-ro/5686d8fa-2003-4837-8e66-8e887fabe21e/__MACOSX/RESECT/NIFTI/Case25/Landmarks/._Case25-beforeUS-duringUS.tag | __MACOSX/RESECT/NIFTI/Case25/Landmarks/._Case25-beforeUS-duringUS.tag |  AppleDouble encoded Macintosh file | 239 | 2017-05-24 | 88ca39cfabbc9c8e20bbcb8599e868fb
https://data.archive.sigma2.no/dataset/5686d8fa-2003-4837-8e66-8e887fabe21e/download/__MACOSX/RESECT/NIFTI/Case25/Landmarks/._Case25-MRI-afterUS.tag | s3://archive-ro/5686d8fa-2003-4837-8e66-8e887fabe21e/__MACOSX/RESECT/NIFTI/Case25/Landmarks/._Case25-MRI-afterUS.tag | __MACOSX/RESECT/NIFTI/Case25/Landmarks/._Case25-MRI-afterUS.tag |  AppleDouble encoded Macintosh file | 239 | 2017-05-24 | eb663a1e7943aa6c112b80ecb0212048
https://data.archive.sigma2.no/dataset/5686d8fa-2003-4837-8e66-8e887fabe21e/download/__MACOSX/RESECT/NIFTI/Case25/Landmarks/._Case25-MRI-beforeUS.tag | s3://archive-ro/5686d8fa-2003-4837-8e66-8e887fabe21e/__MACOSX/RESECT/NIFTI/Case25/Landmarks/._Case25-MRI-beforeUS.tag | __MACOSX/RESECT/NIFTI/Case25/Landmarks/._Case25-MRI-beforeUS.tag |  AppleDouble encoded Macintosh file | 239 | 2017-05-24 | ee5685ed4ecf63441ce5734f2d124849
https://data.archive.sigma2.no/dataset/5686d8fa-2003-4837-8e66-8e887fabe21e/download/__MACOSX/RESECT/NIFTI/Case26/._.DS_Store | s3://archive-ro/5686d8fa-2003-4837-8e66-8e887fabe21e/__MACOSX/RESECT/NIFTI/Case26/._.DS_Store | __MACOSX/RESECT/NIFTI/Case26/._.DS_Store |  AppleDouble encoded Macintosh file | 120 | 2017-05-24 | f0d9d90674bab5908378533975df5a01
https://data.archive.sigma2.no/dataset/5686d8fa-2003-4837-8e66-8e887fabe21e/download/__MACOSX/RESECT/NIFTI/Case26/Landmarks/._Case26-MRI-beforeUS.tag | s3://archive-ro/5686d8fa-2003-4837-8e66-8e887fabe21e/__MACOSX/RESECT/NIFTI/Case26/Landmarks/._Case26-MRI-beforeUS.tag | __MACOSX/RESECT/NIFTI/Case26/Landmarks/._Case26-MRI-beforeUS.tag |  AppleDouble encoded Macintosh file | 239 | 2017-05-24 | d897756ceb31deba28049e8c5629149b
https://data.archive.sigma2.no/dataset/5686d8fa-2003-4837-8e66-8e887fabe21e/download/__MACOSX/RESECT/NIFTI/Case27/._.DS_Store | s3://archive-ro/5686d8fa-2003-4837-8e66-8e887fabe21e/__MACOSX/RESECT/NIFTI/Case27/._.DS_Store | __MACOSX/RESECT/NIFTI/Case27/._.DS_Store |  AppleDouble encoded Macintosh file | 120 | 2017-05-24 | f0d9d90674bab5908378533975df5a01
https://data.archive.sigma2.no/dataset/5686d8fa-2003-4837-8e66-8e887fabe21e/download/__MACOSX/RESECT/NIFTI/Case27/Landmarks/._Case27-beforeUS-afterUS.tag | s3://archive-ro/5686d8fa-2003-4837-8e66-8e887fabe21e/__MACOSX/RESECT/NIFTI/Case27/Landmarks/._Case27-beforeUS-afterUS.tag | __MACOSX/RESECT/NIFTI/Case27/Landmarks/._Case27-beforeUS-afterUS.tag |  AppleDouble encoded Macintosh file | 239 | 2017-05-24 | be08336b93bd9fbba8d3486fb417b010
https://data.archive.sigma2.no/dataset/5686d8fa-2003-4837-8e66-8e887fabe21e/download/__MACOSX/RESECT/NIFTI/Case27/Landmarks/._Case27-beforeUS-duringUS-full.tag | s3://archive-ro/5686d8fa-2003-4837-8e66-8e887fabe21e/__MACOSX/RESECT/NIFTI/Case27/Landmarks/._Case27-beforeUS-duringUS-full.tag | __MACOSX/RESECT/NIFTI/Case27/Landmarks/._Case27-beforeUS-duringUS-full.tag |  AppleDouble encoded Macintosh file | 239 | 2017-05-24 | 795597c21de9a28abf99a185c83425ac
https://data.archive.sigma2.no/dataset/5686d8fa-2003-4837-8e66-8e887fabe21e/download/__MACOSX/RESECT/NIFTI/Case27/Landmarks/._Case27-beforeUS-duringUS.tag | s3://archive-ro/5686d8fa-2003-4837-8e66-8e887fabe21e/__MACOSX/RESECT/NIFTI/Case27/Landmarks/._Case27-beforeUS-duringUS.tag | __MACOSX/RESECT/NIFTI/Case27/Landmarks/._Case27-beforeUS-duringUS.tag |  AppleDouble encoded Macintosh file | 239 | 2017-05-24 | 209ec26431a5f10489c6367e8a7b4173
https://data.archive.sigma2.no/dataset/5686d8fa-2003-4837-8e66-8e887fabe21e/download/__MACOSX/RESECT/NIFTI/Case27/Landmarks/._Case27-MRI-afterUS.tag | s3://archive-ro/5686d8fa-2003-4837-8e66-8e887fabe21e/__MACOSX/RESECT/NIFTI/Case27/Landmarks/._Case27-MRI-afterUS.tag | __MACOSX/RESECT/NIFTI/Case27/Landmarks/._Case27-MRI-afterUS.tag |  AppleDouble encoded Macintosh file | 239 | 2017-05-24 | 2822336eb9874b6dc6ee5a4375a21cde
https://data.archive.sigma2.no/dataset/5686d8fa-2003-4837-8e66-8e887fabe21e/download/__MACOSX/RESECT/NIFTI/Case27/Landmarks/._Case27-MRI-beforeUS.tag | s3://archive-ro/5686d8fa-2003-4837-8e66-8e887fabe21e/__MACOSX/RESECT/NIFTI/Case27/Landmarks/._Case27-MRI-beforeUS.tag | __MACOSX/RESECT/NIFTI/Case27/Landmarks/._Case27-MRI-beforeUS.tag |  AppleDouble encoded Macintosh file | 239 | 2017-05-24 | a16dcf66d491562fda44a3e12a1f6b14
https://data.archive.sigma2.no/dataset/5686d8fa-2003-4837-8e66-8e887fabe21e/download/__MACOSX/RESECT/NIFTI/Case27/MRI/._.DS_Store | s3://archive-ro/5686d8fa-2003-4837-8e66-8e887fabe21e/__MACOSX/RESECT/NIFTI/Case27/MRI/._.DS_Store | __MACOSX/RESECT/NIFTI/Case27/MRI/._.DS_Store |  AppleDouble encoded Macintosh file | 120 | 2017-05-24 | f0d9d90674bab5908378533975df5a01
https://data.archive.sigma2.no/dataset/5686d8fa-2003-4837-8e66-8e887fabe21e/download/__MACOSX/RESECT/NIFTI/Case3/._.DS_Store | s3://archive-ro/5686d8fa-2003-4837-8e66-8e887fabe21e/__MACOSX/RESECT/NIFTI/Case3/._.DS_Store | __MACOSX/RESECT/NIFTI/Case3/._.DS_Store |  AppleDouble encoded Macintosh file | 120 | 2017-05-24 | f0d9d90674bab5908378533975df5a01
https://data.archive.sigma2.no/dataset/5686d8fa-2003-4837-8e66-8e887fabe21e/download/__MACOSX/RESECT/NIFTI/Case3/Landmarks/._Case3-beforeUS-afterUS.tag | s3://archive-ro/5686d8fa-2003-4837-8e66-8e887fabe21e/__MACOSX/RESECT/NIFTI/Case3/Landmarks/._Case3-beforeUS-afterUS.tag | __MACOSX/RESECT/NIFTI/Case3/Landmarks/._Case3-beforeUS-afterUS.tag |  AppleDouble encoded Macintosh file | 239 | 2017-05-24 | e641e6260e5f5abd6e4a2f6c38558646
https://data.archive.sigma2.no/dataset/5686d8fa-2003-4837-8e66-8e887fabe21e/download/__MACOSX/RESECT/NIFTI/Case3/Landmarks/._Case3-beforeUS-duringUS-full.tag | s3://archive-ro/5686d8fa-2003-4837-8e66-8e887fabe21e/__MACOSX/RESECT/NIFTI/Case3/Landmarks/._Case3-beforeUS-duringUS-full.tag | __MACOSX/RESECT/NIFTI/Case3/Landmarks/._Case3-beforeUS-duringUS-full.tag |  AppleDouble encoded Macintosh file | 239 | 2017-05-24 | 9187f86543ef04bea53d2139c0a361d4
https://data.archive.sigma2.no/dataset/5686d8fa-2003-4837-8e66-8e887fabe21e/download/__MACOSX/RESECT/NIFTI/Case3/Landmarks/._Case3-beforeUS-duringUS.tag | s3://archive-ro/5686d8fa-2003-4837-8e66-8e887fabe21e/__MACOSX/RESECT/NIFTI/Case3/Landmarks/._Case3-beforeUS-duringUS.tag | __MACOSX/RESECT/NIFTI/Case3/Landmarks/._Case3-beforeUS-duringUS.tag |  AppleDouble encoded Macintosh file | 239 | 2017-05-24 | 99b333fe8b2c0b8121c22784f93a99af
https://data.archive.sigma2.no/dataset/5686d8fa-2003-4837-8e66-8e887fabe21e/download/__MACOSX/RESECT/NIFTI/Case3/Landmarks/._Case3-MRI-afterUS.tag | s3://archive-ro/5686d8fa-2003-4837-8e66-8e887fabe21e/__MACOSX/RESECT/NIFTI/Case3/Landmarks/._Case3-MRI-afterUS.tag | __MACOSX/RESECT/NIFTI/Case3/Landmarks/._Case3-MRI-afterUS.tag |  AppleDouble encoded Macintosh file | 239 | 2017-05-24 | 32d24b64a65ec0d214607dff524a0466
https://data.archive.sigma2.no/dataset/5686d8fa-2003-4837-8e66-8e887fabe21e/download/__MACOSX/RESECT/NIFTI/Case3/Landmarks/._Case3-MRI-beforeUS.tag | s3://archive-ro/5686d8fa-2003-4837-8e66-8e887fabe21e/__MACOSX/RESECT/NIFTI/Case3/Landmarks/._Case3-MRI-beforeUS.tag | __MACOSX/RESECT/NIFTI/Case3/Landmarks/._Case3-MRI-beforeUS.tag |  AppleDouble encoded Macintosh file | 239 | 2017-05-24 | c132b0ad39c138cc06c74e913cab443f
https://data.archive.sigma2.no/dataset/5686d8fa-2003-4837-8e66-8e887fabe21e/download/__MACOSX/RESECT/NIFTI/Case4/._.DS_Store | s3://archive-ro/5686d8fa-2003-4837-8e66-8e887fabe21e/__MACOSX/RESECT/NIFTI/Case4/._.DS_Store | __MACOSX/RESECT/NIFTI/Case4/._.DS_Store |  AppleDouble encoded Macintosh file | 120 | 2017-05-24 | f0d9d90674bab5908378533975df5a01
https://data.archive.sigma2.no/dataset/5686d8fa-2003-4837-8e66-8e887fabe21e/download/__MACOSX/RESECT/NIFTI/Case4/Landmarks/._Case4-beforeUS-afterUS.tag | s3://archive-ro/5686d8fa-2003-4837-8e66-8e887fabe21e/__MACOSX/RESECT/NIFTI/Case4/Landmarks/._Case4-beforeUS-afterUS.tag | __MACOSX/RESECT/NIFTI/Case4/Landmarks/._Case4-beforeUS-afterUS.tag |  AppleDouble encoded Macintosh file | 239 | 2017-05-24 | 0efdb381c15469fc7daa82199fb18548
https://data.archive.sigma2.no/dataset/5686d8fa-2003-4837-8e66-8e887fabe21e/download/__MACOSX/RESECT/NIFTI/Case4/Landmarks/._Case4-beforeUS-duringUS-full.tag | s3://archive-ro/5686d8fa-2003-4837-8e66-8e887fabe21e/__MACOSX/RESECT/NIFTI/Case4/Landmarks/._Case4-beforeUS-duringUS-full.tag | __MACOSX/RESECT/NIFTI/Case4/Landmarks/._Case4-beforeUS-duringUS-full.tag |  AppleDouble encoded Macintosh file | 239 | 2017-05-24 | f2b504ddeb80e8b33507880c10ef0112
https://data.archive.sigma2.no/dataset/5686d8fa-2003-4837-8e66-8e887fabe21e/download/__MACOSX/RESECT/NIFTI/Case4/Landmarks/._Case4-beforeUS-duringUS.tag | s3://archive-ro/5686d8fa-2003-4837-8e66-8e887fabe21e/__MACOSX/RESECT/NIFTI/Case4/Landmarks/._Case4-beforeUS-duringUS.tag | __MACOSX/RESECT/NIFTI/Case4/Landmarks/._Case4-beforeUS-duringUS.tag |  AppleDouble encoded Macintosh file | 239 | 2017-05-24 | 594b87e0aed2423a8f4640ae93d6f983
https://data.archive.sigma2.no/dataset/5686d8fa-2003-4837-8e66-8e887fabe21e/download/__MACOSX/RESECT/NIFTI/Case4/Landmarks/._Case4-MRI-afterUS.tag | s3://archive-ro/5686d8fa-2003-4837-8e66-8e887fabe21e/__MACOSX/RESECT/NIFTI/Case4/Landmarks/._Case4-MRI-afterUS.tag | __MACOSX/RESECT/NIFTI/Case4/Landmarks/._Case4-MRI-afterUS.tag |  AppleDouble encoded Macintosh file | 239 | 2017-05-24 | f89390900c4b5a07c2fe3d0a777adab5
https://data.archive.sigma2.no/dataset/5686d8fa-2003-4837-8e66-8e887fabe21e/download/__MACOSX/RESECT/NIFTI/Case4/Landmarks/._Case4-MRI-beforeUS.tag | s3://archive-ro/5686d8fa-2003-4837-8e66-8e887fabe21e/__MACOSX/RESECT/NIFTI/Case4/Landmarks/._Case4-MRI-beforeUS.tag | __MACOSX/RESECT/NIFTI/Case4/Landmarks/._Case4-MRI-beforeUS.tag |  AppleDouble encoded Macintosh file | 239 | 2017-05-24 | a5232345a49005bdf147033a2248d01f
https://data.archive.sigma2.no/dataset/5686d8fa-2003-4837-8e66-8e887fabe21e/download/__MACOSX/RESECT/NIFTI/Case5/._.DS_Store | s3://archive-ro/5686d8fa-2003-4837-8e66-8e887fabe21e/__MACOSX/RESECT/NIFTI/Case5/._.DS_Store | __MACOSX/RESECT/NIFTI/Case5/._.DS_Store |  AppleDouble encoded Macintosh file | 120 | 2017-05-24 | f0d9d90674bab5908378533975df5a01
https://data.archive.sigma2.no/dataset/5686d8fa-2003-4837-8e66-8e887fabe21e/download/__MACOSX/RESECT/NIFTI/Case5/Landmarks/._Case5-MRI-beforeUS.tag | s3://archive-ro/5686d8fa-2003-4837-8e66-8e887fabe21e/__MACOSX/RESECT/NIFTI/Case5/Landmarks/._Case5-MRI-beforeUS.tag | __MACOSX/RESECT/NIFTI/Case5/Landmarks/._Case5-MRI-beforeUS.tag |  AppleDouble encoded Macintosh file | 239 | 2017-05-24 | 1fa71ab7e1200c4df382d361ef79abb9
https://data.archive.sigma2.no/dataset/5686d8fa-2003-4837-8e66-8e887fabe21e/download/__MACOSX/RESECT/NIFTI/Case6/._.DS_Store | s3://archive-ro/5686d8fa-2003-4837-8e66-8e887fabe21e/__MACOSX/RESECT/NIFTI/Case6/._.DS_Store | __MACOSX/RESECT/NIFTI/Case6/._.DS_Store |  AppleDouble encoded Macintosh file | 120 | 2017-05-24 | f0d9d90674bab5908378533975df5a01
https://data.archive.sigma2.no/dataset/5686d8fa-2003-4837-8e66-8e887fabe21e/download/__MACOSX/RESECT/NIFTI/Case6/Landmarks/._Case6-beforeUS-afterUS.tag | s3://archive-ro/5686d8fa-2003-4837-8e66-8e887fabe21e/__MACOSX/RESECT/NIFTI/Case6/Landmarks/._Case6-beforeUS-afterUS.tag | __MACOSX/RESECT/NIFTI/Case6/Landmarks/._Case6-beforeUS-afterUS.tag |  AppleDouble encoded Macintosh file | 239 | 2017-05-24 | 1797c2877d7d74d0e1e2272e8977fdbb
https://data.archive.sigma2.no/dataset/5686d8fa-2003-4837-8e66-8e887fabe21e/download/__MACOSX/RESECT/NIFTI/Case6/Landmarks/._Case6-beforeUS-duringUS-full.tag | s3://archive-ro/5686d8fa-2003-4837-8e66-8e887fabe21e/__MACOSX/RESECT/NIFTI/Case6/Landmarks/._Case6-beforeUS-duringUS-full.tag | __MACOSX/RESECT/NIFTI/Case6/Landmarks/._Case6-beforeUS-duringUS-full.tag |  AppleDouble encoded Macintosh file | 239 | 2017-05-24 | 82699015767b306c7f69e7f568f19b0a
https://data.archive.sigma2.no/dataset/5686d8fa-2003-4837-8e66-8e887fabe21e/download/__MACOSX/RESECT/NIFTI/Case6/Landmarks/._Case6-beforeUS-duringUS.tag | s3://archive-ro/5686d8fa-2003-4837-8e66-8e887fabe21e/__MACOSX/RESECT/NIFTI/Case6/Landmarks/._Case6-beforeUS-duringUS.tag | __MACOSX/RESECT/NIFTI/Case6/Landmarks/._Case6-beforeUS-duringUS.tag |  AppleDouble encoded Macintosh file | 239 | 2017-05-24 | 1990a8776dbbf6297427caffd3c4d726
https://data.archive.sigma2.no/dataset/5686d8fa-2003-4837-8e66-8e887fabe21e/download/__MACOSX/RESECT/NIFTI/Case6/Landmarks/._Case6-MRI-afterUS.tag | s3://archive-ro/5686d8fa-2003-4837-8e66-8e887fabe21e/__MACOSX/RESECT/NIFTI/Case6/Landmarks/._Case6-MRI-afterUS.tag | __MACOSX/RESECT/NIFTI/Case6/Landmarks/._Case6-MRI-afterUS.tag |  AppleDouble encoded Macintosh file | 239 | 2017-05-24 | 1a25c66cdf13c6d271c4ad1adfa1fe81
https://data.archive.sigma2.no/dataset/5686d8fa-2003-4837-8e66-8e887fabe21e/download/__MACOSX/RESECT/NIFTI/Case6/Landmarks/._Case6-MRI-beforeUS.tag | s3://archive-ro/5686d8fa-2003-4837-8e66-8e887fabe21e/__MACOSX/RESECT/NIFTI/Case6/Landmarks/._Case6-MRI-beforeUS.tag | __MACOSX/RESECT/NIFTI/Case6/Landmarks/._Case6-MRI-beforeUS.tag |  AppleDouble encoded Macintosh file | 239 | 2017-05-24 | d81778f0075886540658b778ca0551d2
https://data.archive.sigma2.no/dataset/5686d8fa-2003-4837-8e66-8e887fabe21e/download/__MACOSX/RESECT/NIFTI/Case7/._.DS_Store | s3://archive-ro/5686d8fa-2003-4837-8e66-8e887fabe21e/__MACOSX/RESECT/NIFTI/Case7/._.DS_Store | __MACOSX/RESECT/NIFTI/Case7/._.DS_Store |  AppleDouble encoded Macintosh file | 120 | 2017-05-24 | f0d9d90674bab5908378533975df5a01
https://data.archive.sigma2.no/dataset/5686d8fa-2003-4837-8e66-8e887fabe21e/download/__MACOSX/RESECT/NIFTI/Case7/Landmarks/._Case7-beforeUS-afterUS.tag | s3://archive-ro/5686d8fa-2003-4837-8e66-8e887fabe21e/__MACOSX/RESECT/NIFTI/Case7/Landmarks/._Case7-beforeUS-afterUS.tag | __MACOSX/RESECT/NIFTI/Case7/Landmarks/._Case7-beforeUS-afterUS.tag |  AppleDouble encoded Macintosh file | 239 | 2017-05-24 | af0469e9aeb56830025b33090da34fca
https://data.archive.sigma2.no/dataset/5686d8fa-2003-4837-8e66-8e887fabe21e/download/__MACOSX/RESECT/NIFTI/Case7/Landmarks/._Case7-beforeUS-duringUS-full.tag | s3://archive-ro/5686d8fa-2003-4837-8e66-8e887fabe21e/__MACOSX/RESECT/NIFTI/Case7/Landmarks/._Case7-beforeUS-duringUS-full.tag | __MACOSX/RESECT/NIFTI/Case7/Landmarks/._Case7-beforeUS-duringUS-full.tag |  AppleDouble encoded Macintosh file | 239 | 2017-05-24 | 43e3b26824165b5f803de6773e6c0bca
https://data.archive.sigma2.no/dataset/5686d8fa-2003-4837-8e66-8e887fabe21e/download/__MACOSX/RESECT/NIFTI/Case7/Landmarks/._Case7-beforeUS-duringUS.tag | s3://archive-ro/5686d8fa-2003-4837-8e66-8e887fabe21e/__MACOSX/RESECT/NIFTI/Case7/Landmarks/._Case7-beforeUS-duringUS.tag | __MACOSX/RESECT/NIFTI/Case7/Landmarks/._Case7-beforeUS-duringUS.tag |  AppleDouble encoded Macintosh file | 239 | 2017-05-24 | 0799e0d8b14f6c54ac1b16879cdafd01
https://data.archive.sigma2.no/dataset/5686d8fa-2003-4837-8e66-8e887fabe21e/download/__MACOSX/RESECT/NIFTI/Case7/Landmarks/._Case7-MRI-afterUS.tag | s3://archive-ro/5686d8fa-2003-4837-8e66-8e887fabe21e/__MACOSX/RESECT/NIFTI/Case7/Landmarks/._Case7-MRI-afterUS.tag | __MACOSX/RESECT/NIFTI/Case7/Landmarks/._Case7-MRI-afterUS.tag |  AppleDouble encoded Macintosh file | 239 | 2017-05-24 | 2dbf7eaf3f36a3ae67e9627bf1e95cc1
https://data.archive.sigma2.no/dataset/5686d8fa-2003-4837-8e66-8e887fabe21e/download/__MACOSX/RESECT/NIFTI/Case7/Landmarks/._Case7-MRI-beforeUS.tag | s3://archive-ro/5686d8fa-2003-4837-8e66-8e887fabe21e/__MACOSX/RESECT/NIFTI/Case7/Landmarks/._Case7-MRI-beforeUS.tag | __MACOSX/RESECT/NIFTI/Case7/Landmarks/._Case7-MRI-beforeUS.tag |  AppleDouble encoded Macintosh file | 239 | 2017-05-24 | b5362c8bb039cd127007fb8fc4cb923d
https://data.archive.sigma2.no/dataset/5686d8fa-2003-4837-8e66-8e887fabe21e/download/__MACOSX/RESECT/NIFTI/Case8/._.DS_Store | s3://archive-ro/5686d8fa-2003-4837-8e66-8e887fabe21e/__MACOSX/RESECT/NIFTI/Case8/._.DS_Store | __MACOSX/RESECT/NIFTI/Case8/._.DS_Store |  AppleDouble encoded Macintosh file | 120 | 2017-05-24 | f0d9d90674bab5908378533975df5a01
https://data.archive.sigma2.no/dataset/5686d8fa-2003-4837-8e66-8e887fabe21e/download/__MACOSX/RESECT/NIFTI/Case8/Landmarks/._Case8-MRI-afterUS.tag | s3://archive-ro/5686d8fa-2003-4837-8e66-8e887fabe21e/__MACOSX/RESECT/NIFTI/Case8/Landmarks/._Case8-MRI-afterUS.tag | __MACOSX/RESECT/NIFTI/Case8/Landmarks/._Case8-MRI-afterUS.tag |  AppleDouble encoded Macintosh file | 239 | 2017-05-24 | f541800cad4a78cc2f4e83ec2e31d439
https://data.archive.sigma2.no/dataset/5686d8fa-2003-4837-8e66-8e887fabe21e/download/__MACOSX/RESECT/NIFTI/Case8/Landmarks/._Case8-MRI-beforeUS.tag | s3://archive-ro/5686d8fa-2003-4837-8e66-8e887fabe21e/__MACOSX/RESECT/NIFTI/Case8/Landmarks/._Case8-MRI-beforeUS.tag | __MACOSX/RESECT/NIFTI/Case8/Landmarks/._Case8-MRI-beforeUS.tag |  AppleDouble encoded Macintosh file | 239 | 2017-05-24 | 5d41906d1c46d9929275ae250388aaaa
https://data.archive.sigma2.no/dataset/5686d8fa-2003-4837-8e66-8e887fabe21e/download/__MACOSX/._Case12-T1.mnc.gz | s3://archive-ro/5686d8fa-2003-4837-8e66-8e887fabe21e/__MACOSX/._Case12-T1.mnc.gz | __MACOSX/._Case12-T1.mnc.gz |  AppleDouble encoded Macintosh file | 216 | 2017-05-24 | 1f7bd5ff6e063ad5bd3abea5117b6795
https://data.archive.sigma2.no/dataset/5686d8fa-2003-4837-8e66-8e887fabe21e/download/__MACOSX/._Case12-T1.nii.gz | s3://archive-ro/5686d8fa-2003-4837-8e66-8e887fabe21e/__MACOSX/._Case12-T1.nii.gz | __MACOSX/._Case12-T1.nii.gz |  AppleDouble encoded Macintosh file | 216 | 2017-05-24 | 1f7bd5ff6e063ad5bd3abea5117b6795
https://data.archive.sigma2.no/dataset/5686d8fa-2003-4837-8e66-8e887fabe21e/download/__MACOSX/._Case1-FLAIR.mnc.gz | s3://archive-ro/5686d8fa-2003-4837-8e66-8e887fabe21e/__MACOSX/._Case1-FLAIR.mnc.gz | __MACOSX/._Case1-FLAIR.mnc.gz |  AppleDouble encoded Macintosh file | 216 | 2017-05-24 | 1f7bd5ff6e063ad5bd3abea5117b6795
